11/02/2010 06:00:00,0.71985,11/02/2010 11:00:00,0.71985,@AD,-1,1,0.00,580.0000,0.0000,
18/02/2010 06:00:00,0.72785,19/02/2010 12:00:00,0.72785,@AD,-1,1,0.00,880.0000,-590.0000,
25/02/2010 06:00:00,0.72195,25/02/2010 20:00:00,0.72195,@AD,-1,1,0.00,1010.0000,-30.0000,
11/03/2010 06:00:00,0.74905,11/03/2010 18:00:00,0.74905,@AD,-1,1,0.00,510.0000,-50.0000,
01/04/2010 06:00:00,0.75255,04/04/2010 20:00:00,0.75555,@AD,-1,1,-300.00,80.0000,-430.0000,
29/04/2010 06:00:00,0.76525,02/05/2010 20:00:00,0.76335,@AD,-1,1,190.00,480.0000,-490.0000,
13/05/2010 06:00:00,0.73765,16/05/2010 20:00:00,0.72415,@AD,-1,1,1350.00,1430.0000,-380.0000,
20/05/2010 06:00:00,0.67025,20/05/2010 07:00:00,0.67025,@AD,-1,1,0.00,400.0000,-100.0000,
03/06/2010 06:00:00,0.69155,04/06/2010 14:00:00,0.66405,@AD,-1,1,2750.00,2730.0000,-20.0000,
24/06/2010 06:00:00,0.71305,24/06/2010 13:00:00,0.71305,@AD,-1,1,0.00,640.0000,-100.0000,
01/07/2010 06:00:00,0.68195,04/07/2010 20:00:00,0.68315,@AD,-1,1,-120.00,380.0000,-1260.0000,
08/07/2010 06:00:00,0.71905,08/07/2010 15:00:00,0.71905,@AD,-1,1,0.00,610.0000,-390.0000,
15/07/2010 06:00:00,0.72605,15/07/2010 13:00:00,0.72605,@AD,-1,1,0.00,900.0000,-300.0000,
22/07/2010 06:00:00,0.72975,25/07/2010 20:00:00,0.74085,@AD,-1,1,-1110.00,60.0000,-1250.0000,
05/08/2010 06:00:00,0.76165,08/08/2010 20:00:00,0.76405,@AD,-1,1,-240.00,350.0000,-710.0000,
12/08/2010 06:00:00,0.74085,15/08/2010 20:00:00,0.73985,@AD,-1,1,100.00,210.0000,-1000.0000,
19/08/2010 06:00:00,0.74805,22/08/2010 20:00:00,0.73665,@AD,-1,1,1140.00,1580.0000,-180.0000,
26/08/2010 06:00:00,0.73555,29/08/2010 20:00:00,0.75055,@AD,-1,1,-1500.00,220.0000,-1680.0000,
02/09/2010 06:00:00,0.75895,05/09/2010 20:00:00,0.76545,@AD,-1,1,-650.00,270.0000,-820.0000,
09/09/2010 06:00:00,0.77585,10/09/2010 06:00:00,0.77585,@AD,-1,1,0.00,520.0000,-250.0000,
16/09/2010 06:00:00,0.78835,16/09/2010 21:00:00,0.78835,@AD,-1,1,0.00,460.0000,-200.0000,
23/09/2010 06:00:00,0.80145,26/09/2010 20:00:00,0.81115,@AD,-1,1,-970.00,380.0000,-1230.0000,
30/09/2010 06:00:00,0.82175,30/09/2010 21:00:00,0.82175,@AD,-1,1,0.00,740.0000,-360.0000,
07/10/2010 06:00:00,0.84155,10/10/2010 18:00:00,0.84265,@AD,-1,1,-110.00,1790.0000,-290.0000,
14/10/2010 06:00:00,0.85015,15/10/2010 02:00:00,0.85015,@AD,-1,1,0.00,770.0000,-110.0000,
21/10/2010 06:00:00,0.84035,24/10/2010 20:00:00,0.83915,@AD,-1,1,120.00,1180.0000,-310.0000,
28/10/2010 06:00:00,0.83245,29/10/2010 08:00:00,0.83245,@AD,-1,1,0.00,930.0000,-480.0000,
18/11/2010 06:00:00,0.84535,19/11/2010 05:00:00,0.84535,@AD,-1,1,0.00,650.0000,-350.0000,
02/12/2010 06:00:00,0.82725,02/12/2010 09:00:00,0.82725,@AD,-1,1,0.00,500.0000,-80.0000,
09/12/2010 06:00:00,0.84395,12/12/2010 20:00:00,0.84455,@AD,-1,1,-60.00,320.0000,-550.0000,
16/12/2010 06:00:00,0.84815,16/12/2010 12:00:00,0.84815,@AD,-1,1,0.00,460.0000,-310.0000,
23/12/2010 06:00:00,0.86605,26/12/2010 20:00:00,0.86255,@AD,-1,1,350.00,900.0000,-210.0000,
30/12/2010 06:00:00,0.87895,30/12/2010 15:00:00,0.87895,@AD,-1,1,0.00,500.0000,-50.0000,
06/01/2011 06:00:00,0.85985,07/01/2011 08:00:00,0.85985,@AD,-1,1,0.00,600.0000,-220.0000,
13/01/2011 06:00:00,0.85985,16/01/2011 20:00:00,0.85295,@AD,-1,1,690.00,1040.0000,-600.0000,
03/02/2011 06:00:00,0.87935,03/02/2011 11:00:00,0.87935,@AD,-1,1,0.00,460.0000,-140.0000,
24/02/2011 06:00:00,0.87575,27/02/2011 20:00:00,0.88345,@AD,-1,1,-770.00,200.0000,-1170.0000,
10/03/2011 06:00:00,0.87375,10/03/2011 20:00:00,0.87375,@AD,-1,1,0.00,440.0000,-60.0000,
17/03/2011 06:00:00,0.85545,17/03/2011 19:00:00,0.85545,@AD,-1,1,0.00,590.0000,-330.0000,
07/04/2011 06:00:00,0.92145,07/04/2011 20:00:00,0.92145,@AD,-1,1,0.00,680.0000,-270.0000,
21/04/2011 06:00:00,0.95125,24/04/2011 20:00:00,0.95255,@AD,-1,1,-130.00,320.0000,-190.0000,
28/04/2011 06:00:00,0.96715,28/04/2011 15:00:00,0.96715,@AD,-1,1,0.00,510.0000,-150.0000,
26/05/2011 06:00:00,0.93815,29/05/2011 20:00:00,0.94975,@AD,-1,1,-1160.00,160.0000,-1360.0000,
02/06/2011 06:00:00,0.94655,02/06/2011 12:00:00,0.94655,@AD,-1,1,0.00,610.0000,-190.0000,
30/06/2011 06:00:00,0.95665,01/07/2011 01:00:00,0.95665,@AD,-1,1,0.00,470.0000,-280.0000,
21/07/2011 06:00:00,0.95705,24/07/2011 20:00:00,0.96985,@AD,-1,1,-1280.00,50.0000,-1760.0000,
28/07/2011 06:00:00,0.99235,31/07/2011 20:00:00,0.98975,@AD,-1,1,260.00,1310.0000,-20.0000,
08/09/2011 06:00:00,0.95745,08/09/2011 21:00:00,0.95745,@AD,-1,1,0.00,710.0000,-250.0000,
15/09/2011 06:00:00,0.92175,18/09/2011 20:00:00,0.92435,@AD,-1,1,-260.00,270.0000,-1310.0000,
29/09/2011 06:00:00,0.88215,02/10/2011 20:00:00,0.86455,@AD,-1,1,1760.00,1890.0000,-260.0000,
17/11/2011 06:00:00,0.90895,18/11/2011 06:00:00,0.90895,@AD,-1,1,0.00,960.0000,-370.0000,
01/12/2011 06:00:00,0.92695,04/12/2011 20:00:00,0.92865,@AD,-1,1,-170.00,290.0000,-1020.0000,
26/01/2012 06:00:00,0.97715,27/01/2012 06:00:00,0.97715,@AD,-1,1,0.00,710.0000,-190.0000,
09/02/2012 06:00:00,0.99285,12/02/2012 20:00:00,0.98175,@AD,-1,1,1110.00,1680.0000,-180.0000,
16/02/2012 06:00:00,0.97945,19/02/2012 20:00:00,0.99265,@AD,-1,1,-1320.00,60.0000,-1550.0000,
01/03/2012 06:00:00,0.99115,04/03/2012 20:00:00,0.98775,@AD,-1,1,340.00,450.0000,-540.0000,
08/03/2012 06:00:00,0.98085,08/03/2012 14:00:00,0.98085,@AD,-1,1,0.00,620.0000,-160.0000,
15/03/2012 06:00:00,0.96505,18/03/2012 20:00:00,0.97695,@AD,-1,1,-1190.00,110.0000,-1330.0000,
12/04/2012 06:00:00,0.95855,15/04/2012 20:00:00,0.95465,@AD,-1,1,390.00,420.0000,-720.0000,
10/05/2012 06:00:00,0.93265,13/05/2012 20:00:00,0.92635,@AD,-1,1,630.00,800.0000,-570.0000,
17/05/2012 06:00:00,0.91765,20/05/2012 20:00:00,0.90865,@AD,-1,1,900.00,1330.0000,-300.0000,
07/06/2012 06:00:00,0.92135,08/06/2012 16:00:00,0.92135,@AD,-1,1,0.00,1220.0000,-590.0000,
14/06/2012 06:00:00,0.92015,17/06/2012 20:00:00,0.93805,@AD,-1,1,-1790.00,40.0000,-1980.0000,
21/06/2012 06:00:00,0.94375,24/06/2012 20:00:00,0.93125,@AD,-1,1,1250.00,1570.0000,-260.0000,
05/07/2012 06:00:00,0.95535,08/07/2012 20:00:00,0.94785,@AD,-1,1,750.00,920.0000,-570.0000,
12/07/2012 06:00:00,0.94295,12/07/2012 13:00:00,0.94295,@AD,-1,1,0.00,400.0000,-20.0000,
26/07/2012 06:00:00,0.96195,29/07/2012 20:00:00,0.97655,@AD,-1,1,-1460.00,40.0000,-1700.0000,
23/08/2012 06:00:00,0.98245,26/08/2012 20:00:00,0.97315,@AD,-1,1,930.00,1210.0000,0.0000,
30/08/2012 06:00:00,0.96675,31/08/2012 06:00:00,0.96675,@AD,-1,1,0.00,560.0000,-120.0000,
06/09/2012 06:00:00,0.95785,09/09/2012 20:00:00,0.97035,@AD,-1,1,-1250.00,230.0000,-1640.0000,
13/09/2012 06:00:00,0.97805,13/09/2012 12:00:00,0.97805,@AD,-1,1,0.00,530.0000,-250.0000,
20/09/2012 06:00:00,0.97535,23/09/2012 20:00:00,0.97925,@AD,-1,1,-390.00,230.0000,-1220.0000,
04/10/2012 06:00:00,0.95905,07/10/2012 20:00:00,0.95455,@AD,-1,1,450.00,650.0000,-560.0000,
11/10/2012 06:00:00,0.96625,14/10/2012 20:00:00,0.96035,@AD,-1,1,590.00,660.0000,-70.0000,
25/10/2012 06:00:00,0.97805,28/10/2012 20:00:00,0.97445,@AD,-1,1,360.00,830.0000,-40.0000,
01/11/2012 06:00:00,0.97705,04/11/2012 20:00:00,0.97515,@AD,-1,1,190.00,420.0000,-470.0000,
15/11/2012 06:00:00,0.97485,16/11/2012 15:00:00,0.97485,@AD,-1,1,0.00,520.0000,-100.0000,
29/11/2012 06:00:00,0.98835,02/12/2012 20:00:00,0.98195,@AD,-1,1,640.00,680.0000,-40.0000,
06/12/2012 06:00:00,0.99115,09/12/2012 20:00:00,0.99105,@AD,-1,1,10.00,250.0000,-300.0000,
13/12/2012 06:00:00,0.99775,16/12/2012 20:00:00,0.99765,@AD,-1,1,10.00,350.0000,-490.0000,
27/12/2012 06:00:00,0.98215,30/12/2012 20:00:00,0.98485,@AD,-1,1,-270.00,270.0000,-320.0000,
03/01/2013 06:00:00,0.99505,06/01/2013 18:00:00,0.99595,@AD,-1,1,-90.00,1040.0000,-280.0000,
10/01/2013 06:00:00,1.00295,13/01/2013 20:00:00,0.99845,@AD,-1,1,450.00,520.0000,-240.0000,
17/01/2013 06:00:00,0.99805,20/01/2013 20:00:00,0.99605,@AD,-1,1,200.00,340.0000,-400.0000,
24/01/2013 06:00:00,0.99735,27/01/2013 20:00:00,0.98865,@AD,-1,1,870.00,1020.0000,0.0000,
31/01/2013 06:00:00,0.98845,01/02/2013 08:00:00,0.98845,@AD,-1,1,0.00,510.0000,-390.0000,
21/02/2013 06:00:00,0.97295,24/02/2013 20:00:00,0.97785,@AD,-1,1,-490.00,190.0000,-1010.0000,
28/02/2013 06:00:00,0.97525,03/03/2013 20:00:00,0.96815,@AD,-1,1,710.00,760.0000,-70.0000,
07/03/2013 06:00:00,0.97635,10/03/2013 20:00:00,0.97205,@AD,-1,1,430.00,580.0000,-280.0000,
14/03/2013 06:00:00,0.98525,17/03/2013 20:00:00,0.98585,@AD,-1,1,-60.00,70.0000,-690.0000,
04/04/2013 06:00:00,0.99305,07/04/2013 20:00:00,0.98745,@AD,-1,1,560.00,590.0000,-460.0000,
11/04/2013 06:00:00,1.00915,14/04/2013 20:00:00,1.00375,@AD,-1,1,540.00,860.0000,-120.0000,
18/04/2013 06:00:00,0.98645,18/04/2013 22:00:00,0.98645,@AD,-1,1,0.00,520.0000,-60.0000,
02/05/2013 06:00:00,0.97705,05/05/2013 20:00:00,0.98435,@AD,-1,1,-730.00,40.0000,-990.0000,
09/05/2013 06:00:00,0.97825,12/05/2013 20:00:00,0.95365,@AD,-1,1,2460.00,2700.0000,-50.0000,
16/05/2013 06:00:00,0.93705,19/05/2013 20:00:00,0.93215,@AD,-1,1,490.00,1020.0000,-680.0000,
23/05/2013 06:00:00,0.92455,26/05/2013 20:00:00,0.91965,@AD,-1,1,490.00,560.0000,-950.0000,
06/06/2013 06:00:00,0.90665,07/06/2013 10:00:00,0.90665,@AD,-1,1,0.00,660.0000,-1800.0000,
20/06/2013 06:00:00,0.87525,23/06/2013 20:00:00,0.88215,@AD,-1,1,-690.00,130.0000,-830.0000,
27/06/2013 06:00:00,0.88735,30/06/2013 20:00:00,0.87265,@AD,-1,1,1470.00,1770.0000,-380.0000,
04/07/2013 06:00:00,0.87225,07/07/2013 20:00:00,0.86315,@AD,-1,1,910.00,930.0000,-460.0000,
11/07/2013 06:00:00,0.87965,14/07/2013 20:00:00,0.86825,@AD,-1,1,1140.00,2050.0000,-230.0000,
18/07/2013 06:00:00,0.87775,18/07/2013 18:00:00,0.87775,@AD,-1,1,0.00,410.0000,-80.0000,
25/07/2013 06:00:00,0.87575,28/07/2013 20:00:00,0.88575,@AD,-1,1,-1000.00,50.0000,-1410.0000,
01/08/2013 06:00:00,0.85875,04/08/2013 20:00:00,0.85145,@AD,-1,1,730.00,1090.0000,-120.0000,
08/08/2013 06:00:00,0.86825,11/08/2013 20:00:00,0.87905,@AD,-1,1,-1080.00,30.0000,-1460.0000,
15/08/2013 06:00:00,0.88025,16/08/2013 03:00:00,0.88025,@AD,-1,1,0.00,1290.0000,0.0000,
05/09/2013 06:00:00,0.87705,08/09/2013 20:00:00,0.88145,@AD,-1,1,-440.00,250.0000,-770.0000,
19/09/2013 06:00:00,0.91355,22/09/2013 20:00:00,0.90305,@AD,-1,1,1050.00,1360.0000,-120.0000,
10/10/2013 06:00:00,0.90795,13/10/2013 20:00:00,0.90895,@AD,-1,1,-100.00,200.0000,-490.0000,
17/10/2013 06:00:00,0.92405,20/10/2013 20:00:00,0.93075,@AD,-1,1,-670.00,40.0000,-910.0000,
24/10/2013 06:00:00,0.92725,24/10/2013 13:00:00,0.92725,@AD,-1,1,0.00,510.0000,-120.0000,
31/10/2013 06:00:00,0.91605,03/11/2013 20:00:00,0.91425,@AD,-1,1,180.00,830.0000,-210.0000,
07/11/2013 06:00:00,0.91525,10/11/2013 20:00:00,0.90405,@AD,-1,1,1120.00,1410.0000,-180.0000,
14/11/2013 06:00:00,0.89545,17/11/2013 20:00:00,0.90295,@AD,-1,1,-750.00,90.0000,-890.0000,
21/11/2013 06:00:00,0.89345,24/11/2013 20:00:00,0.88525,@AD,-1,1,820.00,1220.0000,-120.0000,
12/12/2013 06:00:00,0.87285,15/12/2013 20:00:00,0.86255,@AD,-1,1,1030.00,1410.0000,-100.0000,
19/12/2013 06:00:00,0.85485,22/12/2013 20:00:00,0.86165,@AD,-1,1,-680.00,310.0000,-710.0000,
09/01/2014 06:00:00,0.85795,12/01/2014 20:00:00,0.86835,@AD,-1,1,-1040.00,170.0000,-1330.0000,
16/01/2014 06:00:00,0.84885,19/01/2014 20:00:00,0.84645,@AD,-1,1,240.00,310.0000,-390.0000,
23/01/2014 06:00:00,0.84985,26/01/2014 20:00:00,0.84015,@AD,-1,1,970.00,1330.0000,-70.0000,
30/01/2014 06:00:00,0.84575,31/01/2014 12:00:00,0.84575,@AD,-1,1,0.00,540.0000,-740.0000,
06/02/2014 06:00:00,0.86705,09/02/2014 20:00:00,0.86635,@AD,-1,1,70.00,360.0000,-410.0000,
13/02/2014 06:00:00,0.86755,16/02/2014 20:00:00,0.87615,@AD,-1,1,-860.00,100.0000,-1000.0000,
20/02/2014 06:00:00,0.86975,23/02/2014 20:00:00,0.86845,@AD,-1,1,130.00,260.0000,-440.0000,
06/03/2014 06:00:00,0.87795,09/03/2014 20:00:00,0.87895,@AD,-1,1,-100.00,40.0000,-880.0000,
13/03/2014 06:00:00,0.88025,16/03/2014 20:00:00,0.87675,@AD,-1,1,350.00,680.0000,-380.0000,
20/03/2014 06:00:00,0.87675,23/03/2014 20:00:00,0.88345,@AD,-1,1,-670.00,310.0000,-780.0000,
27/03/2014 06:00:00,0.89805,30/03/2014 20:00:00,0.90045,@AD,-1,1,-240.00,100.0000,-600.0000,
03/04/2014 06:00:00,0.89765,06/04/2014 20:00:00,0.90365,@AD,-1,1,-600.00,150.0000,-790.0000,
10/04/2014 06:00:00,0.91925,13/04/2014 20:00:00,0.91375,@AD,-1,1,550.00,770.0000,-20.0000,
17/04/2014 06:00:00,0.91175,20/04/2014 20:00:00,0.90905,@AD,-1,1,270.00,390.0000,-10.0000,
24/04/2014 06:00:00,0.90385,27/04/2014 20:00:00,0.90355,@AD,-1,1,30.00,240.0000,-220.0000,
08/05/2014 06:00:00,0.91515,11/05/2014 20:00:00,0.91275,@AD,-1,1,240.00,340.0000,-130.0000,
22/05/2014 06:00:00,0.90305,25/05/2014 20:00:00,0.90185,@AD,-1,1,120.00,370.0000,-10.0000,
29/05/2014 06:00:00,0.90825,01/06/2014 20:00:00,0.90815,@AD,-1,1,10.00,230.0000,-310.0000,
05/06/2014 06:00:00,0.90745,08/06/2014 20:00:00,0.91295,@AD,-1,1,-550.00,50.0000,-740.0000,
26/06/2014 06:00:00,0.92155,29/06/2014 20:00:00,0.92205,@AD,-1,1,-50.00,130.0000,-330.0000,
03/07/2014 06:00:00,0.91835,06/07/2014 20:00:00,0.91695,@AD,-1,1,140.00,560.0000,-90.0000,
10/07/2014 06:00:00,0.91795,13/07/2014 20:00:00,0.91975,@AD,-1,1,-180.00,10.0000,-450.0000,
17/07/2014 06:00:00,0.91935,20/07/2014 20:00:00,0.92155,@AD,-1,1,-220.00,370.0000,-390.0000,
24/07/2014 06:00:00,0.92705,27/07/2014 20:00:00,0.92255,@AD,-1,1,450.00,530.0000,-40.0000,
31/07/2014 06:00:00,0.91265,03/08/2014 20:00:00,0.91415,@AD,-1,1,-150.00,210.0000,-400.0000,
07/08/2014 06:00:00,0.91045,10/08/2014 20:00:00,0.91125,@AD,-1,1,-80.00,310.0000,-180.0000,
21/08/2014 06:00:00,0.91215,25/08/2014,0.91575,@AD,-1,1,-360.00,20.0000,-510.0000,
04/09/2014 06:00:00,0.92015,07/09/2014 20:00:00,0.92185,@AD,-1,1,-170.00,160.0000,-540.0000,
11/09/2014 06:00:00,0.89975,14/09/2014 20:00:00,0.88715,@AD,-1,1,1260.00,1330.0000,-40.0000,
18/09/2014 06:00:00,0.88325,18/09/2014 09:00:00,0.88325,@AD,-1,1,0.00,410.0000,-90.0000,
25/09/2014 06:00:00,0.86825,25/09/2014 21:00:00,0.86825,@AD,-1,1,0.00,400.0000,-120.0000,
09/10/2014 06:00:00,0.87405,12/10/2014 20:00:00,0.85575,@AD,-1,1,1830.00,2090.0000,-250.0000,
23/10/2014 06:00:00,0.86725,24/10/2014 07:00:00,0.86725,@AD,-1,1,0.00,660.0000,-210.0000,
30/10/2014 06:00:00,0.86855,02/11/2014 20:00:00,0.86025,@AD,-1,1,830.00,830.0000,-510.0000,
06/11/2014 06:00:00,0.85085,06/11/2014 09:00:00,0.85085,@AD,-1,1,0.00,400.0000,-60.0000,
27/11/2014 06:00:00,0.84735,30/11/2014 20:00:00,0.83555,@AD,-1,1,1180.00,1390.0000,-120.0000,
04/12/2014 06:00:00,0.82875,07/12/2014 20:00:00,0.82165,@AD,-1,1,710.00,890.0000,-460.0000,
18/12/2014 06:00:00,0.80885,21/12/2014 20:00:00,0.80525,@AD,-1,1,360.00,530.0000,-230.0000,
22/01/2015 06:00:00,0.80475,25/01/2015 20:00:00,0.78245,@AD,-1,1,2230.00,2530.0000,-250.0000,
05/02/2015 06:00:00,0.77615,08/02/2015 20:00:00,0.77025,@AD,-1,1,590.00,670.0000,-610.0000,
19/02/2015 06:00:00,0.77215,22/02/2015 20:00:00,0.77905,@AD,-1,1,-690.00,10.0000,-820.0000,
12/03/2015 06:00:00,0.76315,15/03/2015 20:00:00,0.75765,@AD,-1,1,550.00,620.0000,-720.0000,
19/03/2015 06:00:00,0.76665,20/03/2015 09:00:00,0.76665,@AD,-1,1,0.00,910.0000,-70.0000,
26/03/2015 06:00:00,0.78405,29/03/2015 20:00:00,0.77045,@AD,-1,1,1360.00,1450.0000,-80.0000,
16/04/2015 06:00:00,0.77435,19/04/2015 20:00:00,0.77825,@AD,-1,1,-390.00,90.0000,-770.0000,
30/04/2015 06:00:00,0.79185,03/05/2015 20:00:00,0.78125,@AD,-1,1,1060.00,1300.0000,-40.0000,
07/05/2015 06:00:00,0.79405,08/05/2015 08:00:00,0.79405,@AD,-1,1,0.00,890.0000,-190.0000,
04/06/2015 06:00:00,0.77475,05/06/2015 08:00:00,0.77475,@AD,-1,1,0.00,830.0000,-150.0000,
25/06/2015 06:00:00,0.77495,28/06/2015 20:00:00,0.76295,@AD,-1,1,1200.00,1530.0000,-120.0000,
02/07/2015 06:00:00,0.76215,05/07/2015 20:00:00,0.74985,@AD,-1,1,1230.00,1450.0000,-390.0000,
06/08/2015 06:00:00,0.73515,09/08/2015 20:00:00,0.74255,@AD,-1,1,-740.00,20.0000,-970.0000,
13/08/2015 06:00:00,0.73685,16/08/2015 20:00:00,0.73975,@AD,-1,1,-290.00,160.0000,-590.0000,
03/09/2015 06:00:00,0.70515,04/09/2015 08:00:00,0.70515,@AD,-1,1,0.00,540.0000,-500.0000,
17/09/2015 06:00:00,0.72155,20/09/2015 20:00:00,0.72325,@AD,-1,1,-170.00,350.0000,-1050.0000,
15/10/2015 06:00:00,0.73925,15/10/2015 13:00:00,0.73925,@AD,-1,1,0.00,750.0000,-90.0000,
22/10/2015 06:00:00,0.72775,25/10/2015 20:00:00,0.72775,@AD,-1,1,0.00,360.0000,-770.0000,
29/10/2015 06:00:00,0.71485,01/11/2015 20:00:00,0.71975,@AD,-1,1,-490.00,220.0000,-600.0000,
05/11/2015 06:00:00,0.71985,08/11/2015 20:00:00,0.70935,@AD,-1,1,1050.00,1150.0000,-320.0000,
12/11/2015 06:00:00,0.71985,12/11/2015 18:00:00,0.71985,@AD,-1,1,0.00,500.0000,-40.0000,
19/11/2015 06:00:00,0.72365,22/11/2015 20:00:00,0.72795,@AD,-1,1,-430.00,180.0000,-800.0000,
03/12/2015 06:00:00,0.73965,04/12/2015 08:00:00,0.73965,@AD,-1,1,0.00,460.0000,-430.0000,
10/12/2015 06:00:00,0.73695,13/12/2015 20:00:00,0.72455,@AD,-1,1,1240.00,1360.0000,-170.0000,
17/12/2015 06:00:00,0.72735,18/12/2015 11:00:00,0.72735,@AD,-1,1,0.00,1000.0000,-120.0000,
24/12/2015 06:00:00,0.73575,27/12/2015 20:00:00,0.73465,@AD,-1,1,110.00,160.0000,-110.0000,
14/01/2016 06:00:00,0.70135,17/01/2016 20:00:00,0.69575,@AD,-1,1,560.00,960.0000,-770.0000,
21/01/2016 06:00:00,0.70015,24/01/2016 20:00:00,0.70845,@AD,-1,1,-830.00,60.0000,-1370.0000,
28/01/2016 06:00:00,0.71695,31/01/2016 20:00:00,0.71475,@AD,-1,1,220.00,320.0000,-660.0000,
11/02/2016 06:00:00,0.71405,14/02/2016 20:00:00,0.72165,@AD,-1,1,-760.00,120.0000,-870.0000,
18/02/2016 06:00:00,0.72635,21/02/2016 20:00:00,0.72585,@AD,-1,1,50.00,930.0000,-100.0000,
25/02/2016 06:00:00,0.72775,28/02/2016 20:00:00,0.72285,@AD,-1,1,490.00,650.0000,-830.0000,
10/03/2016 06:00:00,0.75845,10/03/2016 20:00:00,0.75845,@AD,-1,1,0.00,490.0000,-360.0000,
17/03/2016 06:00:00,0.77355,20/03/2016 20:00:00,0.77025,@AD,-1,1,330.00,360.0000,-550.0000,
31/03/2016 06:00:00,0.77825,01/04/2016 11:00:00,0.77825,@AD,-1,1,0.00,690.0000,-550.0000,
21/04/2016 06:00:00,0.79325,24/04/2016 20:00:00,0.78325,@AD,-1,1,1000.00,1160.0000,-250.0000,
28/04/2016 06:00:00,0.77555,01/05/2016 20:00:00,0.77415,@AD,-1,1,140.00,420.0000,-390.0000,
12/05/2016 06:00:00,0.74715,15/05/2016 20:00:00,0.74045,@AD,-1,1,670.00,910.0000,-270.0000,
19/05/2016 06:00:00,0.73365,22/05/2016 20:00:00,0.73565,@AD,-1,1,-200.00,280.0000,-460.0000,
26/05/2016 06:00:00,0.73455,29/05/2016 20:00:00,0.73135,@AD,-1,1,320.00,380.0000,-340.0000,
09/06/2016 06:00:00,0.75725,12/06/2016 20:00:00,0.75095,@AD,-1,1,630.00,690.0000,-130.0000,
16/06/2016 06:00:00,0.75055,16/06/2016 12:00:00,0.75055,@AD,-1,1,0.00,810.0000,-20.0000,
30/06/2016 06:00:00,0.75885,03/07/2016 20:00:00,0.76065,@AD,-1,1,-180.00,220.0000,-590.0000,
07/07/2016 06:00:00,0.76785,08/07/2016 08:00:00,0.76785,@AD,-1,1,0.00,620.0000,0.0000,
14/07/2016 06:00:00,0.77945,17/07/2016 20:00:00,0.77385,@AD,-1,1,560.00,870.0000,-310.0000,
28/07/2016 06:00:00,0.76855,29/07/2016 08:00:00,0.76855,@AD,-1,1,0.00,400.0000,-180.0000,
04/08/2016 06:00:00,0.77725,07/08/2016 20:00:00,0.77665,@AD,-1,1,60.00,200.0000,-470.0000,
11/08/2016 06:00:00,0.78715,12/08/2016 08:00:00,0.78715,@AD,-1,1,0.00,440.0000,-80.0000,
18/08/2016 06:00:00,0.78485,21/08/2016 20:00:00,0.77645,@AD,-1,1,840.00,910.0000,-100.0000,
01/09/2016 06:00:00,0.76925,04/09/2016 20:00:00,0.77265,@AD,-1,1,-340.00,260.0000,-850.0000,
08/09/2016 06:00:00,0.78855,11/09/2016 20:00:00,0.77045,@AD,-1,1,1810.00,1920.0000,-90.0000,
22/09/2016 06:00:00,0.78295,25/09/2016 20:00:00,0.77795,@AD,-1,1,500.00,550.0000,-100.0000,
29/09/2016 06:00:00,0.78285,30/09/2016 09:00:00,0.78285,@AD,-1,1,0.00,720.0000,-280.0000,
03/11/2016 06:00:00,0.78445,06/11/2016 20:00:00,0.78495,@AD,-1,1,-50.00,190.0000,-270.0000,
17/11/2016 06:00:00,0.76465,20/11/2016 20:00:00,0.75075,@AD,-1,1,1390.00,1560.0000,-80.0000,
01/12/2016 06:00:00,0.75665,04/12/2016 20:00:00,0.76105,@AD,-1,1,-440.00,180.0000,-800.0000,
08/12/2016 06:00:00,0.76735,09/12/2016 06:00:00,0.76735,@AD,-1,1,0.00,650.0000,-40.0000,
15/12/2016 06:00:00,0.75705,18/12/2016 20:00:00,0.74755,@AD,-1,1,950.00,1220.0000,-90.0000,
22/12/2016 06:00:00,0.73965,26/12/2016 20:00:00,0.73575,@AD,-1,1,390.00,530.0000,-180.0000,
05/01/2017 06:00:00,0.74765,08/01/2017 20:00:00,0.75045,@AD,-1,1,-280.00,60.0000,-670.0000,
12/01/2017 06:00:00,0.76865,13/01/2017 14:00:00,0.76865,@AD,-1,1,0.00,500.0000,-190.0000,
19/01/2017 06:00:00,0.77415,22/01/2017 20:00:00,0.77525,@AD,-1,1,-110.00,350.0000,-360.0000,
26/01/2017 06:00:00,0.77385,29/01/2017 20:00:00,0.77415,@AD,-1,1,-30.00,370.0000,-250.0000,
02/02/2017 06:00:00,0.78595,03/02/2017 08:00:00,0.78595,@AD,-1,1,0.00,480.0000,-280.0000,
09/02/2017 06:00:00,0.78445,12/02/2017 20:00:00,0.78565,@AD,-1,1,-120.00,350.0000,-370.0000,
16/02/2017 06:00:00,0.78885,19/02/2017 20:00:00,0.78655,@AD,-1,1,230.00,390.0000,-250.0000,
23/02/2017 06:00:00,0.78815,26/02/2017 20:00:00,0.78715,@AD,-1,1,100.00,280.0000,-540.0000,
02/03/2017 06:00:00,0.78155,05/03/2017 20:00:00,0.77775,@AD,-1,1,380.00,760.0000,-20.0000,
09/03/2017 06:00:00,0.76955,12/03/2017 20:00:00,0.77405,@AD,-1,1,-450.00,70.0000,-600.0000,
16/03/2017 06:00:00,0.78845,19/03/2017 20:00:00,0.79055,@AD,-1,1,-210.00,230.0000,-320.0000,
06/04/2017 06:00:00,0.77575,09/04/2017 20:00:00,0.77075,@AD,-1,1,500.00,630.0000,-120.0000,
13/04/2017 06:00:00,0.77835,16/04/2017 20:00:00,0.77815,@AD,-1,1,20.00,180.0000,-90.0000,
20/04/2017 06:00:00,0.77215,23/04/2017 20:00:00,0.77605,@AD,-1,1,-390.00,70.0000,-550.0000,
27/04/2017 06:00:00,0.76775,30/04/2017 20:00:00,0.76875,@AD,-1,1,-100.00,330.0000,-180.0000,
04/05/2017 06:00:00,0.76205,05/05/2017 11:00:00,0.76205,@AD,-1,1,0.00,470.0000,-40.0000,
11/05/2017 06:00:00,0.75755,14/05/2017 20:00:00,0.75995,@AD,-1,1,-240.00,170.0000,-520.0000,
25/05/2017 06:00:00,0.76795,28/05/2017 20:00:00,0.76505,@AD,-1,1,290.00,490.0000,-90.0000,
08/06/2017 06:00:00,0.77585,11/06/2017 20:00:00,0.77395,@AD,-1,1,190.00,280.0000,-20.0000,
29/06/2017 06:00:00,0.78885,02/07/2017 20:00:00,0.79015,@AD,-1,1,-130.00,210.0000,-380.0000,
20/07/2017 06:00:00,0.81165,23/07/2017 20:00:00,0.81415,@AD,-1,1,-250.00,250.0000,-690.0000,
27/07/2017 06:00:00,0.82305,30/07/2017 20:00:00,0.81995,@AD,-1,1,310.00,770.0000,-40.0000,
03/08/2017 06:00:00,0.81485,04/08/2017 15:00:00,0.81485,@AD,-1,1,0.00,400.0000,-490.0000,
24/08/2017 06:00:00,0.81105,27/08/2017 20:00:00,0.81615,@AD,-1,1,-510.00,50.0000,-630.0000,
07/09/2017 06:00:00,0.82355,10/09/2017 20:00:00,0.82685,@AD,-1,1,-330.00,10.0000,-1110.0000,
14/09/2017 06:00:00,0.82275,14/09/2017 16:00:00,0.82275,@AD,-1,1,0.00,510.0000,-20.0000,
21/09/2017 06:00:00,0.81745,22/09/2017 03:00:00,0.81745,@AD,-1,1,0.00,450.0000,-10.0000,
28/09/2017 06:00:00,0.80435,01/10/2017 20:00:00,0.80645,@AD,-1,1,-210.00,90.0000,-400.0000,
12/10/2017 06:00:00,0.80425,15/10/2017 20:00:00,0.81105,@AD,-1,1,-680.00,120.0000,-790.0000,
19/10/2017 06:00:00,0.80915,22/10/2017 20:00:00,0.80315,@AD,-1,1,600.00,610.0000,-180.0000,
02/11/2017 06:00:00,0.79325,05/11/2017 20:00:00,0.78705,@AD,-1,1,620.00,670.0000,-240.0000,
09/11/2017 06:00:00,0.79025,12/11/2017 20:00:00,0.78755,@AD,-1,1,270.00,320.0000,-200.0000,
16/11/2017 06:00:00,0.78205,19/11/2017 20:00:00,0.77855,@AD,-1,1,350.00,570.0000,-150.0000,
07/12/2017 06:00:00,0.77555,10/12/2017 20:00:00,0.77415,@AD,-1,1,140.00,240.0000,-80.0000,
14/12/2017 06:00:00,0.78875,17/12/2017 20:00:00,0.78735,@AD,-1,1,140.00,200.0000,-370.0000,
11/01/2018 06:00:00,0.81055,14/01/2018 20:00:00,0.81455,@AD,-1,1,-400.00,260.0000,-500.0000,
18/01/2018 06:00:00,0.82155,21/01/2018 20:00:00,0.82225,@AD,-1,1,-70.00,10.0000,-550.0000,
25/01/2018 06:00:00,0.83085,26/01/2018 02:00:00,0.83085,@AD,-1,1,0.00,710.0000,-300.0000,
08/02/2018 06:00:00,0.80445,09/02/2018 08:00:00,0.80445,@AD,-1,1,0.00,540.0000,-160.0000,
15/02/2018 06:00:00,0.81755,15/02/2018 15:00:00,0.81755,@AD,-1,1,0.00,510.0000,-30.0000,
22/02/2018 06:00:00,0.80495,25/02/2018 20:00:00,0.80635,@AD,-1,1,-140.00,130.0000,-430.0000,
08/03/2018 06:00:00,0.80355,11/03/2018 20:00:00,0.80965,@AD,-1,1,-610.00,300.0000,-630.0000,
29/03/2018 06:00:00,0.78995,01/04/2018 20:00:00,0.79145,@AD,-1,1,-150.00,60.0000,-230.0000,
05/04/2018 06:00:00,0.79135,08/04/2018 20:00:00,0.79085,@AD,-1,1,50.00,250.0000,-170.0000,
12/04/2018 06:00:00,0.79785,15/04/2018 20:00:00,0.80035,@AD,-1,1,-250.00,30.0000,-630.0000,
19/04/2018 06:00:00,0.80295,22/04/2018 20:00:00,0.78905,@AD,-1,1,1390.00,1430.0000,0.0000,
10/05/2018 06:00:00,0.77115,13/05/2018 20:00:00,0.77815,@AD,-1,1,-700.00,50.0000,-860.0000,
17/05/2018 06:00:00,0.77575,20/05/2018 20:00:00,0.77535,@AD,-1,1,40.00,380.0000,-50.0000,
24/05/2018 06:00:00,0.77895,27/05/2018 20:00:00,0.77875,@AD,-1,1,20.00,160.0000,-320.0000,
31/05/2018 06:00:00,0.78095,03/06/2018 20:00:00,0.77995,@AD,-1,1,100.00,650.0000,-140.0000,
07/06/2018 06:00:00,0.78865,10/06/2018 20:00:00,0.78345,@AD,-1,1,520.00,950.0000,-30.0000,
14/06/2018 06:00:00,0.77875,17/06/2018 20:00:00,0.76695,@AD,-1,1,1180.00,1220.0000,-100.0000,
05/07/2018 06:00:00,0.76115,08/07/2018 20:00:00,0.76635,@AD,-1,1,-520.00,110.0000,-600.0000,
12/07/2018 06:00:00,0.76085,15/07/2018 20:00:00,0.76425,@AD,-1,1,-340.00,150.0000,-400.0000,
26/07/2018 06:00:00,0.76585,29/07/2018 20:00:00,0.76255,@AD,-1,1,330.00,610.0000,-20.0000,
09/08/2018 06:00:00,0.76455,12/08/2018 20:00:00,0.75145,@AD,-1,1,1310.00,1410.0000,-90.0000,
16/08/2018 06:00:00,0.74975,19/08/2018 20:00:00,0.75365,@AD,-1,1,-390.00,190.0000,-490.0000,
23/08/2018 06:00:00,0.75195,24/08/2018 06:00:00,0.75195,@AD,-1,1,0.00,540.0000,-80.0000,
30/08/2018 06:00:00,0.75225,02/09/2018 20:00:00,0.74145,@AD,-1,1,1080.00,1200.0000,-60.0000,
27/09/2018 06:00:00,0.74555,30/09/2018 20:00:00,0.74515,@AD,-1,1,40.00,260.0000,-130.0000,
04/10/2018 06:00:00,0.73105,07/10/2018 20:00:00,0.72825,@AD,-1,1,280.00,400.0000,-150.0000,
18/10/2018 06:00:00,0.73745,19/10/2018 09:00:00,0.73745,@AD,-1,1,0.00,590.0000,-40.0000,
01/11/2018 06:00:00,0.73915,04/11/2018 20:00:00,0.74265,@AD,-1,1,-350.00,120.0000,-940.0000,
08/11/2018 06:00:00,0.75105,11/11/2018 20:00:00,0.74535,@AD,-1,1,570.00,690.0000,-190.0000,
29/11/2018 06:00:00,0.75365,02/12/2018 20:00:00,0.75755,@AD,-1,1,-390.00,260.0000,-630.0000,
13/12/2018 06:00:00,0.74495,16/12/2018 20:00:00,0.73945,@AD,-1,1,550.00,760.0000,-80.0000,
03/01/2019 06:00:00,0.71875,06/01/2019 20:00:00,0.73355,@AD,-1,1,-1480.00,160.0000,-1590.0000,
10/01/2019 06:00:00,0.74035,13/01/2019 20:00:00,0.74295,@AD,-1,1,-260.00,120.0000,-510.0000,
17/01/2019 06:00:00,0.73845,20/01/2019 20:00:00,0.73805,@AD,-1,1,40.00,150.0000,-560.0000,
31/01/2019 06:00:00,0.74885,03/02/2019 20:00:00,0.74505,@AD,-1,1,380.00,420.0000,-240.0000,
07/02/2019 06:00:00,0.73235,10/02/2019 18:00:00,0.73235,@AD,-1,1,0.00,470.0000,-100.0000,
14/02/2019 06:00:00,0.73195,17/02/2019 20:00:00,0.73645,@AD,-1,1,-450.00,330.0000,-470.0000,
21/02/2019 06:00:00,0.73245,21/02/2019 15:00:00,0.73245,@AD,-1,1,0.00,410.0000,-80.0000,
07/03/2019 06:00:00,0.72615,08/03/2019 08:00:00,0.72615,@AD,-1,1,0.00,450.0000,-20.0000,
14/03/2019 06:00:00,0.72745,17/03/2019 20:00:00,0.72965,@AD,-1,1,-220.00,190.0000,-360.0000,
21/03/2019 06:00:00,0.73565,24/03/2019 20:00:00,0.72945,@AD,-1,1,620.00,690.0000,-10.0000,
28/03/2019 06:00:00,0.73065,31/03/2019 20:00:00,0.73255,@AD,-1,1,-190.00,310.0000,-230.0000,
11/04/2019 06:00:00,0.73715,12/04/2019 04:00:00,0.73715,@AD,-1,1,0.00,430.0000,-40.0000,
18/04/2019 06:00:00,0.73695,21/04/2019 20:00:00,0.73595,@AD,-1,1,100.00,220.0000,-80.0000,
02/05/2019 06:00:00,0.72355,03/05/2019 11:00:00,0.72355,@AD,-1,1,0.00,410.0000,-10.0000,
09/05/2019 06:00:00,0.71875,12/05/2019 20:00:00,0.71925,@AD,-1,1,-50.00,130.0000,-410.0000,
30/05/2019 06:00:00,0.71395,02/06/2019 20:00:00,0.71355,@AD,-1,1,40.00,330.0000,-110.0000,
06/06/2019 06:00:00,0.71855,09/06/2019 20:00:00,0.72005,@AD,-1,1,-150.00,170.0000,-420.0000,
13/06/2019 06:00:00,0.71105,16/06/2019 20:00:00,0.70835,@AD,-1,1,270.00,440.0000,-140.0000,
20/06/2019 06:00:00,0.71305,23/06/2019 20:00:00,0.71505,@AD,-1,1,-200.00,220.0000,-210.0000,
04/07/2019 06:00:00,0.72235,08/07/2019 07:00:00,0.71845,@AD,-1,1,390.00,620.0000,-90.0000,
01/08/2019 06:00:00,0.70495,04/08/2019 20:00:00,0.69875,@AD,-1,1,620.00,900.0000,-160.0000,
08/08/2019 06:00:00,0.69795,11/08/2019 20:00:00,0.69725,@AD,-1,1,70.00,80.0000,-380.0000,
15/08/2019 06:00:00,0.69635,18/08/2019 20:00:00,0.69795,@AD,-1,1,-160.00,30.0000,-260.0000,
22/08/2019 06:00:00,0.69565,25/08/2019 20:00:00,0.69005,@AD,-1,1,560.00,750.0000,-140.0000,
29/08/2019 06:00:00,0.69395,01/09/2019 20:00:00,0.69175,@AD,-1,1,220.00,420.0000,-50.0000,
12/09/2019 06:00:00,0.70695,15/09/2019 20:00:00,0.70655,@AD,-1,1,40.00,230.0000,-130.0000,
19/09/2019 06:00:00,0.69855,22/09/2019 20:00:00,0.69585,@AD,-1,1,270.00,360.0000,-140.0000,
26/09/2019 06:00:00,0.69455,29/09/2019 20:00:00,0.69485,@AD,-1,1,-30.00,140.0000,-240.0000,
07/11/2019 06:00:00,0.70855,10/11/2019 20:00:00,0.70325,@AD,-1,1,530.00,610.0000,-50.0000,
14/11/2019 06:00:00,0.69685,17/11/2019 20:00:00,0.69945,@AD,-1,1,-260.00,220.0000,-300.0000,
21/11/2019 06:00:00,0.69845,24/11/2019 20:00:00,0.69675,@AD,-1,1,170.00,290.0000,-50.0000,
05/12/2019 06:00:00,0.70035,08/12/2019 20:00:00,0.70055,@AD,-1,1,-20.00,100.0000,-270.0000,
12/12/2019 06:00:00,0.70555,15/12/2019 20:00:00,0.70495,@AD,-1,1,60.00,210.0000,-520.0000,
19/12/2019 06:00:00,0.70465,22/12/2019 20:00:00,0.70705,@AD,-1,1,-240.00,150.0000,-310.0000,
09/01/2020 06:00:00,0.70295,12/01/2020 20:00:00,0.70705,@AD,-1,1,-410.00,130.0000,-480.0000,
16/01/2020 06:00:00,0.70855,19/01/2020 20:00:00,0.70435,@AD,-1,1,420.00,490.0000,-140.0000,
23/01/2020 06:00:00,0.70335,26/01/2020 20:00:00,0.69765,@AD,-1,1,570.00,700.0000,-70.0000,
30/01/2020 06:00:00,0.68935,02/02/2020 20:00:00,0.68615,@AD,-1,1,320.00,500.0000,-20.0000,
06/02/2020 06:00:00,0.69035,09/02/2020 20:00:00,0.68405,@AD,-1,1,630.00,810.0000,-160.0000,
27/02/2020 06:00:00,0.67325,01/03/2020 20:00:00,0.66635,@AD,-1,1,690.00,1390.0000,-180.0000,
19/03/2020 06:00:00,0.58875,19/03/2020 19:00:00,0.58875,@AD,-1,1,0.00,630.0000,-2340.0000,
26/03/2020 06:00:00,0.61285,29/03/2020 20:00:00,0.63345,@AD,-1,1,-2060.00,50.0000,-2310.0000,
02/04/2020 06:00:00,0.62585,05/04/2020 20:00:00,0.61535,@AD,-1,1,1050.00,1180.0000,-70.0000,
09/04/2020 06:00:00,0.63895,12/04/2020 20:00:00,0.64945,@AD,-1,1,-1050.00,120.0000,-1330.0000,
23/04/2020 06:00:00,0.65035,26/04/2020 20:00:00,0.65555,@AD,-1,1,-520.00,80.0000,-610.0000,
30/04/2020 06:00:00,0.66985,30/04/2020 10:00:00,0.66985,@AD,-1,1,0.00,490.0000,-180.0000,
07/05/2020 06:00:00,0.66205,10/05/2020 20:00:00,0.66935,@AD,-1,1,-730.00,210.0000,-850.0000,
11/06/2020 06:00:00,0.71025,14/06/2020 20:00:00,0.69855,@AD,-1,1,1170.00,1440.0000,-20.0000,
25/06/2020 06:00:00,0.70425,28/06/2020 20:00:00,0.70205,@AD,-1,1,220.00,420.0000,-130.0000,
02/07/2020 06:00:00,0.70895,05/07/2020 20:00:00,0.71085,@AD,-1,1,-190.00,270.0000,-220.0000,
09/07/2020 06:00:00,0.71465,12/07/2020 20:00:00,0.71105,@AD,-1,1,360.00,630.0000,-60.0000,
06/08/2020 06:00:00,0.73515,09/08/2020 20:00:00,0.73155,@AD,-1,1,360.00,480.0000,-510.0000,
13/08/2020 06:00:00,0.73235,16/08/2020 20:00:00,0.73515,@AD,-1,1,-280.00,320.0000,-300.0000,
20/08/2020 06:00:00,0.73165,23/08/2020 20:00:00,0.73185,@AD,-1,1,-20.00,210.0000,-590.0000,
27/08/2020 06:00:00,0.74135,30/08/2020 20:00:00,0.75285,@AD,-1,1,-1150.00,380.0000,-1170.0000,
10/09/2020 06:00:00,0.74315,13/09/2020 20:00:00,0.74415,@AD,-1,1,-100.00,250.0000,-520.0000,
17/09/2020 06:00:00,0.74585,20/09/2020 20:00:00,0.74525,@AD,-1,1,60.00,210.0000,-350.0000,
08/10/2020 06:00:00,0.73185,11/10/2020 20:00:00,0.73835,@AD,-1,1,-650.00,130.0000,-840.0000,
22/10/2020 06:00:00,0.72585,25/10/2020 20:00:00,0.72895,@AD,-1,1,-310.00,80.0000,-590.0000,
05/11/2020 06:00:00,0.73765,08/11/2020 20:00:00,0.74295,@AD,-1,1,-530.00,150.0000,-730.0000,
03/12/2020 06:00:00,0.75765,06/12/2020 20:00:00,0.75900,@AD,-1,1,-135.00,80.0000,-315.0000,
10/12/2020 06:00:00,0.76460,13/12/2020 20:00:00,0.76855,@AD,-1,1,-395.00,45.0000,-840.0000,
17/12/2020 06:00:00,0.77930,20/12/2020 20:00:00,0.77520,@AD,-1,1,410.00,505.0000,-40.0000,
24/12/2020 06:00:00,0.77550,27/12/2020 20:00:00,0.77545,@AD,-1,1,5.00,60.0000,-180.0000,
14/01/2021 06:00:00,0.79180,17/01/2021 20:00:00,0.78485,@AD,-1,1,695.00,850.0000,-415.0000,
21/01/2021 06:00:00,0.79275,24/01/2021 20:00:00,0.78750,@AD,-1,1,525.00,720.0000,-95.0000,
28/01/2021 06:00:00,0.77675,31/01/2021 20:00:00,0.77870,@AD,-1,1,-195.00,185.0000,-900.0000,
11/02/2021 06:00:00,0.78915,14/02/2021 20:00:00,0.79155,@AD,-1,1,-240.00,210.0000,-330.0000,
18/02/2021 06:00:00,0.79240,18/02/2021 16:00:00,0.79240,@AD,-1,1,0.00,410.0000,-180.0000,
04/03/2021 06:00:00,0.79315,07/03/2021 20:00:00,0.78585,@AD,-1,1,730.00,1575.0000,-320.0000,
11/03/2021 06:00:00,0.79240,12/03/2021 11:00:00,0.79240,@AD,-1,1,0.00,500.0000,-270.0000,
18/03/2021 06:00:00,0.79615,21/03/2021 20:00:00,0.78725,@AD,-1,1,890.00,985.0000,-60.0000,
25/03/2021 06:00:00,0.77510,28/03/2021 20:00:00,0.77870,@AD,-1,1,-360.00,380.0000,-430.0000,
08/04/2021 06:00:00,0.77785,09/04/2021 06:00:00,0.77785,@AD,-1,1,0.00,415.0000,-320.0000,
15/04/2021 06:00:00,0.79000,18/04/2021 20:00:00,0.78635,@AD,-1,1,365.00,370.0000,-95.0000,
22/04/2021 06:00:00,0.78970,23/04/2021 13:00:00,0.78970,@AD,-1,1,0.00,570.0000,-65.0000,
29/04/2021 06:00:00,0.79285,02/05/2021 20:00:00,0.78690,@AD,-1,1,595.00,835.0000,-230.0000,
13/05/2021 06:00:00,0.78495,16/05/2021 20:00:00,0.79265,@AD,-1,1,-770.00,135.0000,-865.0000,
20/05/2021 06:00:00,0.78925,23/05/2021 20:00:00,0.78730,@AD,-1,1,195.00,255.0000,-385.0000,
27/05/2021 06:00:00,0.78865,30/05/2021 20:00:00,0.78560,@AD,-1,1,305.00,615.0000,-195.0000,
03/06/2021 06:00:00,0.78785,04/06/2021 09:00:00,0.78785,@AD,-1,1,0.00,855.0000,-110.0000,
10/06/2021 06:00:00,0.78870,13/06/2021 20:00:00,0.78550,@AD,-1,1,320.00,515.0000,-360.0000,
17/06/2021 06:00:00,0.77430,20/06/2021 20:00:00,0.76480,@AD,-1,1,950.00,1180.0000,-20.0000,
24/06/2021 06:00:00,0.77230,27/06/2021 20:00:00,0.77415,@AD,-1,1,-185.00,75.0000,-410.0000,
29/07/2021 06:00:00,0.75480,01/08/2021 20:00:00,0.74875,@AD,-1,1,605.00,710.0000,-80.0000,
26/08/2021 06:00:00,0.74060,29/08/2021 20:00:00,0.74600,@AD,-1,1,-540.00,390.0000,-555.0000,
02/09/2021 06:00:00,0.75325,05/09/2021 20:00:00,0.75855,@AD,-1,1,-530.00,65.0000,-905.0000,
09/09/2021 06:00:00,0.75215,12/09/2021 20:00:00,0.75100,@AD,-1,1,115.00,285.0000,-325.0000,
30/09/2021 06:00:00,0.73450,03/10/2021 20:00:00,0.74180,@AD,-1,1,-730.00,145.0000,-815.0000,
07/10/2021 06:00:00,0.74265,10/10/2021 20:00:00,0.74375,@AD,-1,1,-110.00,65.0000,-550.0000,
14/10/2021 06:00:00,0.75555,17/10/2021 20:00:00,0.75680,@AD,-1,1,-125.00,80.0000,-280.0000,
21/10/2021 06:00:00,0.76320,24/10/2021 20:00:00,0.76120,@AD,-1,1,200.00,355.0000,-235.0000,
28/10/2021 06:00:00,0.76535,31/10/2021 20:00:00,0.76615,@AD,-1,1,-80.00,105.0000,-450.0000,
04/11/2021 06:00:00,0.75660,07/11/2021 20:00:00,0.75360,@AD,-1,1,300.00,640.0000,-30.0000,
11/11/2021 06:00:00,0.74370,14/11/2021 20:00:00,0.74750,@AD,-1,1,-380.00,185.0000,-415.0000,
18/11/2021 06:00:00,0.74245,21/11/2021 20:00:00,0.73750,@AD,-1,1,495.00,560.0000,-90.0000,
25/11/2021 06:00:00,0.73290,28/11/2021 20:00:00,0.72760,@AD,-1,1,530.00,750.0000,-55.0000,
09/12/2021 06:00:00,0.72965,12/12/2021 20:00:00,0.73005,@AD,-1,1,-40.00,245.0000,-250.0000,
16/12/2021 06:00:00,0.73420,19/12/2021 20:00:00,0.72635,@AD,-1,1,785.00,940.0000,-215.0000,
23/12/2021 06:00:00,0.73795,26/12/2021 20:00:00,0.73680,@AD,-1,1,115.00,215.0000,-100.0000,
30/12/2021 06:00:00,0.74005,02/01/2022 20:00:00,0.74025,@AD,-1,1,-20.00,185.0000,-150.0000,
13/01/2022 06:00:00,0.74445,16/01/2022 20:00:00,0.73455,@AD,-1,1,990.00,1090.0000,-55.0000,
20/01/2022 06:00:00,0.73735,23/01/2022 20:00:00,0.73165,@AD,-1,1,570.00,645.0000,-410.0000,
03/02/2022 06:00:00,0.72515,06/02/2022 20:00:00,0.72120,@AD,-1,1,395.00,625.0000,-545.0000,
17/02/2022 06:00:00,0.73460,20/02/2022 20:00:00,0.73250,@AD,-1,1,210.00,440.0000,-190.0000,
24/02/2022 06:00:00,0.73125,24/02/2022 15:00:00,0.73125,@AD,-1,1,0.00,805.0000,-15.0000,
03/03/2022 06:00:00,0.74420,06/03/2022 20:00:00,0.75305,@AD,-1,1,-885.00,90.0000,-910.0000,
10/03/2022 06:00:00,0.74700,13/03/2022 20:00:00,0.74305,@AD,-1,1,395.00,530.0000,-320.0000,
17/03/2022 06:00:00,0.74655,20/03/2022 20:00:00,0.75430,@AD,-1,1,-775.00,115.0000,-860.0000,
07/04/2022 06:00:00,0.76135,10/04/2022 20:00:00,0.75780,@AD,-1,1,355.00,550.0000,-115.0000,
14/04/2022 06:00:00,0.75810,17/04/2022 20:00:00,0.75280,@AD,-1,1,530.00,575.0000,-20.0000,
21/04/2022 06:00:00,0.75720,24/04/2022 20:00:00,0.73620,@AD,-1,1,2100.00,2110.0000,-50.0000,
05/05/2022 06:00:00,0.73445,08/05/2022 20:00:00,0.71730,@AD,-1,1,1715.00,1740.0000,-100.0000,
12/05/2022 06:00:00,0.69995,12/05/2022 19:00:00,0.69995,@AD,-1,1,0.00,435.0000,-210.0000,
19/05/2022 06:00:00,0.71205,22/05/2022 20:00:00,0.71875,@AD,-1,1,-670.00,30.0000,-800.0000,
26/05/2022 06:00:00,0.72230,29/05/2022 20:00:00,0.72840,@AD,-1,1,-610.00,255.0000,-700.0000,
02/06/2022 06:00:00,0.73150,05/06/2022 20:00:00,0.73240,@AD,-1,1,-90.00,30.0000,-925.0000,
09/06/2022 06:00:00,0.73035,12/06/2022 20:00:00,0.71405,@AD,-1,1,1630.00,1670.0000,-110.0000,
16/06/2022 06:00:00,0.70915,19/06/2022 20:00:00,0.70700,@AD,-1,1,215.00,750.0000,-975.0000,
23/06/2022 06:00:00,0.70070,26/06/2022 20:00:00,0.70640,@AD,-1,1,-570.00,120.0000,-720.0000,
30/06/2022 06:00:00,0.70080,03/07/2022 20:00:00,0.69335,@AD,-1,1,745.00,1245.0000,-315.0000,
14/07/2022 06:00:00,0.68720,14/07/2022 11:00:00,0.68720,@AD,-1,1,0.00,695.0000,-15.0000,
21/07/2022 06:00:00,0.69910,24/07/2022 20:00:00,0.70245,@AD,-1,1,-335.00,45.0000,-1075.0000,
04/08/2022 06:00:00,0.70975,07/08/2022 20:00:00,0.70230,@AD,-1,1,745.00,1075.0000,-130.0000,
25/08/2022 06:00:00,0.70960,28/08/2022 20:00:00,0.69825,@AD,-1,1,1135.00,1175.0000,-310.0000,
01/09/2022 06:00:00,0.69485,02/09/2022 08:00:00,0.69485,@AD,-1,1,0.00,600.0000,-45.0000,
08/09/2022 06:00:00,0.68440,11/09/2022 20:00:00,0.69630,@AD,-1,1,-1190.00,105.0000,-1505.0000,
27/10/2022 06:00:00,0.65695,30/10/2022 20:00:00,0.65145,@AD,-1,1,550.00,675.0000,-485.0000,
01/12/2022 06:00:00,0.69075,02/12/2022 11:00:00,0.69075,@AD,-1,1,0.00,580.0000,-550.0000,
15/12/2022 06:00:00,0.68645,18/12/2022 20:00:00,0.68045,@AD,-1,1,600.00,860.0000,-165.0000,
22/12/2022 06:00:00,0.68330,26/12/2022 18:00:00,0.68330,@AD,-1,1,0.00,835.0000,-115.0000,
05/01/2023 06:00:00,0.69265,06/01/2023 10:00:00,0.69265,@AD,-1,1,0.00,1140.0000,-140.0000,
12/01/2023 06:00:00,0.70015,12/01/2023 08:00:00,0.70015,@AD,-1,1,0.00,470.0000,-525.0000,
19/01/2023 06:00:00,0.69825,22/01/2023 20:00:00,0.70805,@AD,-1,1,-980.00,160.0000,-995.0000,
02/02/2023 06:00:00,0.72100,05/02/2023 20:00:00,0.70065,@AD,-1,1,2035.00,2130.0000,-250.0000,
09/02/2023 06:00:00,0.70710,12/02/2023 20:00:00,0.69975,@AD,-1,1,735.00,810.0000,-285.0000,
16/02/2023 06:00:00,0.70020,19/02/2023 20:00:00,0.69530,@AD,-1,1,490.00,1045.0000,-15.0000,
23/02/2023 06:00:00,0.69055,26/02/2023 20:00:00,0.68160,@AD,-1,1,895.00,1035.0000,-155.0000,
09/03/2023 06:00:00,0.66945,10/03/2023 08:00:00,0.66945,@AD,-1,1,0.00,500.0000,-225.0000,
16/03/2023 06:00:00,0.67220,19/03/2023 20:00:00,0.67900,@AD,-1,1,-680.00,145.0000,-810.0000,
23/03/2023 06:00:00,0.68035,26/03/2023 20:00:00,0.67305,@AD,-1,1,730.00,1030.0000,0.0000,
06/04/2023 06:00:00,0.67700,09/04/2023 20:00:00,0.67475,@AD,-1,1,225.00,550.0000,-55.0000,
13/04/2023 06:00:00,0.68020,16/04/2023 20:00:00,0.67770,@AD,-1,1,250.00,355.0000,-765.0000,
11/05/2023 06:00:00,0.68030,14/05/2023 20:00:00,0.67100,@AD,-1,1,930.00,1035.0000,-150.0000,
18/05/2023 06:00:00,0.66985,21/05/2023 20:00:00,0.67200,@AD,-1,1,-215.00,320.0000,-390.0000,
08/06/2023 06:00:00,0.67380,11/06/2023 20:00:00,0.68015,@AD,-1,1,-635.00,35.0000,-695.0000,
15/06/2023 06:00:00,0.68725,18/06/2023 20:00:00,0.69260,@AD,-1,1,-535.00,320.0000,-810.0000,
22/06/2023 06:00:00,0.68480,25/06/2023 20:00:00,0.67350,@AD,-1,1,1130.00,1315.0000,-45.0000,
29/06/2023 06:00:00,0.66675,02/07/2023 20:00:00,0.67110,@AD,-1,1,-435.00,160.0000,-560.0000,
13/07/2023 06:00:00,0.69045,16/07/2023 20:00:00,0.68895,@AD,-1,1,150.00,220.0000,-435.0000,
20/07/2023 06:00:00,0.68845,23/07/2023 20:00:00,0.67760,@AD,-1,1,1085.00,1125.0000,-135.0000,
10/08/2023 06:00:00,0.66055,13/08/2023 20:00:00,0.65405,@AD,-1,1,650.00,750.0000,-585.0000,
31/08/2023 06:00:00,0.65115,03/09/2023 20:00:00,0.64935,@AD,-1,1,180.00,315.0000,-525.0000,
14/09/2023 06:00:00,0.64685,17/09/2023 20:00:00,0.64780,@AD,-1,1,-95.00,95.0000,-445.0000,
21/09/2023 06:00:00,0.64430,24/09/2023 20:00:00,0.64780,@AD,-1,1,-350.00,210.0000,-595.0000,
05/10/2023 06:00:00,0.63695,08/10/2023 20:00:00,0.64040,@AD,-1,1,-345.00,225.0000,-660.0000,
12/10/2023 06:00:00,0.64440,15/10/2023 20:00:00,0.63445,@AD,-1,1,995.00,1245.0000,-20.0000,
19/10/2023 06:00:00,0.63370,22/10/2023 20:00:00,0.63505,@AD,-1,1,-135.00,90.0000,-510.0000,
26/10/2023 06:00:00,0.63415,29/10/2023 20:00:00,0.63675,@AD,-1,1,-260.00,195.0000,-560.0000,
09/11/2023 06:00:00,0.64295,12/11/2023 20:00:00,0.63805,@AD,-1,1,490.00,655.0000,-245.0000,
16/11/2023 06:00:00,0.65145,19/11/2023 20:00:00,0.65330,@AD,-1,1,-185.00,380.0000,-285.0000,
23/11/2023 06:00:00,0.65870,26/11/2023 20:00:00,0.66005,@AD,-1,1,-135.00,140.0000,-275.0000,
30/11/2023 06:00:00,0.66240,03/12/2023 20:00:00,0.67010,@AD,-1,1,-770.00,315.0000,-880.0000,
07/12/2023 06:00:00,0.65865,10/12/2023 20:00:00,0.65930,@AD,-1,1,-65.00,105.0000,-540.0000,
14/12/2023 06:00:00,0.67290,15/12/2023 10:00:00,0.67290,@AD,-1,1,0.00,465.0000,-165.0000,
21/12/2023 06:00:00,0.67615,25/12/2023 20:00:00,0.68220,@AD,-1,1,-605.00,5.0000,-815.0000,
11/01/2024 06:00:00,0.67205,11/01/2024 20:00:00,0.67205,@AD,-1,1,0.00,605.0000,-285.0000,
18/01/2024 06:00:00,0.65775,21/01/2024 20:00:00,0.66195,@AD,-1,1,-420.00,230.0000,-435.0000,
25/01/2024 06:00:00,0.65990,28/01/2024 20:00:00,0.65905,@AD,-1,1,85.00,190.0000,-210.0000,
08/02/2024 06:00:00,0.65125,11/02/2024 20:00:00,0.65355,@AD,-1,1,-230.00,245.0000,-290.0000,
15/02/2024 06:00:00,0.65040,18/02/2024 20:00:00,0.65510,@AD,-1,1,-470.00,20.0000,-505.0000,
22/02/2024 06:00:00,0.65895,25/02/2024 20:00:00,0.65580,@AD,-1,1,315.00,445.0000,0.0000,
