13/01/2010 12:30:00,291.25000,14/01/2010 05:30:00,289.50000,@C,1,1,-87.50,212.5000,-162.5000,
10/02/2010 12:30:00,272.75000,11/02/2010 05:30:00,274.25000,@C,1,1,75.00,162.5000,-75.0000,
11/02/2010 06:00:00,274.00000,11/02/2010 21:30:00,274.00000,@C,-1,1,0.00,175.0000,-50.0000,
22/02/2010 02:30:00,274.50000,22/02/2010 11:30:00,275.25000,@C,-1,1,-37.50,100.0000,-100.0000,
24/02/2010 12:30:00,283.75000,25/02/2010 05:30:00,284.00000,@C,1,1,12.50,162.5000,-25.0000,
25/02/2010 06:00:00,284.00000,25/02/2010 21:30:00,285.50000,@C,-1,1,-75.00,187.5000,-87.5000,
01/03/2010 02:30:00,291.00000,01/03/2010 11:30:00,283.75000,@C,-1,1,362.50,400.0000,-50.0000,
03/03/2010 12:30:00,286.75000,04/03/2010 05:30:00,286.00000,@C,1,1,-37.50,112.5000,-225.0000,
04/03/2010 06:00:00,285.50000,04/03/2010 21:30:00,284.00000,@C,-1,1,75.00,262.5000,-25.0000,
17/03/2010 12:30:00,270.00000,18/03/2010 05:30:00,269.50000,@C,1,1,-25.00,225.0000,-50.0000,
18/03/2010 06:00:00,270.50000,18/03/2010 21:30:00,274.25000,@C,-1,1,-187.50,75.0000,-300.0000,
22/03/2010 02:30:00,274.50000,22/03/2010 11:30:00,274.50000,@C,-1,1,0.00,175.0000,-12.5000,
24/03/2010 12:30:00,262.25000,25/03/2010 05:30:00,264.25000,@C,1,1,100.00,212.5000,-87.5000,
07/04/2010 12:30:00,249.75000,08/04/2010 05:30:00,253.50000,@C,1,1,187.50,462.5000,-12.5000,
08/04/2010 06:00:00,254.50000,08/04/2010 21:30:00,248.00000,@C,-1,1,325.00,412.5000,0.0000,
12/04/2010 02:30:00,248.75000,12/04/2010 11:30:00,247.00000,@C,-1,1,87.50,162.5000,-125.0000,
14/04/2010 12:30:00,260.25000,15/04/2010 05:30:00,257.25000,@C,1,1,-150.00,175.0000,-162.5000,
15/04/2010 06:00:00,257.25000,15/04/2010 21:30:00,261.50000,@C,-1,1,-212.50,62.5000,-325.0000,
19/04/2010 02:30:00,257.50000,19/04/2010 11:30:00,251.50000,@C,-1,1,300.00,400.0000,-50.0000,
21/04/2010 12:30:00,260.75000,22/04/2010 05:30:00,258.50000,@C,1,1,-112.50,25.0000,-200.0000,
22/04/2010 06:00:00,258.75000,22/04/2010 21:30:00,261.75000,@C,-1,1,-150.00,137.5000,-212.5000,
28/04/2010 12:30:00,256.00000,29/04/2010 05:30:00,259.50000,@C,1,1,175.00,175.0000,-175.0000,
29/04/2010 06:00:00,259.50000,29/04/2010 10:00:00,267.50000,@C,-1,1,-400.00,0.0000,-275.0000,
03/05/2010 02:30:00,264.50000,03/05/2010 11:30:00,262.25000,@C,-1,1,112.50,125.0000,-275.0000,
05/05/2010 12:30:00,260.75000,06/05/2010 05:30:00,261.50000,@C,1,1,37.50,237.5000,-12.5000,
06/05/2010 06:00:00,262.50000,06/05/2010 11:00:00,270.50000,@C,-1,1,-400.00,150.0000,-350.0000,
10/05/2010 02:30:00,265.25000,10/05/2010 11:30:00,263.75000,@C,-1,1,75.00,162.5000,-162.5000,
13/05/2010 06:00:00,271.00000,13/05/2010 21:30:00,265.75000,@C,-1,1,262.50,375.0000,-12.5000,
24/05/2010 02:30:00,262.25000,24/05/2010 11:30:00,263.00000,@C,-1,1,-37.50,150.0000,-87.5000,
26/05/2010 12:30:00,261.75000,27/05/2010 05:30:00,264.00000,@C,1,1,112.50,112.5000,-37.5000,
27/05/2010 06:00:00,264.00000,27/05/2010 21:30:00,263.75000,@C,-1,1,12.50,75.0000,-62.5000,
14/06/2010 02:30:00,241.75000,14/06/2010 11:30:00,244.00000,@C,-1,1,-112.50,87.5000,-175.0000,
17/06/2010 06:00:00,250.75000,17/06/2010 21:30:00,248.00000,@C,-1,1,137.50,250.0000,-37.5000,
21/06/2010 02:30:00,258.25000,21/06/2010 11:30:00,247.00000,@C,-1,1,562.50,625.0000,-25.0000,
30/06/2010 12:30:00,243.50000,01/07/2010 05:30:00,247.75000,@C,1,1,212.50,212.5000,-100.0000,
01/07/2010 06:00:00,248.00000,01/07/2010 12:30:00,256.00000,@C,-1,1,-400.00,250.0000,-300.0000,
07/07/2010 12:30:00,260.50000,08/07/2010 05:30:00,262.25000,@C,1,1,87.50,87.5000,-37.5000,
08/07/2010 06:00:00,262.25000,08/07/2010 21:30:00,266.75000,@C,-1,1,-225.00,12.5000,-375.0000,
12/07/2010 02:30:00,265.50000,12/07/2010 11:30:00,263.75000,@C,-1,1,87.50,175.0000,-112.5000,
14/07/2010 12:30:00,267.25000,15/07/2010 05:30:00,269.75000,@C,1,1,125.00,150.0000,-50.0000,
15/07/2010 06:00:00,270.00000,15/07/2010 10:00:00,278.00000,@C,-1,1,-400.00,37.5000,-262.5000,
19/07/2010 02:30:00,273.75000,19/07/2010 11:30:00,266.00000,@C,-1,1,387.50,500.0000,-37.5000,
21/07/2010 12:30:00,263.00000,22/07/2010 05:30:00,265.25000,@C,1,1,112.50,137.5000,-187.5000,
22/07/2010 06:00:00,266.75000,22/07/2010 21:30:00,257.75000,@C,-1,1,450.00,475.0000,-175.0000,
28/07/2010 12:30:00,259.00000,29/07/2010 05:30:00,262.25000,@C,1,1,162.50,187.5000,-37.5000,
29/07/2010 06:00:00,262.00000,29/07/2010 21:30:00,264.25000,@C,-1,1,-112.50,162.5000,-337.5000,
02/08/2010 02:30:00,280.25000,02/08/2010 11:30:00,281.75000,@C,-1,1,-75.00,12.5000,-362.5000,
04/08/2010 12:30:00,279.75000,05/08/2010 05:30:00,284.00000,@C,1,1,212.50,275.0000,-62.5000,
05/08/2010 06:00:00,288.25000,05/08/2010 07:00:00,296.25000,@C,-1,1,-400.00,37.5000,-375.0000,
09/08/2010 02:30:00,288.00000,09/08/2010 11:30:00,290.25000,@C,-1,1,-112.50,187.5000,-125.0000,
11/08/2010 12:30:00,279.50000,12/08/2010 05:30:00,280.50000,@C,1,1,50.00,75.0000,-137.5000,
16/08/2010 02:30:00,296.00000,16/08/2010 11:30:00,299.00000,@C,-1,1,-150.00,75.0000,-162.5000,
18/08/2010 12:30:00,300.50000,19/08/2010 05:30:00,303.50000,@C,1,1,150.00,150.0000,-100.0000,
19/08/2010 06:00:00,303.75000,19/08/2010 21:30:00,296.25000,@C,-1,1,375.00,462.5000,-112.5000,
23/08/2010 02:30:00,304.75000,23/08/2010 11:30:00,300.00000,@C,-1,1,237.50,325.0000,-37.5000,
25/08/2010 12:30:00,289.75000,26/08/2010 05:30:00,293.50000,@C,1,1,187.50,200.0000,-112.5000,
30/08/2010 02:30:00,311.00000,30/08/2010 11:30:00,310.00000,@C,-1,1,50.00,187.5000,-75.0000,
02/09/2010 06:00:00,313.75000,02/09/2010 21:30:00,313.75000,@C,-1,1,0.00,175.0000,-62.5000,
09/09/2010 06:00:00,328.50000,09/09/2010 13:00:00,336.50000,@C,-1,1,-400.00,87.5000,-387.5000,
13/09/2010 02:30:00,348.00000,13/09/2010 11:30:00,352.25000,@C,-1,1,-212.50,50.0000,-287.5000,
16/09/2010 06:00:00,362.00000,16/09/2010 19:30:00,370.00000,@C,-1,1,-400.00,262.5000,-375.0000,
20/09/2010 02:30:00,390.00000,20/09/2010 11:30:00,382.50000,@C,-1,1,375.00,562.5000,-37.5000,
27/09/2010 02:30:00,393.50000,27/09/2010 11:30:00,381.00000,@C,-1,1,625.00,637.5000,-125.0000,
29/09/2010 12:30:00,369.75000,30/09/2010 05:30:00,372.75000,@C,1,1,150.00,175.0000,-125.0000,
07/10/2010 06:00:00,361.75000,07/10/2010 10:00:00,369.75000,@C,-1,1,-400.00,137.5000,-262.5000,
11/10/2010 02:30:00,440.25000,11/10/2010 11:30:00,427.50000,@C,-1,1,637.50,650.0000,-12.5000,
14/10/2010 06:00:00,440.75000,14/10/2010 21:30:00,438.75000,@C,-1,1,100.00,387.5000,-312.5000,
20/10/2010 12:30:00,429.75000,21/10/2010 05:30:00,440.75000,@C,1,1,550.00,850.0000,-50.0000,
21/10/2010 06:00:00,441.75000,21/10/2010 21:30:00,435.00000,@C,-1,1,337.50,637.5000,-100.0000,
25/10/2010 02:30:00,440.00000,25/10/2010 11:30:00,433.75000,@C,-1,1,312.50,387.5000,-137.5000,
27/10/2010 12:30:00,439.00000,28/10/2010 05:30:00,450.00000,@C,1,1,550.00,587.5000,-87.5000,
28/10/2010 06:00:00,450.25000,28/10/2010 21:30:00,445.75000,@C,-1,1,225.00,350.0000,-112.5000,
01/11/2010 02:30:00,457.25000,01/11/2010 11:30:00,446.75000,@C,-1,1,525.00,900.0000,0.0000,
03/11/2010 12:30:00,446.50000,04/11/2010 05:30:00,455.25000,@C,1,1,437.50,462.5000,-25.0000,
04/11/2010 06:00:00,454.25000,04/11/2010 10:00:00,462.25000,@C,-1,1,-400.00,0.0000,-362.5000,
08/11/2010 02:30:00,455.25000,08/11/2010 11:30:00,458.50000,@C,-1,1,-162.50,175.0000,-175.0000,
17/11/2010 12:30:00,397.50000,18/11/2010 05:30:00,409.00000,@C,1,1,575.00,687.5000,-300.0000,
29/11/2010 02:30:00,411.25000,29/11/2010 11:30:00,406.25000,@C,-1,1,250.00,437.5000,-50.0000,
01/12/2010 12:30:00,415.50000,02/12/2010 05:30:00,415.00000,@C,1,1,-25.00,187.5000,-162.5000,
02/12/2010 06:00:00,415.00000,02/12/2010 21:30:00,409.50000,@C,-1,1,275.00,387.5000,-262.5000,
06/12/2010 02:30:00,425.25000,06/12/2010 11:30:00,417.25000,@C,-1,1,400.00,525.0000,-50.0000,
08/12/2010 12:30:00,422.00000,09/12/2010 05:30:00,426.00000,@C,1,1,200.00,262.5000,-25.0000,
09/12/2010 06:00:00,426.00000,09/12/2010 21:30:00,427.25000,@C,-1,1,-62.50,200.0000,-250.0000,
13/12/2010 02:30:00,430.00000,13/12/2010 10:00:00,438.00000,@C,-1,1,-400.00,25.0000,-312.5000,
16/12/2010 06:00:00,440.75000,16/12/2010 21:30:00,440.75000,@C,-1,1,0.00,312.5000,-75.0000,
20/12/2010 02:30:00,451.75000,20/12/2010 11:30:00,455.75000,@C,-1,1,-200.00,137.5000,-225.0000,
22/12/2010 12:30:00,460.00000,23/12/2010 05:30:00,462.00000,@C,1,1,100.00,175.0000,-62.5000,
23/12/2010 06:00:00,461.75000,27/12/2010 02:30:00,466.50000,@C,-1,1,-237.50,150.0000,-262.5000,
29/12/2010 12:30:00,478.50000,30/12/2010 05:30:00,476.25000,@C,1,1,-112.50,12.5000,-312.5000,
30/12/2010 06:00:00,475.25000,30/12/2010 21:30:00,471.50000,@C,-1,1,187.50,525.0000,0.0000,
03/01/2011 02:30:00,479.75000,03/01/2011 11:30:00,480.75000,@C,-1,1,-50.00,175.0000,-325.0000,
05/01/2011 12:30:00,468.75000,06/01/2011 05:30:00,472.00000,@C,1,1,162.50,212.5000,-175.0000,
06/01/2011 06:00:00,472.50000,06/01/2011 21:30:00,452.75000,@C,-1,1,987.50,1112.5000,-12.5000,
12/01/2011 12:30:00,484.75000,13/01/2011 05:30:00,488.75000,@C,1,1,200.00,475.0000,-62.5000,
13/01/2011 06:00:00,489.00000,13/01/2011 11:00:00,497.00000,@C,-1,1,-400.00,12.5000,-387.5000,
20/01/2011 06:00:00,493.25000,20/01/2011 12:30:00,501.25000,@C,-1,1,-400.00,675.0000,-325.0000,
24/01/2011 02:30:00,511.75000,24/01/2011 11:30:00,504.00000,@C,-1,1,387.50,400.0000,-75.0000,
27/01/2011 06:00:00,507.75000,27/01/2011 21:30:00,505.25000,@C,-1,1,125.00,400.0000,-250.0000,
03/02/2011 06:00:00,522.25000,03/02/2011 21:30:00,518.00000,@C,-1,1,212.50,575.0000,-187.5000,
07/02/2011 02:30:00,532.50000,07/02/2011 11:30:00,530.00000,@C,-1,1,125.00,212.5000,-112.5000,
09/02/2011 12:30:00,551.25000,10/02/2011 05:30:00,547.75000,@C,1,1,-175.00,87.5000,-212.5000,
10/02/2011 06:00:00,548.50000,10/02/2011 10:30:00,556.50000,@C,-1,1,-400.00,100.0000,-387.5000,
14/02/2011 02:30:00,562.50000,14/02/2011 11:30:00,557.25000,@C,-1,1,262.50,412.5000,-12.5000,
23/02/2011 12:30:00,533.75000,24/02/2011 05:30:00,540.00000,@C,1,1,312.50,737.5000,-62.5000,
28/02/2011 02:30:00,563.25000,28/02/2011 11:30:00,567.25000,@C,-1,1,-200.00,237.5000,-237.5000,
03/03/2011 06:00:00,568.50000,03/03/2011 11:30:00,576.50000,@C,-1,1,-400.00,137.5000,-325.0000,
07/03/2011 02:30:00,573.75000,07/03/2011 11:30:00,557.50000,@C,-1,1,812.50,1037.5000,-100.0000,
21/03/2011 02:30:00,531.75000,21/03/2011 11:30:00,524.50000,@C,-1,1,362.50,675.0000,-262.5000,
23/03/2011 12:30:00,527.50000,23/03/2011 23:00:00,519.50000,@C,1,1,-400.00,62.5000,-387.5000,
24/03/2011 06:00:00,523.25000,24/03/2011 11:30:00,531.25000,@C,-1,1,-400.00,237.5000,-200.0000,
28/03/2011 02:30:00,536.00000,28/03/2011 11:30:00,521.00000,@C,-1,1,750.00,825.0000,-50.0000,
04/04/2011 02:30:00,586.50000,04/04/2011 10:00:00,594.50000,@C,-1,1,-400.00,0.0000,-287.5000,
07/04/2011 06:00:00,612.25000,07/04/2011 21:30:00,605.00000,@C,-1,1,362.50,862.5000,-100.0000,
11/04/2011 02:30:00,617.00000,11/04/2011 11:30:00,618.25000,@C,-1,1,-62.50,737.5000,-200.0000,
25/04/2011 02:30:00,595.00000,25/04/2011 11:30:00,594.50000,@C,-1,1,25.00,337.5000,-125.0000,
27/04/2011 12:30:00,602.75000,27/04/2011 13:20:00,594.75000,@C,1,1,-400.00,87.5000,-237.5000,
28/04/2011 06:00:00,601.75000,28/04/2011 21:30:00,566.75000,@C,-1,1,1750.00,2200.0000,0.0000,
04/05/2011 12:30:00,569.25000,05/05/2011 05:30:00,568.50000,@C,1,1,-37.50,212.5000,-312.5000,
18/05/2011 12:30:00,585.25000,19/05/2011 05:30:00,593.25000,@C,1,1,400.00,512.5000,-162.5000,
19/05/2011 06:00:00,591.75000,19/05/2011 21:30:00,587.00000,@C,-1,1,237.50,662.5000,-225.0000,
23/05/2011 02:30:00,599.25000,23/05/2011 11:30:00,594.75000,@C,-1,1,225.00,662.5000,-162.5000,
02/06/2011 06:00:00,594.50000,02/06/2011 10:00:00,602.50000,@C,-1,1,-400.00,100.0000,-362.5000,
06/06/2011 02:30:00,591.00000,06/06/2011 11:30:00,574.25000,@C,-1,1,837.50,887.5000,-12.5000,
08/06/2011 12:30:00,599.75000,09/06/2011 05:30:00,596.75000,@C,1,1,-150.00,262.5000,-262.5000,
09/06/2011 06:00:00,598.50000,09/06/2011 10:00:00,624.00000,@C,-1,1,-1275.00,50.0000,-1275.0000,
13/06/2011 02:30:00,627.25000,13/06/2011 11:30:00,617.25000,@C,-1,1,500.00,675.0000,-37.5000,
30/06/2011 06:00:00,540.50000,30/06/2011 21:30:00,463.25000,@C,-1,1,3862.50,4075.0000,-62.5000,
06/07/2011 12:30:00,481.50000,06/07/2011 19:30:00,473.25000,@C,1,1,-412.50,212.5000,-412.5000,
11/07/2011 02:30:00,495.00000,11/07/2011 11:30:00,492.25000,@C,-1,1,137.50,387.5000,-50.0000,
13/07/2011 12:30:00,547.50000,13/07/2011 13:20:00,539.50000,@C,1,1,-400.00,75.0000,-337.5000,
14/07/2011 06:00:00,542.75000,14/07/2011 13:20:00,550.75000,@C,-1,1,-400.00,650.0000,-262.5000,
18/07/2011 02:30:00,550.50000,18/07/2011 11:30:00,546.00000,@C,-1,1,225.00,575.0000,-50.0000,
27/07/2011 12:30:00,544.50000,28/07/2011 05:30:00,546.00000,@C,1,1,75.00,225.0000,-150.0000,
28/07/2011 06:00:00,544.25000,28/07/2011 21:30:00,539.25000,@C,-1,1,250.00,412.5000,-112.5000,
04/08/2011 06:00:00,554.00000,04/08/2011 21:30:00,542.50000,@C,-1,1,575.00,812.5000,-175.0000,
15/08/2011 02:30:00,562.75000,15/08/2011 11:30:00,564.75000,@C,-1,1,-100.00,200.0000,-250.0000,
17/08/2011 12:30:00,572.50000,17/08/2011 13:20:00,564.50000,@C,1,1,-400.00,75.0000,-362.5000,
18/08/2011 06:00:00,560.00000,18/08/2011 21:30:00,550.50000,@C,-1,1,475.00,525.0000,-50.0000,
22/08/2011 02:30:00,572.00000,22/08/2011 11:30:00,572.00000,@C,-1,1,0.00,37.5000,-312.5000,
25/08/2011 06:00:00,581.75000,25/08/2011 11:30:00,589.75000,@C,-1,1,-400.00,112.5000,-375.0000,
29/08/2011 02:30:00,618.75000,29/08/2011 11:30:00,613.50000,@C,-1,1,262.50,425.0000,-137.5000,
01/09/2011 06:00:00,603.75000,01/09/2011 21:30:00,590.50000,@C,-1,1,662.50,1100.0000,-350.0000,
05/10/2011 12:30:00,446.75000,06/10/2011 05:30:00,459.25000,@C,1,1,625.00,725.0000,-162.5000,
06/10/2011 06:00:00,457.00000,06/10/2011 21:30:00,447.75000,@C,-1,1,462.50,512.5000,-137.5000,
10/10/2011 02:30:00,455.50000,10/10/2011 11:30:00,452.75000,@C,-1,1,137.50,212.5000,-362.5000,
12/10/2011 12:30:00,483.00000,13/10/2011 05:30:00,479.00000,@C,1,1,-200.00,300.0000,-287.5000,
13/10/2011 06:00:00,478.00000,13/10/2011 21:30:00,482.50000,@C,-1,1,-225.00,587.5000,-362.5000,
17/10/2011 02:30:00,485.75000,17/10/2011 11:30:00,486.50000,@C,-1,1,-37.50,312.5000,-275.0000,
19/10/2011 12:30:00,489.75000,19/10/2011 13:20:00,481.75000,@C,1,1,-400.00,137.5000,-350.0000,
24/10/2011 02:30:00,503.50000,24/10/2011 11:30:00,500.00000,@C,-1,1,175.00,312.5000,-125.0000,
03/11/2011 06:00:00,498.25000,03/11/2011 21:30:00,496.00000,@C,-1,1,112.50,325.0000,-225.0000,
07/11/2011 02:30:00,496.00000,07/11/2011 11:30:00,494.50000,@C,-1,1,75.00,187.5000,-187.5000,
10/11/2011 06:00:00,504.75000,10/11/2011 21:30:00,492.00000,@C,-1,1,637.50,762.5000,-75.0000,
23/11/2011 12:30:00,435.75000,25/11/2011 03:00:00,427.75000,@C,1,1,-400.00,37.5000,-375.0000,
01/12/2011 06:00:00,443.75000,01/12/2011 21:30:00,439.50000,@C,-1,1,212.50,475.0000,-275.0000,
21/12/2011 12:30:00,449.25000,22/12/2011 05:30:00,451.25000,@C,1,1,100.00,237.5000,-50.0000,
22/12/2011 06:00:00,451.75000,22/12/2011 10:30:00,459.75000,@C,-1,1,-400.00,0.0000,-325.0000,
28/12/2011 12:30:00,478.50000,29/12/2011 05:30:00,479.25000,@C,1,1,37.50,200.0000,-287.5000,
29/12/2011 06:00:00,480.25000,29/12/2011 21:30:00,472.75000,@C,-1,1,375.00,412.5000,-112.5000,
05/01/2012 06:00:00,491.25000,06/01/2012 07:30:00,484.00000,@C,-1,1,362.50,750.0000,0.0000,
09/01/2012 02:30:00,486.50000,09/01/2012 11:00:00,494.50000,@C,-1,1,-400.00,0.0000,-362.5000,
11/01/2012 12:30:00,487.00000,12/01/2012 05:30:00,494.75000,@C,1,1,387.50,450.0000,-12.5000,
12/01/2012 06:00:00,494.75000,12/01/2012 21:30:00,446.50000,@C,-1,1,2412.50,2462.5000,-75.0000,
23/01/2012 02:30:00,453.00000,23/01/2012 11:30:00,451.50000,@C,-1,1,75.00,112.5000,-250.0000,
25/01/2012 12:30:00,470.75000,26/01/2012 05:30:00,479.25000,@C,1,1,425.00,450.0000,-150.0000,
26/01/2012 06:00:00,479.50000,26/01/2012 21:30:00,468.50000,@C,-1,1,550.00,550.0000,-150.0000,
30/01/2012 02:30:00,473.50000,30/01/2012 11:30:00,468.50000,@C,-1,1,250.00,462.5000,-62.5000,
06/02/2012 02:30:00,481.25000,06/02/2012 11:30:00,480.00000,@C,-1,1,62.50,262.5000,-200.0000,
22/02/2012 12:30:00,470.00000,23/02/2012 05:30:00,475.00000,@C,1,1,250.00,325.0000,-87.5000,
23/02/2012 06:00:00,475.25000,23/02/2012 21:30:00,474.00000,@C,-1,1,62.50,262.5000,-250.0000,
27/02/2012 02:30:00,474.75000,27/02/2012 11:30:00,481.75000,@C,-1,1,-350.00,250.0000,-387.5000,
29/02/2012 12:30:00,491.50000,01/03/2012 01:00:00,483.50000,@C,1,1,-400.00,100.0000,-375.0000,
01/03/2012 06:00:00,487.00000,01/03/2012 21:30:00,483.75000,@C,-1,1,162.50,175.0000,-200.0000,
05/03/2012 02:30:00,486.75000,05/03/2012 11:00:00,494.75000,@C,-1,1,-400.00,75.0000,-375.0000,
14/03/2012 12:30:00,496.25000,14/03/2012 13:00:00,488.25000,@C,1,1,-400.00,87.5000,-325.0000,
15/03/2012 06:00:00,496.75000,15/03/2012 10:30:00,504.75000,@C,-1,1,-400.00,87.5000,-250.0000,
19/03/2012 02:30:00,507.50000,19/03/2012 11:30:00,503.25000,@C,-1,1,212.50,575.0000,-12.5000,
02/04/2012 02:30:00,483.75000,02/04/2012 11:30:00,488.00000,@C,-1,1,-212.50,212.5000,-300.0000,
05/04/2012 06:00:00,488.25000,05/04/2012 10:00:00,496.25000,@C,-1,1,-400.00,25.0000,-287.5000,
09/04/2012 02:30:00,495.75000,09/04/2012 11:30:00,483.75000,@C,-1,1,600.00,712.5000,-12.5000,
18/04/2012 12:30:00,439.75000,19/04/2012 05:30:00,450.75000,@C,1,1,550.00,550.0000,-287.5000,
30/04/2012 02:30:00,490.00000,30/04/2012 11:30:00,486.75000,@C,-1,1,162.50,450.0000,0.0000,
16/05/2012 12:30:00,472.75000,17/05/2012 05:30:00,479.50000,@C,1,1,337.50,487.5000,-200.0000,
17/05/2012 06:00:00,479.50000,17/05/2012 21:30:00,482.00000,@C,-1,1,-125.00,137.5000,-375.0000,
21/05/2012 02:30:00,502.75000,21/05/2012 11:30:00,494.00000,@C,-1,1,437.50,675.0000,-37.5000,
30/05/2012 12:30:00,421.25000,31/05/2012 05:30:00,420.75000,@C,1,1,-25.00,137.5000,-100.0000,
06/06/2012 12:30:00,442.50000,07/06/2012 05:30:00,450.00000,@C,1,1,375.00,400.0000,-87.5000,
07/06/2012 06:00:00,450.25000,07/06/2012 11:00:00,458.25000,@C,-1,1,-400.00,212.5000,-337.5000,
11/06/2012 02:30:00,460.50000,11/06/2012 11:30:00,457.25000,@C,-1,1,162.50,325.0000,-125.0000,
13/06/2012 12:30:00,457.50000,14/06/2012 05:30:00,458.75000,@C,1,1,62.50,175.0000,-275.0000,
14/06/2012 06:00:00,459.50000,14/06/2012 09:00:00,467.50000,@C,-1,1,-400.00,100.0000,-300.0000,
20/06/2012 12:30:00,475.00000,20/06/2012 19:30:00,467.00000,@C,1,1,-400.00,37.5000,-375.0000,
21/06/2012 06:00:00,468.00000,21/06/2012 21:30:00,450.50000,@C,-1,1,875.00,1050.0000,-200.0000,
25/06/2012 02:30:00,468.00000,25/06/2012 09:00:00,476.00000,@C,-1,1,-400.00,25.0000,-375.0000,
28/06/2012 06:00:00,520.50000,28/06/2012 21:30:00,514.25000,@C,-1,1,312.50,800.0000,-150.0000,
02/07/2012 02:30:00,530.50000,02/07/2012 08:00:00,538.50000,@C,-1,1,-400.00,87.5000,-375.0000,
09/07/2012 02:30:00,605.25000,09/07/2012 08:00:00,613.25000,@C,-1,1,-400.00,12.5000,-300.0000,
12/07/2012 06:00:00,602.75000,12/07/2012 10:00:00,610.75000,@C,-1,1,-400.00,137.5000,-287.5000,
16/07/2012 02:30:00,657.25000,16/07/2012 11:30:00,654.00000,@C,-1,1,162.50,337.5000,-337.5000,
18/07/2012 12:30:00,674.75000,19/07/2012 05:30:00,695.25000,@C,1,1,1025.00,1150.0000,-25.0000,
19/07/2012 06:00:00,696.00000,19/07/2012 21:30:00,692.25000,@C,-1,1,187.50,912.5000,-350.0000,
23/07/2012 02:30:00,702.25000,23/07/2012 11:30:00,702.00000,@C,-1,1,12.50,1037.5000,-225.0000,
25/07/2012 12:30:00,683.00000,25/07/2012 19:30:00,673.75000,@C,1,1,-462.50,100.0000,-462.5000,
30/07/2012 02:30:00,705.75000,30/07/2012 11:30:00,705.50000,@C,-1,1,12.50,287.5000,-150.0000,
08/08/2012 12:30:00,687.50000,09/08/2012 05:30:00,704.75000,@C,1,1,862.50,1025.0000,-25.0000,
09/08/2012 06:00:00,704.00000,09/08/2012 10:00:00,712.00000,@C,-1,1,-400.00,37.5000,-375.0000,
15/08/2012 12:30:00,674.50000,16/08/2012 05:30:00,681.00000,@C,1,1,325.00,437.5000,-25.0000,
20/08/2012 02:30:00,692.00000,20/08/2012 10:30:00,700.00000,@C,-1,1,-400.00,287.5000,-212.5000,
23/08/2012 06:00:00,712.50000,23/08/2012 21:30:00,697.00000,@C,-1,1,775.00,1062.5000,-187.5000,
29/08/2012 12:30:00,692.50000,30/08/2012 05:30:00,697.25000,@C,1,1,237.50,237.5000,-112.5000,
30/08/2012 06:00:00,695.75000,30/08/2012 21:30:00,687.00000,@C,-1,1,437.50,500.0000,-100.0000,
10/09/2012 02:30:00,681.00000,10/09/2012 11:30:00,674.50000,@C,-1,1,325.00,337.5000,-287.5000,
12/09/2012 12:30:00,649.25000,13/09/2012 05:30:00,650.50000,@C,1,1,62.50,150.0000,-237.5000,
19/09/2012 12:30:00,636.50000,20/09/2012 05:30:00,630.50000,@C,1,1,-300.00,50.0000,-337.5000,
01/10/2012 02:30:00,645.50000,01/10/2012 11:30:00,633.50000,@C,-1,1,600.00,637.5000,-87.5000,
03/10/2012 12:30:00,635.75000,04/10/2012 05:30:00,642.00000,@C,1,1,312.50,400.0000,-137.5000,
04/10/2012 06:00:00,642.00000,04/10/2012 21:30:00,637.75000,@C,-1,1,212.50,275.0000,-287.5000,
17/10/2012 12:30:00,623.25000,18/10/2012 05:30:00,631.50000,@C,1,1,412.50,437.5000,-62.5000,
18/10/2012 06:00:00,632.00000,18/10/2012 12:00:00,640.00000,@C,-1,1,-400.00,225.0000,-387.5000,
22/10/2012 02:30:00,646.00000,22/10/2012 11:30:00,645.25000,@C,-1,1,37.50,237.5000,-62.5000,
31/10/2012 12:30:00,634.75000,01/11/2012 05:30:00,641.00000,@C,1,1,312.50,325.0000,-187.5000,
01/11/2012 06:00:00,641.75000,01/11/2012 21:30:00,628.75000,@C,-1,1,650.00,675.0000,-87.5000,
14/11/2012 12:30:00,607.50000,15/11/2012 05:30:00,607.00000,@C,1,1,-25.00,50.0000,-250.0000,
19/11/2012 02:30:00,611.50000,19/11/2012 10:30:00,619.50000,@C,-1,1,-400.00,125.0000,-300.0000,
26/11/2012 02:30:00,630.25000,26/11/2012 11:30:00,629.75000,@C,-1,1,25.00,200.0000,-150.0000,
28/11/2012 12:30:00,641.75000,29/11/2012 05:30:00,642.75000,@C,1,1,50.00,87.5000,-187.5000,
29/11/2012 06:00:00,642.25000,29/11/2012 21:30:00,632.75000,@C,-1,1,475.00,487.5000,-25.0000,
03/12/2012 02:30:00,637.25000,03/12/2012 11:30:00,631.25000,@C,-1,1,300.00,312.5000,-150.0000,
05/12/2012 12:30:00,633.00000,06/12/2012 05:30:00,633.75000,@C,1,1,37.50,125.0000,-112.5000,
06/12/2012 06:00:00,633.50000,06/12/2012 21:30:00,628.75000,@C,-1,1,237.50,462.5000,0.0000,
17/12/2012 02:30:00,605.50000,17/12/2012 11:30:00,598.00000,@C,-1,1,375.00,400.0000,-125.0000,
10/01/2013 06:00:00,573.50000,10/01/2013 21:30:00,573.50000,@C,-1,1,0.00,87.5000,-162.5000,
14/01/2013 02:30:00,598.25000,14/01/2013 11:30:00,600.00000,@C,-1,1,-87.50,100.0000,-237.5000,
17/01/2013 06:00:00,605.50000,17/01/2013 21:30:00,602.00000,@C,-1,1,175.00,275.0000,-237.5000,
30/01/2013 12:30:00,612.75000,31/01/2013 05:30:00,616.00000,@C,1,1,162.50,400.0000,0.0000,
31/01/2013 06:00:00,616.25000,31/01/2013 21:30:00,618.25000,@C,-1,1,-100.00,287.5000,-125.0000,
04/02/2013 02:30:00,615.50000,04/02/2013 11:30:00,612.25000,@C,-1,1,162.50,200.0000,-125.0000,
06/02/2013 12:30:00,600.25000,07/02/2013 05:30:00,593.75000,@C,1,1,-325.00,12.5000,-337.5000,
13/02/2013 12:30:00,573.50000,14/02/2013 05:30:00,571.50000,@C,1,1,-100.00,100.0000,-262.5000,
20/02/2013 12:30:00,573.25000,21/02/2013 05:30:00,574.50000,@C,1,1,62.50,200.0000,0.0000,
21/02/2013 06:00:00,574.50000,21/02/2013 21:30:00,569.00000,@C,-1,1,275.00,375.0000,-75.0000,
28/02/2013 06:00:00,581.50000,28/02/2013 10:30:00,589.50000,@C,-1,1,-400.00,175.0000,-275.0000,
04/03/2013 02:30:00,594.00000,04/03/2013 11:30:00,581.25000,@C,-1,1,637.50,725.0000,-150.0000,
11/03/2013 02:30:00,591.50000,11/03/2013 11:30:00,596.25000,@C,-1,1,-237.50,212.5000,-312.5000,
13/03/2013 12:30:00,593.50000,14/03/2013 05:30:00,594.25000,@C,1,1,37.50,200.0000,-175.0000,
14/03/2013 06:00:00,594.75000,14/03/2013 21:30:00,599.75000,@C,-1,1,-250.00,100.0000,-300.0000,
20/03/2013 12:30:00,613.50000,21/03/2013 05:30:00,616.75000,@C,1,1,162.50,175.0000,0.0000,
21/03/2013 06:00:00,614.75000,21/03/2013 21:30:00,612.75000,@C,-1,1,100.00,200.0000,-187.5000,
27/03/2013 12:30:00,620.00000,28/03/2013 05:30:00,619.00000,@C,1,1,-50.00,75.0000,-112.5000,
28/03/2013 06:00:00,619.25000,01/04/2013 00:30:00,550.50000,@C,-1,1,3437.50,3437.5000,-62.5000,
11/04/2013 06:00:00,538.75000,11/04/2013 21:30:00,537.25000,@C,-1,1,75.00,212.5000,-350.0000,
15/04/2013 02:30:00,535.75000,15/04/2013 11:30:00,530.25000,@C,-1,1,275.00,350.0000,-200.0000,
18/04/2013 06:00:00,545.00000,18/04/2013 21:30:00,531.00000,@C,-1,1,700.00,887.5000,-187.5000,
29/04/2013 02:30:00,537.25000,29/04/2013 10:00:00,545.25000,@C,-1,1,-400.00,100.0000,-375.0000,
01/05/2013 12:30:00,554.75000,02/05/2013 05:30:00,555.00000,@C,1,1,12.50,100.0000,-237.5000,
02/05/2013 06:00:00,558.75000,02/05/2013 13:00:00,566.75000,@C,-1,1,-400.00,287.5000,-337.5000,
16/05/2013 06:00:00,555.75000,16/05/2013 21:30:00,548.50000,@C,-1,1,362.50,525.0000,-62.5000,
20/05/2013 02:30:00,563.00000,20/05/2013 11:30:00,549.00000,@C,-1,1,700.00,700.0000,-137.5000,
22/05/2013 12:30:00,559.50000,23/05/2013 05:30:00,560.00000,@C,1,1,25.00,237.5000,-37.5000,
23/05/2013 06:00:00,561.25000,23/05/2013 10:30:00,569.25000,@C,-1,1,-400.00,162.5000,-387.5000,
29/05/2013 12:30:00,564.25000,30/05/2013 05:30:00,570.50000,@C,1,1,312.50,400.0000,-12.5000,
30/05/2013 06:00:00,569.75000,30/05/2013 21:30:00,560.00000,@C,-1,1,487.50,762.5000,-87.5000,
03/06/2013 02:30:00,572.75000,03/06/2013 11:30:00,552.25000,@C,-1,1,1025.00,1200.0000,-62.5000,
10/06/2013 02:30:00,566.75000,10/06/2013 11:30:00,558.00000,@C,-1,1,437.50,650.0000,0.0000,
17/06/2013 02:30:00,560.00000,17/06/2013 10:00:00,568.00000,@C,-1,1,-400.00,100.0000,-300.0000,
19/06/2013 12:30:00,585.25000,20/06/2013 05:30:00,580.75000,@C,1,1,-225.00,162.5000,-250.0000,
20/06/2013 06:00:00,580.50000,20/06/2013 21:30:00,575.50000,@C,-1,1,250.00,400.0000,-200.0000,
05/07/2013 09:00:00,519.25000,05/07/2013 13:20:00,511.25000,@C,1,1,-400.00,250.0000,-375.0000,
11/07/2013 06:00:00,544.75000,11/07/2013 21:30:00,544.25000,@C,-1,1,25.00,700.0000,-200.0000,
31/07/2013 12:30:00,483.25000,01/08/2013 05:30:00,482.50000,@C,1,1,-37.50,87.5000,-62.5000,
01/08/2013 06:00:00,482.50000,01/08/2013 21:30:00,474.00000,@C,-1,1,425.00,537.5000,0.0000,
07/08/2013 12:30:00,456.75000,08/08/2013 05:30:00,457.75000,@C,1,1,50.00,62.5000,-200.0000,
14/08/2013 12:30:00,449.25000,15/08/2013 05:30:00,455.00000,@C,1,1,287.50,312.5000,-125.0000,
15/08/2013 06:00:00,455.00000,15/08/2013 09:00:00,463.00000,@C,-1,1,-400.00,162.5000,-200.0000,
19/08/2013 02:30:00,470.25000,19/08/2013 11:30:00,470.00000,@C,-1,1,12.50,337.5000,-187.5000,
21/08/2013 12:30:00,479.50000,22/08/2013 05:30:00,478.00000,@C,1,1,-75.00,262.5000,-125.0000,
22/08/2013 06:00:00,478.25000,22/08/2013 21:30:00,476.25000,@C,-1,1,100.00,325.0000,-287.5000,
26/08/2013 02:30:00,493.25000,26/08/2013 11:30:00,499.00000,@C,-1,1,-287.50,212.5000,-350.0000,
12/09/2013 06:00:00,468.75000,12/09/2013 21:30:00,462.50000,@C,-1,1,312.50,687.5000,-75.0000,
19/09/2013 06:00:00,459.25000,19/09/2013 21:30:00,456.25000,@C,-1,1,150.00,250.0000,-137.5000,
25/09/2013 12:30:00,453.50000,26/09/2013 05:30:00,452.00000,@C,1,1,-75.00,100.0000,-100.0000,
30/09/2013 02:30:00,452.75000,30/09/2013 10:00:00,460.75000,@C,-1,1,-400.00,25.0000,-375.0000,
02/10/2013 12:30:00,437.50000,03/10/2013 05:30:00,439.25000,@C,1,1,87.50,137.5000,-75.0000,
07/10/2013 02:30:00,441.50000,07/10/2013 11:30:00,445.75000,@C,-1,1,-212.50,37.5000,-275.0000,
10/10/2013 06:00:00,444.50000,10/10/2013 21:30:00,434.25000,@C,-1,1,512.50,537.5000,-37.5000,
16/10/2013 12:30:00,441.50000,17/10/2013 05:30:00,444.50000,@C,1,1,150.00,187.5000,-62.5000,
17/10/2013 06:00:00,444.00000,17/10/2013 21:30:00,442.25000,@C,-1,1,87.50,162.5000,-62.5000,
21/10/2013 02:30:00,440.50000,21/10/2013 11:30:00,438.50000,@C,-1,1,100.00,187.5000,-137.5000,
24/10/2013 06:00:00,442.50000,24/10/2013 21:30:00,439.25000,@C,-1,1,162.50,262.5000,-25.0000,
11/11/2013 02:30:00,427.75000,11/11/2013 11:30:00,434.50000,@C,-1,1,-337.50,25.0000,-350.0000,
13/11/2013 12:30:00,429.75000,14/11/2013 05:30:00,429.00000,@C,1,1,-37.50,62.5000,-137.5000,
14/11/2013 06:00:00,428.75000,14/11/2013 21:30:00,425.75000,@C,-1,1,150.00,237.5000,-37.5000,
20/11/2013 12:30:00,416.25000,21/11/2013 05:30:00,419.00000,@C,1,1,137.50,150.0000,-50.0000,
25/11/2013 02:30:00,423.00000,25/11/2013 11:30:00,422.50000,@C,-1,1,25.00,100.0000,-112.5000,
05/12/2013 06:00:00,425.00000,05/12/2013 21:30:00,424.25000,@C,-1,1,37.50,75.0000,-262.5000,
09/12/2013 02:30:00,428.25000,09/12/2013 11:30:00,430.00000,@C,-1,1,-87.50,162.5000,-112.5000,
11/12/2013 12:30:00,431.00000,12/12/2013 05:30:00,430.25000,@C,1,1,-37.50,62.5000,-87.5000,
12/12/2013 06:00:00,429.75000,12/12/2013 21:30:00,427.00000,@C,-1,1,137.50,462.5000,-75.0000,
23/12/2013 02:30:00,425.50000,23/12/2013 11:30:00,426.50000,@C,-1,1,-50.00,25.0000,-150.0000,
13/01/2014 02:30:00,426.25000,13/01/2014 11:30:00,426.25000,@C,-1,1,0.00,162.5000,-87.5000,
16/01/2014 06:00:00,419.25000,16/01/2014 21:30:00,420.00000,@C,-1,1,-37.50,87.5000,-162.5000,
23/01/2014 06:00:00,421.25000,23/01/2014 21:30:00,421.00000,@C,-1,1,12.50,50.0000,-125.0000,
27/01/2014 02:30:00,421.25000,27/01/2014 11:30:00,420.25000,@C,-1,1,50.00,50.0000,-162.5000,
03/02/2014 02:30:00,426.75000,03/02/2014 11:30:00,430.00000,@C,-1,1,-162.50,0.0000,-225.0000,
05/02/2014 12:30:00,434.25000,06/02/2014 05:30:00,437.00000,@C,1,1,137.50,137.5000,-12.5000,
06/02/2014 06:00:00,437.00000,06/02/2014 21:30:00,434.00000,@C,-1,1,150.00,162.5000,-137.5000,
10/02/2014 02:30:00,433.50000,10/02/2014 11:30:00,438.25000,@C,-1,1,-237.50,50.0000,-250.0000,
19/02/2014 12:30:00,445.00000,20/02/2014 05:30:00,445.00000,@C,1,1,0.00,100.0000,-25.0000,
20/02/2014 06:00:00,444.00000,20/02/2014 21:30:00,448.00000,@C,-1,1,-200.00,25.0000,-250.0000,
24/02/2014 02:30:00,444.25000,24/02/2014 11:30:00,442.50000,@C,-1,1,87.50,312.5000,-12.5000,
27/02/2014 06:00:00,445.75000,27/02/2014 21:30:00,441.50000,@C,-1,1,212.50,262.5000,-237.5000,
03/03/2014 02:30:00,463.50000,03/03/2014 11:30:00,460.00000,@C,-1,1,175.00,312.5000,-312.5000,
05/03/2014 12:30:00,472.50000,06/03/2014 05:30:00,465.75000,@C,1,1,-337.50,25.0000,-350.0000,
06/03/2014 06:00:00,466.75000,06/03/2014 09:00:00,474.75000,@C,-1,1,-400.00,12.5000,-300.0000,
10/03/2014 02:30:00,470.50000,10/03/2014 11:30:00,472.50000,@C,-1,1,-100.00,250.0000,-212.5000,
12/03/2014 12:30:00,474.25000,13/03/2014 05:30:00,478.75000,@C,1,1,225.00,287.5000,-50.0000,
13/03/2014 06:00:00,480.00000,13/03/2014 21:30:00,469.00000,@C,-1,1,550.00,587.5000,-12.5000,
17/03/2014 02:30:00,471.50000,17/03/2014 11:30:00,470.50000,@C,-1,1,50.00,400.0000,-37.5000,
19/03/2014 12:30:00,476.50000,20/03/2014 05:30:00,471.50000,@C,1,1,-250.00,112.5000,-275.0000,
24/03/2014 02:30:00,469.75000,24/03/2014 11:30:00,475.25000,@C,-1,1,-275.00,50.0000,-337.5000,
26/03/2014 12:30:00,472.00000,27/03/2014 05:30:00,471.00000,@C,1,1,-50.00,50.0000,-150.0000,
27/03/2014 06:00:00,472.00000,27/03/2014 21:30:00,478.50000,@C,-1,1,-325.00,50.0000,-387.5000,
31/03/2014 02:30:00,476.25000,31/03/2014 11:30:00,462.75000,@C,-1,1,675.00,687.5000,-87.5000,
03/04/2014 06:00:00,486.75000,03/04/2014 21:30:00,486.25000,@C,-1,1,25.00,287.5000,-62.5000,
07/04/2014 02:30:00,489.25000,07/04/2014 11:30:00,482.25000,@C,-1,1,350.00,375.0000,-12.5000,
10/04/2014 06:00:00,488.75000,10/04/2014 21:30:00,485.75000,@C,-1,1,150.00,387.5000,-62.5000,
14/04/2014 02:30:00,488.50000,14/04/2014 11:30:00,493.00000,@C,-1,1,-225.00,200.0000,-275.0000,
23/04/2014 12:30:00,489.75000,24/04/2014 05:30:00,491.50000,@C,1,1,87.50,100.0000,-62.5000,
24/04/2014 06:00:00,491.50000,24/04/2014 21:30:00,490.25000,@C,-1,1,62.50,250.0000,-150.0000,
28/04/2014 02:30:00,495.50000,28/04/2014 11:30:00,493.25000,@C,-1,1,112.50,150.0000,-212.5000,
30/04/2014 12:30:00,498.75000,01/05/2014 05:30:00,496.50000,@C,1,1,-112.50,175.0000,-112.5000,
01/05/2014 06:00:00,496.75000,01/05/2014 21:30:00,486.00000,@C,-1,1,537.50,575.0000,-125.0000,
08/05/2014 06:00:00,494.75000,08/05/2014 21:30:00,496.25000,@C,-1,1,-75.00,275.0000,-175.0000,
14/05/2014 12:30:00,479.75000,15/05/2014 05:30:00,475.00000,@C,1,1,-237.50,37.5000,-262.5000,
21/05/2014 12:30:00,456.75000,22/05/2014 05:30:00,458.00000,@C,1,1,62.50,150.0000,-150.0000,
28/05/2014 12:30:00,451.75000,29/05/2014 05:30:00,453.00000,@C,1,1,62.50,125.0000,-12.5000,
04/06/2014 12:30:00,438.25000,05/06/2014 05:30:00,438.00000,@C,1,1,-12.50,50.0000,-137.5000,
18/06/2014 12:30:00,424.00000,19/06/2014 05:30:00,425.25000,@C,1,1,62.50,75.0000,-112.5000,
19/06/2014 06:00:00,425.50000,19/06/2014 21:30:00,431.75000,@C,-1,1,-312.50,25.0000,-325.0000,
23/06/2014 02:30:00,438.50000,23/06/2014 11:30:00,427.00000,@C,-1,1,575.00,662.5000,-25.0000,
02/07/2014 12:30:00,398.50000,03/07/2014 05:30:00,400.00000,@C,1,1,75.00,100.0000,-25.0000,
23/07/2014 12:30:00,346.25000,24/07/2014 05:30:00,350.75000,@C,1,1,225.00,250.0000,-25.0000,
28/07/2014 02:30:00,352.75000,28/07/2014 11:30:00,352.00000,@C,-1,1,37.50,125.0000,-62.5000,
07/08/2014 06:00:00,347.25000,07/08/2014 21:30:00,344.75000,@C,-1,1,125.00,250.0000,-12.5000,
13/08/2014 12:30:00,344.25000,14/08/2014 05:30:00,342.50000,@C,1,1,-87.50,87.5000,-137.5000,
18/08/2014 02:30:00,353.25000,18/08/2014 11:30:00,348.75000,@C,-1,1,225.00,275.0000,-162.5000,
20/08/2014 12:30:00,344.50000,21/08/2014 05:30:00,348.00000,@C,1,1,175.00,187.5000,-25.0000,
21/08/2014 06:00:00,348.50000,21/08/2014 21:30:00,350.00000,@C,-1,1,-75.00,125.0000,-200.0000,
25/08/2014 02:30:00,350.50000,25/08/2014 11:30:00,346.25000,@C,-1,1,212.50,262.5000,-12.5000,
27/08/2014 12:30:00,341.25000,28/08/2014 05:30:00,343.00000,@C,1,1,87.50,87.5000,-12.5000,
10/09/2014 12:30:00,323.50000,11/09/2014 05:30:00,321.25000,@C,1,1,-112.50,62.5000,-137.5000,
17/09/2014 12:30:00,318.75000,18/09/2014 05:30:00,319.00000,@C,1,1,12.50,37.5000,-50.0000,
18/09/2014 06:00:00,318.75000,18/09/2014 21:30:00,314.75000,@C,-1,1,200.00,200.0000,-25.0000,
24/09/2014 12:30:00,306.50000,25/09/2014 05:30:00,307.00000,@C,1,1,25.00,87.5000,-12.5000,
01/10/2014 12:30:00,300.50000,02/10/2014 05:30:00,297.00000,@C,1,1,-175.00,25.0000,-187.5000,
06/10/2014 02:30:00,302.75000,06/10/2014 11:30:00,308.00000,@C,-1,1,-262.50,0.0000,-262.5000,
08/10/2014 12:30:00,319.75000,09/10/2014 05:30:00,319.75000,@C,1,1,0.00,62.5000,-75.0000,
09/10/2014 06:00:00,319.50000,09/10/2014 21:30:00,321.00000,@C,-1,1,-75.00,37.5000,-300.0000,
15/10/2014 12:30:00,330.75000,16/10/2014 05:00:00,322.75000,@C,1,1,-400.00,12.5000,-337.5000,
16/10/2014 06:00:00,323.25000,16/10/2014 19:30:00,331.25000,@C,-1,1,-400.00,37.5000,-362.5000,
22/10/2014 12:30:00,335.25000,23/10/2014 05:30:00,331.25000,@C,1,1,-200.00,0.0000,-312.5000,
23/10/2014 06:00:00,332.00000,23/10/2014 21:30:00,337.75000,@C,-1,1,-287.50,175.0000,-325.0000,
29/10/2014 12:30:00,346.25000,30/10/2014 05:30:00,355.50000,@C,1,1,462.50,475.0000,0.0000,
30/10/2014 06:00:00,356.50000,30/10/2014 21:30:00,351.50000,@C,-1,1,250.00,375.0000,-100.0000,
03/11/2014 02:30:00,350.25000,03/11/2014 11:30:00,349.75000,@C,-1,1,25.00,112.5000,-125.0000,
05/11/2014 12:30:00,346.75000,06/11/2014 05:30:00,346.25000,@C,1,1,-25.00,125.0000,-62.5000,
13/11/2014 06:00:00,358.25000,13/11/2014 11:30:00,366.25000,@C,-1,1,-400.00,37.5000,-312.5000,
17/11/2014 02:30:00,360.25000,17/11/2014 11:30:00,354.25000,@C,-1,1,300.00,425.0000,-12.5000,
08/12/2014 02:30:00,359.50000,08/12/2014 11:30:00,360.50000,@C,-1,1,-50.00,37.5000,-237.5000,
11/12/2014 06:00:00,358.50000,11/12/2014 21:30:00,363.50000,@C,-1,1,-250.00,87.5000,-350.0000,
15/12/2014 02:30:00,375.75000,15/12/2014 11:30:00,375.00000,@C,-1,1,37.50,312.5000,-37.5000,
17/12/2014 12:30:00,373.00000,18/12/2014 05:30:00,376.50000,@C,1,1,175.00,262.5000,-87.5000,
18/12/2014 06:00:00,377.25000,18/12/2014 21:30:00,373.50000,@C,-1,1,187.50,287.5000,-62.5000,
22/12/2014 02:30:00,374.25000,22/12/2014 11:30:00,377.00000,@C,-1,1,-137.50,62.5000,-225.0000,
29/12/2014 02:30:00,379.50000,29/12/2014 11:30:00,376.25000,@C,-1,1,162.50,212.5000,-100.0000,
07/01/2015 12:30:00,364.25000,08/01/2015 05:30:00,363.00000,@C,1,1,-62.50,0.0000,-212.5000,
21/01/2015 12:30:00,352.75000,22/01/2015 05:30:00,353.75000,@C,1,1,50.00,112.5000,-100.0000,
22/01/2015 06:00:00,354.00000,22/01/2015 21:30:00,348.50000,@C,-1,1,275.00,350.0000,-50.0000,
05/02/2015 06:00:00,351.25000,05/02/2015 21:30:00,352.50000,@C,-1,1,-62.50,212.5000,-75.0000,
09/02/2015 02:30:00,352.00000,09/02/2015 11:30:00,354.75000,@C,-1,1,-137.50,200.0000,-200.0000,
11/02/2015 12:30:00,353.25000,12/02/2015 05:30:00,351.00000,@C,1,1,-112.50,25.0000,-200.0000,
02/03/2015 02:30:00,350.50000,02/03/2015 11:30:00,345.00000,@C,-1,1,275.00,287.5000,-50.0000,
04/03/2015 12:30:00,345.50000,05/03/2015 05:30:00,345.75000,@C,1,1,12.50,37.5000,-62.5000,
05/03/2015 06:00:00,345.75000,05/03/2015 21:30:00,345.25000,@C,-1,1,25.00,75.0000,-187.5000,
11/03/2015 12:30:00,348.00000,12/03/2015 05:30:00,347.25000,@C,1,1,-37.50,62.5000,-87.5000,
12/03/2015 06:00:00,347.25000,12/03/2015 21:30:00,345.50000,@C,-1,1,87.50,225.0000,-62.5000,
18/03/2015 12:30:00,328.00000,19/03/2015 05:30:00,333.25000,@C,1,1,262.50,450.0000,-62.5000,
23/03/2015 02:30:00,344.25000,23/03/2015 11:30:00,346.75000,@C,-1,1,-125.00,25.0000,-175.0000,
25/03/2015 12:30:00,351.25000,26/03/2015 05:30:00,353.25000,@C,1,1,100.00,112.5000,-50.0000,
26/03/2015 06:00:00,353.25000,26/03/2015 21:30:00,349.00000,@C,-1,1,212.50,375.0000,0.0000,
30/03/2015 02:30:00,348.00000,30/03/2015 11:30:00,349.75000,@C,-1,1,-87.50,62.5000,-175.0000,
01/04/2015 12:30:00,336.00000,02/04/2015 05:30:00,337.25000,@C,1,1,62.50,150.0000,-37.5000,
06/04/2015 02:30:00,345.75000,06/04/2015 11:30:00,340.75000,@C,-1,1,250.00,287.5000,-12.5000,
20/04/2015 02:30:00,337.00000,20/04/2015 11:30:00,334.25000,@C,-1,1,137.50,237.5000,-62.5000,
22/04/2015 12:30:00,329.75000,23/04/2015 05:30:00,329.00000,@C,1,1,-37.50,12.5000,-100.0000,
29/04/2015 12:30:00,319.75000,30/04/2015 05:30:00,321.50000,@C,1,1,87.50,137.5000,-62.5000,
07/05/2015 06:00:00,317.00000,07/05/2015 21:30:00,313.25000,@C,-1,1,187.50,200.0000,-50.0000,
11/05/2015 02:30:00,314.75000,11/05/2015 11:30:00,314.00000,@C,-1,1,37.50,100.0000,-112.5000,
13/05/2015 12:30:00,313.25000,14/05/2015 05:30:00,315.50000,@C,1,1,112.50,137.5000,-25.0000,
14/05/2015 06:00:00,315.50000,14/05/2015 21:30:00,321.50000,@C,-1,1,-300.00,12.5000,-337.5000,
18/05/2015 02:30:00,319.75000,18/05/2015 11:30:00,321.50000,@C,-1,1,-87.50,12.5000,-200.0000,
04/06/2015 06:00:00,310.00000,04/06/2015 21:30:00,314.75000,@C,-1,1,-237.50,25.0000,-350.0000,
08/06/2015 02:30:00,314.50000,08/06/2015 11:30:00,316.75000,@C,-1,1,-112.50,62.5000,-175.0000,
18/06/2015 06:00:00,310.75000,18/06/2015 21:30:00,308.75000,@C,-1,1,100.00,137.5000,-150.0000,
24/06/2015 12:30:00,323.00000,25/06/2015 05:30:00,316.50000,@C,1,1,-325.00,25.0000,-350.0000,
25/06/2015 06:00:00,318.00000,25/06/2015 09:30:00,326.00000,@C,-1,1,-400.00,25.0000,-362.5000,
29/06/2015 02:30:00,341.25000,29/06/2015 11:30:00,341.00000,@C,-1,1,12.50,87.5000,-225.0000,
02/07/2015 06:00:00,367.50000,02/07/2015 11:30:00,375.50000,@C,-1,1,-400.00,87.5000,-387.5000,
06/07/2015 02:30:00,366.50000,06/07/2015 11:30:00,370.25000,@C,-1,1,-187.50,162.5000,-237.5000,
09/07/2015 06:00:00,373.75000,09/07/2015 21:30:00,374.25000,@C,-1,1,-25.00,87.5000,-275.0000,
13/07/2015 02:30:00,381.75000,13/07/2015 11:30:00,383.75000,@C,-1,1,-100.00,225.0000,-175.0000,
15/07/2015 12:30:00,374.25000,16/07/2015 05:30:00,376.25000,@C,1,1,100.00,287.5000,-62.5000,
22/07/2015 12:30:00,350.50000,23/07/2015 05:30:00,349.75000,@C,1,1,-37.50,37.5000,-162.5000,
06/08/2015 06:00:00,320.25000,06/08/2015 21:30:00,314.50000,@C,-1,1,287.50,300.0000,-50.0000,
10/08/2015 02:30:00,323.50000,10/08/2015 09:30:00,331.50000,@C,-1,1,-400.00,50.0000,-350.0000,
20/08/2015 06:00:00,315.25000,20/08/2015 21:30:00,318.75000,@C,-1,1,-175.00,75.0000,-175.0000,
02/09/2015 12:30:00,301.50000,03/09/2015 05:30:00,301.25000,@C,1,1,-12.50,62.5000,-75.0000,
10/09/2015 06:00:00,304.00000,10/09/2015 21:30:00,309.00000,@C,-1,1,-250.00,125.0000,-275.0000,
14/09/2015 02:30:00,325.25000,14/09/2015 11:30:00,327.25000,@C,-1,1,-100.00,212.5000,-162.5000,
17/09/2015 06:00:00,318.75000,17/09/2015 21:30:00,315.25000,@C,-1,1,175.00,237.5000,-25.0000,
24/09/2015 06:00:00,316.75000,24/09/2015 21:30:00,316.50000,@C,-1,1,12.50,137.5000,-100.0000,
28/09/2015 02:30:00,323.25000,28/09/2015 11:30:00,321.00000,@C,-1,1,112.50,200.0000,-200.0000,
01/10/2015 06:00:00,322.50000,01/10/2015 21:30:00,323.75000,@C,-1,1,-62.50,87.5000,-262.5000,
05/10/2015 02:30:00,325.75000,05/10/2015 11:30:00,326.00000,@C,-1,1,-12.50,100.0000,-37.5000,
07/10/2015 12:30:00,329.75000,08/10/2015 05:30:00,330.25000,@C,1,1,25.00,75.0000,-50.0000,
08/10/2015 06:00:00,328.75000,08/10/2015 21:30:00,326.25000,@C,-1,1,125.00,175.0000,-87.5000,
21/10/2015 12:30:00,313.25000,22/10/2015 05:30:00,316.75000,@C,1,1,175.00,212.5000,-12.5000,
22/10/2015 06:00:00,316.50000,22/10/2015 21:30:00,312.25000,@C,-1,1,212.50,225.0000,-87.5000,
26/10/2015 02:30:00,315.75000,26/10/2015 11:30:00,318.00000,@C,-1,1,-112.50,150.0000,-200.0000,
02/11/2015 02:30:00,315.75000,02/11/2015 11:30:00,311.50000,@C,-1,1,212.50,250.0000,-25.0000,
04/11/2015 12:30:00,317.25000,05/11/2015 05:30:00,313.50000,@C,1,1,-187.50,50.0000,-200.0000,
05/11/2015 06:00:00,313.50000,05/11/2015 21:30:00,309.50000,@C,-1,1,200.00,250.0000,-25.0000,
19/11/2015 06:00:00,297.50000,19/11/2015 21:30:00,297.75000,@C,-1,1,-12.50,62.5000,-137.5000,
07/12/2015 02:30:00,307.50000,07/12/2015 11:30:00,302.50000,@C,-1,1,250.00,262.5000,-50.0000,
21/12/2015 02:30:00,302.75000,21/12/2015 11:30:00,298.25000,@C,-1,1,225.00,250.0000,-100.0000,
06/01/2016 12:30:00,281.25000,07/01/2016 05:30:00,279.25000,@C,1,1,-100.00,62.5000,-137.5000,
11/01/2016 02:30:00,282.50000,11/01/2016 11:30:00,278.50000,@C,-1,1,200.00,212.5000,-12.5000,
13/01/2016 12:30:00,286.00000,14/01/2016 05:30:00,284.25000,@C,1,1,-87.50,50.0000,-100.0000,
14/01/2016 06:00:00,284.25000,14/01/2016 21:30:00,284.75000,@C,-1,1,-25.00,50.0000,-187.5000,
20/01/2016 12:30:00,295.25000,21/01/2016 05:30:00,297.25000,@C,1,1,100.00,112.5000,0.0000,
21/01/2016 06:00:00,297.25000,21/01/2016 21:30:00,295.00000,@C,-1,1,112.50,200.0000,-125.0000,
25/01/2016 02:30:00,298.00000,25/01/2016 11:30:00,297.50000,@C,-1,1,25.00,112.5000,-112.5000,
27/01/2016 12:30:00,297.50000,28/01/2016 05:30:00,296.50000,@C,1,1,-50.00,37.5000,-62.5000,
01/02/2016 02:30:00,297.25000,01/02/2016 11:30:00,297.50000,@C,-1,1,-12.50,87.5000,-37.5000,
04/02/2016 06:00:00,301.00000,04/02/2016 21:30:00,296.75000,@C,-1,1,212.50,262.5000,-12.5000,
10/02/2016 12:30:00,288.25000,11/02/2016 05:30:00,288.00000,@C,1,1,-12.50,25.0000,-37.5000,
18/02/2016 06:00:00,294.50000,18/02/2016 21:30:00,293.00000,@C,-1,1,75.00,87.5000,-62.5000,
22/02/2016 02:30:00,296.00000,22/02/2016 11:30:00,295.00000,@C,-1,1,50.00,62.5000,-50.0000,
24/02/2016 12:30:00,288.50000,25/02/2016 05:30:00,289.00000,@C,1,1,25.00,50.0000,-87.5000,
07/03/2016 02:30:00,283.75000,07/03/2016 11:30:00,283.25000,@C,-1,1,25.00,87.5000,-37.5000,
14/03/2016 02:30:00,289.25000,14/03/2016 11:30:00,290.75000,@C,-1,1,-75.00,25.0000,-150.0000,
16/03/2016 12:30:00,291.50000,17/03/2016 05:30:00,293.00000,@C,1,1,75.00,75.0000,-50.0000,
17/03/2016 06:00:00,293.00000,17/03/2016 21:30:00,291.50000,@C,-1,1,75.00,175.0000,-100.0000,
23/03/2016 12:30:00,290.50000,24/03/2016 05:30:00,291.75000,@C,1,1,62.50,87.5000,-12.5000,
28/03/2016 02:30:00,292.00000,28/03/2016 11:30:00,294.00000,@C,-1,1,-100.00,62.5000,-112.5000,
07/04/2016 06:00:00,281.25000,07/04/2016 21:30:00,284.50000,@C,-1,1,-162.50,25.0000,-187.5000,
11/04/2016 02:30:00,284.00000,11/04/2016 11:30:00,280.00000,@C,-1,1,200.00,250.0000,-37.5000,
13/04/2016 12:30:00,294.75000,14/04/2016 05:30:00,294.00000,@C,1,1,-37.50,137.5000,-37.5000,
14/04/2016 06:00:00,294.00000,14/04/2016 21:30:00,296.25000,@C,-1,1,-112.50,62.5000,-175.0000,
18/04/2016 02:30:00,302.75000,18/04/2016 11:30:00,304.50000,@C,-1,1,-87.50,187.5000,-212.5000,
20/04/2016 12:30:00,312.75000,21/04/2016 05:30:00,322.00000,@C,1,1,462.50,475.0000,-25.0000,
21/04/2016 06:00:00,323.75000,21/04/2016 21:30:00,306.00000,@C,-1,1,887.50,962.5000,-62.5000,
02/05/2016 02:30:00,308.75000,02/05/2016 11:30:00,303.50000,@C,-1,1,262.50,275.0000,-37.5000,
12/05/2016 06:00:00,298.75000,12/05/2016 13:20:00,306.75000,@C,-1,1,-400.00,37.5000,-362.5000,
16/05/2016 02:30:00,305.25000,16/05/2016 11:30:00,309.00000,@C,-1,1,-187.50,50.0000,-237.5000,
18/05/2016 12:30:00,317.50000,19/05/2016 05:30:00,315.25000,@C,1,1,-112.50,50.0000,-187.5000,
19/05/2016 06:00:00,315.00000,19/05/2016 21:30:00,308.25000,@C,-1,1,337.50,575.0000,-37.5000,
23/05/2016 02:30:00,311.25000,23/05/2016 11:30:00,313.75000,@C,-1,1,-125.00,112.5000,-300.0000,
25/05/2016 12:30:00,323.00000,26/05/2016 05:30:00,324.50000,@C,1,1,75.00,100.0000,-112.5000,
26/05/2016 06:00:00,325.00000,26/05/2016 21:30:00,326.25000,@C,-1,1,-62.50,350.0000,-112.5000,
01/06/2016 12:30:00,331.00000,02/06/2016 05:30:00,332.25000,@C,1,1,62.50,100.0000,-112.5000,
02/06/2016 06:00:00,331.50000,02/06/2016 21:30:00,333.00000,@C,-1,1,-75.00,50.0000,-300.0000,
06/06/2016 02:30:00,339.50000,06/06/2016 11:30:00,344.00000,@C,-1,1,-225.00,37.5000,-300.0000,
08/06/2016 12:30:00,352.50000,09/06/2016 04:00:00,344.50000,@C,1,1,-400.00,12.5000,-387.5000,
09/06/2016 06:00:00,344.25000,09/06/2016 21:30:00,342.25000,@C,-1,1,100.00,150.0000,-162.5000,
13/06/2016 02:30:00,349.75000,13/06/2016 11:30:00,350.00000,@C,-1,1,-12.50,112.5000,-312.5000,
20/06/2016 02:30:00,348.00000,20/06/2016 11:30:00,342.50000,@C,-1,1,275.00,325.0000,-87.5000,
11/07/2016 02:30:00,272.00000,11/07/2016 11:30:00,263.50000,@C,-1,1,425.00,500.0000,-87.5000,
14/07/2016 06:00:00,285.00000,14/07/2016 21:30:00,273.50000,@C,-1,1,575.00,775.0000,-100.0000,
28/07/2016 06:00:00,250.50000,28/07/2016 21:30:00,246.00000,@C,-1,1,225.00,375.0000,-37.5000,
03/08/2016 12:30:00,240.75000,04/08/2016 05:30:00,239.75000,@C,1,1,-50.00,25.0000,-137.5000,
10/08/2016 12:30:00,238.25000,11/08/2016 05:30:00,235.75000,@C,1,1,-125.00,25.0000,-162.5000,
15/08/2016 02:30:00,240.75000,15/08/2016 11:30:00,241.25000,@C,-1,1,-25.00,112.5000,-112.5000,
18/08/2016 06:00:00,243.75000,18/08/2016 21:30:00,246.00000,@C,-1,1,-112.50,162.5000,-175.0000,
22/08/2016 02:30:00,247.00000,22/08/2016 11:30:00,246.50000,@C,-1,1,25.00,125.0000,-75.0000,
31/08/2016 12:30:00,222.25000,01/09/2016 05:30:00,223.50000,@C,1,1,62.50,75.0000,-100.0000,
07/09/2016 12:30:00,238.00000,08/09/2016 05:30:00,239.25000,@C,1,1,62.50,100.0000,-37.5000,
08/09/2016 06:00:00,239.25000,08/09/2016 21:30:00,242.25000,@C,-1,1,-150.00,75.0000,-237.5000,
12/09/2016 02:30:00,244.25000,12/09/2016 11:30:00,245.25000,@C,-1,1,-50.00,0.0000,-212.5000,
14/09/2016 12:30:00,235.75000,15/09/2016 05:30:00,239.00000,@C,1,1,162.50,212.5000,-12.5000,
19/09/2016 02:30:00,245.00000,19/09/2016 11:30:00,240.25000,@C,-1,1,237.50,262.5000,-12.5000,
21/09/2016 12:30:00,245.75000,22/09/2016 05:30:00,246.00000,@C,1,1,12.50,50.0000,-87.5000,
22/09/2016 06:00:00,244.50000,22/09/2016 21:30:00,240.75000,@C,-1,1,187.50,225.0000,-62.5000,
03/10/2016 02:30:00,242.25000,03/10/2016 11:00:00,250.25000,@C,-1,1,-400.00,87.5000,-300.0000,
05/10/2016 12:30:00,253.75000,06/10/2016 05:30:00,251.50000,@C,1,1,-112.50,37.5000,-150.0000,
06/10/2016 06:00:00,252.00000,06/10/2016 21:30:00,247.25000,@C,-1,1,237.50,412.5000,-50.0000,
17/10/2016 02:30:00,261.00000,17/10/2016 11:30:00,257.00000,@C,-1,1,200.00,275.0000,-62.5000,
19/10/2016 12:30:00,262.00000,20/10/2016 05:30:00,263.75000,@C,1,1,87.50,112.5000,-37.5000,
20/10/2016 06:00:00,263.50000,20/10/2016 21:30:00,256.50000,@C,-1,1,350.00,450.0000,-50.0000,
26/10/2016 12:30:00,259.75000,27/10/2016 05:30:00,263.00000,@C,1,1,162.50,175.0000,-62.5000,
27/10/2016 06:00:00,263.50000,27/10/2016 21:30:00,262.75000,@C,-1,1,37.50,300.0000,-12.5000,
31/10/2016 02:30:00,259.00000,31/10/2016 11:30:00,263.25000,@C,-1,1,-212.50,75.0000,-212.5000,
21/11/2016 02:30:00,252.00000,21/11/2016 11:30:00,251.75000,@C,-1,1,12.50,100.0000,-50.0000,
23/11/2016 12:30:00,255.00000,28/11/2016 03:00:00,255.75000,@C,1,1,37.50,187.5000,-62.5000,
08/12/2016 06:00:00,255.75000,08/12/2016 21:30:00,250.50000,@C,-1,1,262.50,462.5000,-25.0000,
12/12/2016 02:30:00,255.25000,12/12/2016 11:30:00,254.25000,@C,-1,1,50.00,150.0000,-75.0000,
14/12/2016 12:30:00,255.75000,15/12/2016 05:30:00,258.00000,@C,1,1,112.50,125.0000,0.0000,
15/12/2016 06:00:00,257.75000,15/12/2016 21:30:00,253.75000,@C,-1,1,200.00,312.5000,-75.0000,
29/12/2016 06:00:00,246.50000,29/12/2016 21:30:00,245.50000,@C,-1,1,50.00,137.5000,-37.5000,
05/01/2017 06:00:00,254.75000,05/01/2017 21:30:00,257.75000,@C,-1,1,-150.00,0.0000,-212.5000,
09/01/2017 02:30:00,255.00000,09/01/2017 11:30:00,252.50000,@C,-1,1,125.00,175.0000,-50.0000,
11/01/2017 12:30:00,250.00000,12/01/2017 05:30:00,251.75000,@C,1,1,87.50,225.0000,-12.5000,
18/01/2017 12:30:00,263.00000,19/01/2017 05:30:00,261.75000,@C,1,1,-62.50,50.0000,-162.5000,
19/01/2017 06:00:00,261.75000,19/01/2017 21:30:00,262.25000,@C,-1,1,-25.00,137.5000,-100.0000,
23/01/2017 02:30:00,265.50000,23/01/2017 11:30:00,263.75000,@C,-1,1,87.50,87.5000,-25.0000,
01/02/2017 12:30:00,260.50000,02/02/2017 05:30:00,263.25000,@C,1,1,137.50,212.5000,-12.5000,
02/02/2017 06:00:00,263.25000,02/02/2017 21:30:00,263.25000,@C,-1,1,0.00,75.0000,-137.5000,
06/02/2017 02:30:00,263.75000,06/02/2017 11:30:00,259.75000,@C,-1,1,200.00,237.5000,-12.5000,
08/02/2017 12:30:00,266.00000,09/02/2017 05:30:00,265.50000,@C,1,1,-25.00,62.5000,-50.0000,
09/02/2017 06:00:00,265.75000,09/02/2017 21:30:00,265.25000,@C,-1,1,25.00,100.0000,-162.5000,
13/02/2017 02:30:00,270.00000,13/02/2017 11:30:00,270.75000,@C,-1,1,-37.50,100.0000,-87.5000,
15/02/2017 12:30:00,275.00000,16/02/2017 05:30:00,274.00000,@C,1,1,-50.00,12.5000,-100.0000,
16/02/2017 06:00:00,273.75000,16/02/2017 21:30:00,267.75000,@C,-1,1,300.00,325.0000,-125.0000,
02/03/2017 06:00:00,270.00000,02/03/2017 21:30:00,268.75000,@C,-1,1,62.50,200.0000,-37.5000,
06/03/2017 02:30:00,271.00000,06/03/2017 11:30:00,267.25000,@C,-1,1,187.50,237.5000,-62.5000,
16/03/2017 06:00:00,255.25000,16/03/2017 21:30:00,255.50000,@C,-1,1,-12.50,100.0000,-50.0000,
20/03/2017 02:30:00,259.25000,20/03/2017 11:30:00,254.00000,@C,-1,1,262.50,337.5000,-12.5000,
29/03/2017 12:30:00,247.25000,30/03/2017 05:30:00,246.75000,@C,1,1,-25.00,50.0000,-37.5000,
30/03/2017 06:00:00,246.75000,30/03/2017 21:30:00,247.50000,@C,-1,1,-37.50,37.5000,-50.0000,
03/04/2017 02:30:00,256.50000,03/04/2017 11:30:00,260.75000,@C,-1,1,-212.50,25.0000,-225.0000,
05/04/2017 12:30:00,253.75000,06/04/2017 05:30:00,253.50000,@C,1,1,-12.50,62.5000,-50.0000,
06/04/2017 06:00:00,253.25000,06/04/2017 21:30:00,250.25000,@C,-1,1,150.00,200.0000,-50.0000,
12/04/2017 12:30:00,258.75000,13/04/2017 05:30:00,259.75000,@C,1,1,50.00,100.0000,-50.0000,
13/04/2017 06:00:00,260.25000,17/04/2017 01:00:00,259.50000,@C,-1,1,37.50,37.5000,-100.0000,
17/04/2017 02:30:00,259.50000,17/04/2017 11:30:00,256.00000,@C,-1,1,175.00,200.0000,-50.0000,
27/04/2017 06:00:00,250.25000,27/04/2017 21:30:00,251.25000,@C,-1,1,-50.00,87.5000,-175.0000,
01/05/2017 02:30:00,253.25000,01/05/2017 11:30:00,259.50000,@C,-1,1,-312.50,0.0000,-312.5000,
03/05/2017 12:30:00,257.25000,04/05/2017 05:30:00,254.75000,@C,1,1,-125.00,62.5000,-137.5000,
04/05/2017 06:00:00,255.25000,04/05/2017 21:30:00,250.75000,@C,-1,1,225.00,337.5000,0.0000,
10/05/2017 12:30:00,251.25000,11/05/2017 05:30:00,256.00000,@C,1,1,237.50,262.5000,-50.0000,
11/05/2017 06:00:00,256.00000,11/05/2017 21:30:00,251.00000,@C,-1,1,250.00,250.0000,-12.5000,
15/05/2017 02:30:00,253.25000,15/05/2017 11:30:00,251.50000,@C,-1,1,87.50,87.5000,-50.0000,
22/05/2017 02:30:00,256.25000,22/05/2017 11:30:00,259.25000,@C,-1,1,-150.00,12.5000,-187.5000,
25/05/2017 06:00:00,254.75000,25/05/2017 21:30:00,251.50000,@C,-1,1,162.50,175.0000,-37.5000,
01/06/2017 06:00:00,255.75000,01/06/2017 21:30:00,253.00000,@C,-1,1,137.50,287.5000,-25.0000,
05/06/2017 02:30:00,256.25000,05/06/2017 11:30:00,255.75000,@C,-1,1,25.00,75.0000,-87.5000,
07/06/2017 12:30:00,267.50000,08/06/2017 05:30:00,270.25000,@C,1,1,137.50,137.5000,-75.0000,
08/06/2017 06:00:00,270.75000,08/06/2017 21:30:00,267.25000,@C,-1,1,175.00,275.0000,-175.0000,
12/06/2017 02:30:00,268.50000,12/06/2017 11:30:00,262.00000,@C,-1,1,325.00,412.5000,-62.5000,
03/07/2017 02:30:00,260.25000,03/07/2017 10:30:00,268.25000,@C,-1,1,-400.00,37.5000,-387.5000,
05/07/2017 12:30:00,263.25000,06/07/2017 05:30:00,258.75000,@C,1,1,-225.00,162.5000,-362.5000,
06/07/2017 06:00:00,259.75000,06/07/2017 21:30:00,263.00000,@C,-1,1,-162.50,87.5000,-287.5000,
10/07/2017 02:30:00,272.50000,10/07/2017 11:30:00,273.00000,@C,-1,1,-25.00,12.5000,-200.0000,
20/07/2017 06:00:00,260.75000,20/07/2017 21:30:00,263.25000,@C,-1,1,-125.00,112.5000,-325.0000,
26/07/2017 12:30:00,244.00000,27/07/2017 05:30:00,249.25000,@C,1,1,262.50,300.0000,-12.5000,
07/08/2017 02:30:00,243.75000,07/08/2017 11:30:00,244.50000,@C,-1,1,-37.50,50.0000,-62.5000,
09/08/2017 12:30:00,244.50000,10/08/2017 05:30:00,246.50000,@C,1,1,100.00,100.0000,-25.0000,
10/08/2017 06:00:00,247.00000,10/08/2017 21:30:00,233.75000,@C,-1,1,662.50,825.0000,-125.0000,
16/08/2017 12:30:00,225.75000,17/08/2017 05:30:00,227.00000,@C,1,1,62.50,100.0000,0.0000,
07/09/2017 06:00:00,218.75000,07/09/2017 21:30:00,215.00000,@C,-1,1,187.50,250.0000,-12.5000,
18/09/2017 02:30:00,213.75000,18/09/2017 11:30:00,210.75000,@C,-1,1,150.00,212.5000,-12.5000,
25/09/2017 02:30:00,211.00000,25/09/2017 11:30:00,211.00000,@C,-1,1,0.00,37.5000,-150.0000,
27/09/2017 12:30:00,211.75000,28/09/2017 05:30:00,212.00000,@C,1,1,12.50,87.5000,-12.5000,
28/09/2017 06:00:00,211.50000,28/09/2017 21:30:00,210.25000,@C,-1,1,62.50,100.0000,-25.0000,
02/10/2017 02:30:00,214.50000,02/10/2017 11:30:00,210.25000,@C,-1,1,212.50,225.0000,-25.0000,
04/10/2017 12:30:00,208.00000,05/10/2017 05:30:00,208.50000,@C,1,1,25.00,87.5000,-62.5000,
11/10/2017 12:30:00,206.25000,12/10/2017 05:30:00,205.25000,@C,1,1,-50.00,12.5000,-87.5000,
16/10/2017 02:30:00,210.75000,16/10/2017 11:30:00,209.75000,@C,-1,1,50.00,75.0000,-50.0000,
19/10/2017 06:00:00,208.75000,19/10/2017 21:30:00,207.25000,@C,-1,1,75.00,75.0000,-87.5000,
26/10/2017 06:00:00,209.75000,26/10/2017 21:30:00,209.00000,@C,-1,1,37.50,62.5000,-62.5000,
02/11/2017 06:00:00,208.25000,02/11/2017 21:30:00,209.50000,@C,-1,1,-62.50,25.0000,-137.5000,
06/11/2017 02:30:00,209.00000,06/11/2017 11:30:00,208.00000,@C,-1,1,50.00,87.5000,-12.5000,
08/11/2017 12:30:00,207.25000,09/11/2017 05:30:00,207.75000,@C,1,1,25.00,37.5000,-75.0000,
09/11/2017 06:00:00,207.50000,09/11/2017 21:30:00,200.25000,@C,-1,1,362.50,387.5000,-62.5000,
15/11/2017 12:30:00,197.75000,16/11/2017 05:30:00,197.50000,@C,1,1,-12.50,12.5000,-50.0000,
20/11/2017 02:30:00,202.25000,20/11/2017 11:30:00,202.50000,@C,-1,1,-12.50,87.5000,-87.5000,
22/11/2017 12:30:00,204.25000,27/11/2017 03:00:00,201.00000,@C,1,1,-162.50,25.0000,-275.0000,
29/11/2017 12:30:00,198.25000,30/11/2017 05:30:00,198.75000,@C,1,1,25.00,87.5000,-12.5000,
04/12/2017 02:30:00,205.50000,04/12/2017 11:30:00,201.75000,@C,-1,1,187.50,225.0000,-50.0000,
06/12/2017 12:30:00,198.75000,07/12/2017 05:30:00,198.25000,@C,1,1,-25.00,37.5000,-50.0000,
20/12/2017 12:30:00,195.00000,21/12/2017 05:30:00,195.50000,@C,1,1,25.00,37.5000,-25.0000,
21/12/2017 06:00:00,195.50000,21/12/2017 21:30:00,197.25000,@C,-1,1,-87.50,50.0000,-112.5000,
28/12/2017 06:00:00,199.00000,28/12/2017 21:30:00,196.50000,@C,-1,1,125.00,150.0000,-12.5000,
04/01/2018 06:00:00,198.75000,04/01/2018 21:30:00,197.00000,@C,-1,1,87.50,125.0000,-12.5000,
10/01/2018 12:30:00,195.25000,11/01/2018 05:30:00,195.50000,@C,1,1,12.50,25.0000,-62.5000,
17/01/2018 12:30:00,198.75000,18/01/2018 05:30:00,198.50000,@C,1,1,-12.50,25.0000,-25.0000,
18/01/2018 06:00:00,198.50000,18/01/2018 21:30:00,198.00000,@C,-1,1,25.00,100.0000,-75.0000,
22/01/2018 02:30:00,200.25000,22/01/2018 11:30:00,198.00000,@C,-1,1,112.50,150.0000,-12.5000,
25/01/2018 06:00:00,202.75000,25/01/2018 21:30:00,201.75000,@C,-1,1,50.00,112.5000,-62.5000,
29/01/2018 02:30:00,204.25000,29/01/2018 11:30:00,203.75000,@C,-1,1,25.00,75.0000,-50.0000,
01/02/2018 06:00:00,206.25000,01/02/2018 21:30:00,207.75000,@C,-1,1,-75.00,87.5000,-87.5000,
07/02/2018 12:30:00,211.25000,08/02/2018 05:30:00,211.00000,@C,1,1,-12.50,12.5000,-62.5000,
08/02/2018 06:00:00,211.50000,08/02/2018 21:30:00,211.25000,@C,-1,1,12.50,50.0000,-112.5000,
12/02/2018 02:30:00,212.00000,12/02/2018 11:30:00,211.00000,@C,-1,1,50.00,87.5000,-50.0000,
15/02/2018 06:00:00,213.50000,15/02/2018 21:30:00,214.00000,@C,-1,1,-25.00,100.0000,-62.5000,
21/02/2018 12:30:00,212.75000,22/02/2018 05:30:00,211.75000,@C,1,1,-50.00,0.0000,-100.0000,
26/02/2018 02:30:00,214.25000,26/02/2018 11:30:00,215.75000,@C,-1,1,-75.00,25.0000,-112.5000,
01/03/2018 06:00:00,219.75000,01/03/2018 21:30:00,224.75000,@C,-1,1,-250.00,125.0000,-300.0000,
05/03/2018 02:30:00,222.25000,05/03/2018 11:30:00,223.25000,@C,-1,1,-50.00,25.0000,-75.0000,
08/03/2018 06:00:00,224.00000,08/03/2018 21:30:00,230.50000,@C,-1,1,-325.00,0.0000,-375.0000,
12/03/2018 02:30:00,226.75000,12/03/2018 11:30:00,227.25000,@C,-1,1,-25.00,50.0000,-50.0000,
14/03/2018 12:30:00,229.50000,15/03/2018 05:30:00,227.75000,@C,1,1,-87.50,0.0000,-225.0000,
15/03/2018 06:00:00,228.00000,15/03/2018 21:30:00,224.50000,@C,-1,1,175.00,237.5000,-25.0000,
26/03/2018 02:30:00,217.50000,26/03/2018 11:30:00,212.50000,@C,-1,1,250.00,300.0000,-37.5000,
28/03/2018 12:30:00,211.00000,29/03/2018 05:30:00,212.75000,@C,1,1,87.50,87.5000,-12.5000,
02/04/2018 02:30:00,229.25000,02/04/2018 11:30:00,227.00000,@C,-1,1,112.50,212.5000,-37.5000,
05/04/2018 06:00:00,220.75000,05/04/2018 21:30:00,224.00000,@C,-1,1,-162.50,50.0000,-325.0000,
09/04/2018 02:30:00,227.00000,09/04/2018 11:30:00,229.25000,@C,-1,1,-112.50,12.5000,-162.5000,
18/04/2018 12:30:00,219.75000,19/04/2018 05:30:00,220.50000,@C,1,1,37.50,75.0000,-12.5000,
25/04/2018 12:30:00,224.00000,26/04/2018 05:30:00,223.00000,@C,1,1,-50.00,50.0000,-87.5000,
26/04/2018 06:00:00,223.25000,26/04/2018 21:30:00,224.50000,@C,-1,1,-62.50,75.0000,-75.0000,
30/04/2018 02:30:00,230.25000,30/04/2018 11:30:00,230.50000,@C,-1,1,-12.50,50.0000,-112.5000,
02/05/2018 12:30:00,233.75000,03/05/2018 05:30:00,233.00000,@C,1,1,-37.50,25.0000,-100.0000,
03/05/2018 06:00:00,233.75000,03/05/2018 21:30:00,236.00000,@C,-1,1,-112.50,87.5000,-150.0000,
07/05/2018 02:30:00,233.50000,07/05/2018 11:30:00,230.50000,@C,-1,1,150.00,237.5000,0.0000,
10/05/2018 06:00:00,232.75000,10/05/2018 21:30:00,229.50000,@C,-1,1,162.50,212.5000,-137.5000,
17/05/2018 06:00:00,229.75000,17/05/2018 21:30:00,224.75000,@C,-1,1,250.00,312.5000,-37.5000,
21/05/2018 02:30:00,235.75000,21/05/2018 11:30:00,232.00000,@C,-1,1,187.50,300.0000,0.0000,
23/05/2018 12:30:00,236.25000,24/05/2018 05:30:00,240.00000,@C,1,1,187.50,187.5000,-25.0000,
24/05/2018 06:00:00,240.00000,24/05/2018 21:30:00,232.75000,@C,-1,1,362.50,412.5000,-37.5000,
30/05/2018 12:30:00,221.75000,31/05/2018 05:30:00,225.75000,@C,1,1,200.00,212.5000,-62.5000,
20/06/2018 12:30:00,180.50000,21/06/2018 05:30:00,181.25000,@C,1,1,37.50,225.0000,-137.5000,
09/07/2018 02:30:00,176.00000,09/07/2018 11:30:00,173.00000,@C,-1,1,150.00,287.5000,-37.5000,
19/07/2018 06:00:00,167.00000,19/07/2018 21:30:00,171.50000,@C,-1,1,-225.00,112.5000,-250.0000,
23/07/2018 02:30:00,175.50000,23/07/2018 11:30:00,176.50000,@C,-1,1,-50.00,50.0000,-87.5000,
25/07/2018 12:30:00,178.50000,26/07/2018 05:30:00,184.50000,@C,1,1,300.00,337.5000,-62.5000,
26/07/2018 06:00:00,184.00000,26/07/2018 21:30:00,181.25000,@C,-1,1,137.50,237.5000,-75.0000,
30/07/2018 02:30:00,184.50000,30/07/2018 11:30:00,187.00000,@C,-1,1,-125.00,37.5000,-225.0000,
02/08/2018 06:00:00,187.50000,02/08/2018 21:30:00,187.75000,@C,-1,1,-12.50,75.0000,-250.0000,
06/08/2018 02:30:00,189.50000,06/08/2018 11:30:00,190.50000,@C,-1,1,-50.00,62.5000,-100.0000,
08/08/2018 12:30:00,192.25000,09/08/2018 05:30:00,191.75000,@C,1,1,-25.00,12.5000,-112.5000,
09/08/2018 06:00:00,191.50000,09/08/2018 21:30:00,187.75000,@C,-1,1,187.50,262.5000,-50.0000,
15/08/2018 12:30:00,181.25000,16/08/2018 05:30:00,184.50000,@C,1,1,162.50,275.0000,-50.0000,
16/08/2018 06:00:00,184.25000,16/08/2018 21:30:00,184.25000,@C,-1,1,0.00,25.0000,-150.0000,
20/08/2018 02:30:00,185.00000,20/08/2018 11:30:00,180.25000,@C,-1,1,237.50,287.5000,-25.0000,
29/08/2018 12:30:00,162.00000,30/08/2018 05:30:00,162.75000,@C,1,1,37.50,75.0000,-62.5000,
06/09/2018 06:00:00,169.75000,06/09/2018 21:30:00,169.50000,@C,-1,1,12.50,87.5000,-125.0000,
10/09/2018 02:30:00,170.75000,10/09/2018 11:30:00,171.25000,@C,-1,1,-25.00,100.0000,-50.0000,
19/09/2018 12:30:00,149.50000,20/09/2018 05:30:00,150.50000,@C,1,1,50.00,87.5000,-25.0000,
24/09/2018 02:30:00,161.00000,24/09/2018 11:30:00,163.75000,@C,-1,1,-137.50,12.5000,-225.0000,
26/09/2018 12:30:00,168.00000,27/09/2018 05:30:00,166.25000,@C,1,1,-87.50,25.0000,-112.5000,
27/09/2018 06:00:00,166.25000,27/09/2018 21:30:00,169.75000,@C,-1,1,-175.00,12.5000,-200.0000,
03/10/2018 12:30:00,171.75000,04/10/2018 05:30:00,170.25000,@C,1,1,-75.00,25.0000,-137.5000,
04/10/2018 06:00:00,170.50000,04/10/2018 21:30:00,173.25000,@C,-1,1,-137.50,25.0000,-175.0000,
08/10/2018 02:30:00,172.25000,08/10/2018 11:30:00,170.50000,@C,-1,1,87.50,175.0000,-12.5000,
15/10/2018 02:30:00,176.50000,15/10/2018 11:30:00,182.00000,@C,-1,1,-275.00,12.5000,-325.0000,
18/10/2018 06:00:00,177.50000,18/10/2018 21:30:00,174.25000,@C,-1,1,162.50,187.5000,0.0000,
24/10/2018 12:30:00,173.25000,25/10/2018 05:30:00,171.50000,@C,1,1,-87.50,37.5000,-125.0000,
29/10/2018 02:30:00,175.00000,29/10/2018 11:30:00,172.75000,@C,-1,1,112.50,250.0000,0.0000,
05/11/2018 02:30:00,176.00000,05/11/2018 11:30:00,178.00000,@C,-1,1,-100.00,100.0000,-125.0000,
08/11/2018 06:00:00,178.50000,08/11/2018 21:30:00,178.00000,@C,-1,1,25.00,400.0000,-250.0000,
28/11/2018 12:30:00,165.50000,29/11/2018 05:30:00,165.25000,@C,1,1,-12.50,75.0000,-25.0000,
29/11/2018 06:00:00,165.25000,29/11/2018 21:30:00,165.50000,@C,-1,1,-12.50,50.0000,-150.0000,
03/12/2018 02:30:00,174.50000,03/12/2018 11:30:00,175.00000,@C,-1,1,-25.00,62.5000,-87.5000,
05/12/2018 12:30:00,178.00000,06/12/2018 05:30:00,176.25000,@C,1,1,-87.50,12.5000,-87.5000,
06/12/2018 06:00:00,176.00000,06/12/2018 21:30:00,175.00000,@C,-1,1,50.00,175.0000,-50.0000,
10/12/2018 02:30:00,176.50000,10/12/2018 11:30:00,178.25000,@C,-1,1,-87.50,25.0000,-87.5000,
13/12/2018 06:00:00,178.00000,13/12/2018 21:30:00,176.00000,@C,-1,1,100.00,137.5000,-37.5000,
17/12/2018 02:30:00,177.75000,17/12/2018 11:30:00,176.50000,@C,-1,1,62.50,100.0000,-37.5000,
07/01/2019 02:30:00,175.25000,07/01/2019 11:30:00,174.75000,@C,-1,1,25.00,37.5000,-62.5000,
10/01/2019 06:00:00,175.00000,10/01/2019 21:30:00,171.25000,@C,-1,1,187.50,325.0000,-12.5000,
24/01/2019 06:00:00,170.75000,24/01/2019 21:30:00,169.75000,@C,-1,1,50.00,125.0000,-37.5000,
28/01/2019 02:30:00,173.25000,28/01/2019 11:30:00,171.50000,@C,-1,1,87.50,137.5000,-12.5000,
31/01/2019 06:00:00,173.25000,31/01/2019 21:30:00,170.25000,@C,-1,1,150.00,250.0000,-12.5000,
06/02/2019 12:30:00,172.50000,07/02/2019 05:30:00,172.00000,@C,1,1,-25.00,25.0000,-50.0000,
07/02/2019 06:00:00,172.00000,07/02/2019 21:30:00,170.00000,@C,-1,1,100.00,162.5000,-12.5000,
13/02/2019 12:30:00,170.75000,14/02/2019 05:30:00,170.75000,@C,1,1,0.00,37.5000,-37.5000,
14/02/2019 06:00:00,170.75000,14/02/2019 21:30:00,167.25000,@C,-1,1,175.00,212.5000,0.0000,
20/02/2019 12:30:00,163.50000,21/02/2019 05:30:00,166.75000,@C,1,1,162.50,175.0000,-25.0000,
25/02/2019 02:30:00,169.50000,25/02/2019 11:30:00,164.25000,@C,-1,1,262.50,287.5000,-37.5000,
13/03/2019 12:30:00,150.50000,14/03/2019 05:30:00,152.25000,@C,1,1,87.50,87.5000,-100.0000,
14/03/2019 06:00:00,149.50000,14/03/2019 21:30:00,154.25000,@C,-1,1,-237.50,12.5000,-287.5000,
18/03/2019 02:30:00,157.00000,18/03/2019 11:30:00,153.50000,@C,-1,1,175.00,187.5000,-12.5000,
20/03/2019 12:30:00,153.25000,21/03/2019 05:30:00,156.25000,@C,1,1,150.00,162.5000,0.0000,
21/03/2019 06:00:00,156.00000,21/03/2019 21:30:00,160.75000,@C,-1,1,-237.50,75.0000,-250.0000,
25/03/2019 02:30:00,162.25000,25/03/2019 11:30:00,162.75000,@C,-1,1,-25.00,125.0000,-50.0000,
08/04/2019 02:30:00,146.00000,08/04/2019 11:30:00,144.75000,@C,-1,1,62.50,100.0000,-25.0000,
15/04/2019 02:30:00,146.00000,15/04/2019 11:30:00,145.50000,@C,-1,1,25.00,75.0000,-62.5000,
17/04/2019 12:30:00,140.50000,18/04/2019 05:30:00,141.25000,@C,1,1,37.50,62.5000,-25.0000,
29/04/2019 02:30:00,137.00000,29/04/2019 11:30:00,136.00000,@C,-1,1,50.00,87.5000,-112.5000,
01/05/2019 12:30:00,137.75000,02/05/2019 05:30:00,142.50000,@C,1,1,237.50,262.5000,0.0000,
02/05/2019 06:00:00,142.75000,02/05/2019 21:30:00,144.00000,@C,-1,1,-62.50,150.0000,-75.0000,
08/05/2019 12:30:00,136.75000,09/05/2019 05:30:00,134.75000,@C,1,1,-100.00,125.0000,-200.0000,
16/05/2019 06:00:00,148.50000,16/05/2019 21:30:00,155.00000,@C,-1,1,-325.00,87.5000,-350.0000,
20/05/2019 02:30:00,161.50000,20/05/2019 11:30:00,162.75000,@C,-1,1,-62.50,62.5000,-162.5000,
22/05/2019 12:30:00,168.00000,23/05/2019 05:30:00,169.50000,@C,1,1,75.00,87.5000,-87.5000,
23/05/2019 06:00:00,169.75000,23/05/2019 21:30:00,164.00000,@C,-1,1,287.50,475.0000,-125.0000,
29/05/2019 12:30:00,196.25000,29/05/2019 19:30:00,188.25000,@C,1,1,-400.00,50.0000,-375.0000,
30/05/2019 06:00:00,194.25000,30/05/2019 09:00:00,202.25000,@C,-1,1,-400.00,50.0000,-350.0000,
03/06/2019 02:30:00,202.25000,03/06/2019 11:30:00,197.75000,@C,-1,1,225.00,337.5000,-87.5000,
13/06/2019 06:00:00,207.75000,13/06/2019 10:00:00,215.75000,@C,-1,1,-400.00,12.5000,-387.5000,
17/06/2019 02:30:00,236.00000,17/06/2019 11:30:00,228.75000,@C,-1,1,362.50,612.5000,-12.5000,
26/06/2019 12:30:00,219.25000,27/06/2019 05:30:00,216.75000,@C,1,1,-125.00,25.0000,-150.0000,
03/07/2019 12:30:00,204.25000,08/07/2019 08:00:00,210.00000,@C,1,1,287.50,425.0000,-325.0000,
10/07/2019 12:30:00,202.50000,11/07/2019 05:30:00,200.75000,@C,1,1,-87.50,87.5000,-100.0000,
11/07/2019 06:00:00,201.25000,11/07/2019 12:30:00,209.25000,@C,-1,1,-400.00,350.0000,-362.5000,
15/07/2019 02:30:00,225.50000,15/07/2019 11:30:00,214.75000,@C,-1,1,537.50,650.0000,0.0000,
07/08/2019 12:30:00,173.50000,08/08/2019 05:30:00,176.25000,@C,1,1,137.50,150.0000,-25.0000,
08/08/2019 06:00:00,177.00000,08/08/2019 21:30:00,178.25000,@C,-1,1,-62.50,75.0000,-137.5000,
12/08/2019 02:30:00,175.50000,12/08/2019 11:30:00,171.00000,@C,-1,1,225.00,375.0000,-12.5000,
21/08/2019 12:30:00,128.25000,22/08/2019 05:30:00,131.25000,@C,1,1,150.00,200.0000,-12.5000,
28/08/2019 12:30:00,130.25000,29/08/2019 05:30:00,130.50000,@C,1,1,12.50,112.5000,-62.5000,
29/08/2019 06:00:00,131.00000,29/08/2019 21:30:00,129.25000,@C,-1,1,87.50,162.5000,-225.0000,
04/09/2019 12:30:00,117.00000,05/09/2019 05:30:00,119.50000,@C,1,1,125.00,162.5000,-37.5000,
11/09/2019 12:30:00,119.00000,12/09/2019 05:30:00,120.00000,@C,1,1,50.00,75.0000,-50.0000,
12/09/2019 06:00:00,119.75000,12/09/2019 21:30:00,126.75000,@C,-1,1,-350.00,400.0000,-375.0000,
16/09/2019 02:30:00,129.00000,16/09/2019 11:30:00,131.25000,@C,-1,1,-112.50,150.0000,-175.0000,
18/09/2019 12:30:00,129.50000,19/09/2019 05:30:00,128.75000,@C,1,1,-37.50,50.0000,-62.5000,
19/09/2019 06:00:00,129.25000,19/09/2019 21:30:00,129.50000,@C,-1,1,-12.50,62.5000,-150.0000,
23/09/2019 02:30:00,131.25000,23/09/2019 11:30:00,132.25000,@C,-1,1,-50.00,62.5000,-87.5000,
25/09/2019 12:30:00,134.00000,26/09/2019 05:30:00,133.25000,@C,1,1,-37.50,12.5000,-112.5000,
26/09/2019 06:00:00,134.00000,26/09/2019 21:30:00,129.50000,@C,-1,1,225.00,362.5000,-12.5000,
03/10/2019 06:00:00,145.75000,03/10/2019 21:30:00,146.25000,@C,-1,1,-25.00,87.5000,-175.0000,
07/10/2019 02:30:00,145.50000,07/10/2019 11:30:00,144.75000,@C,-1,1,37.50,100.0000,-12.5000,
10/10/2019 06:00:00,153.00000,10/10/2019 21:30:00,140.75000,@C,-1,1,612.50,812.5000,-12.5000,
14/10/2019 02:30:00,157.50000,14/10/2019 11:30:00,154.75000,@C,-1,1,137.50,287.5000,-87.5000,
16/10/2019 12:30:00,149.25000,17/10/2019 05:30:00,154.00000,@C,1,1,237.50,262.5000,-25.0000,
17/10/2019 06:00:00,154.25000,17/10/2019 21:30:00,153.50000,@C,-1,1,37.50,125.0000,-75.0000,
23/10/2019 12:30:00,145.75000,24/10/2019 05:30:00,147.75000,@C,1,1,100.00,125.0000,-12.5000,
30/10/2019 12:30:00,148.75000,31/10/2019 05:30:00,146.50000,@C,1,1,-112.50,50.0000,-125.0000,
31/10/2019 06:00:00,145.75000,31/10/2019 21:30:00,147.75000,@C,-1,1,-100.00,125.0000,-150.0000,
04/11/2019 02:30:00,145.25000,04/11/2019 11:30:00,144.75000,@C,-1,1,25.00,75.0000,-50.0000,
14/11/2019 06:00:00,135.00000,14/11/2019 21:30:00,134.25000,@C,-1,1,37.50,75.0000,-50.0000,
25/11/2019 02:30:00,128.25000,25/11/2019 11:30:00,128.25000,@C,-1,1,0.00,0.0000,-150.0000,
02/12/2019 02:30:00,129.75000,02/12/2019 11:30:00,130.00000,@C,-1,1,-12.50,100.0000,-137.5000,
16/12/2019 02:30:00,134.25000,16/12/2019 11:30:00,133.25000,@C,-1,1,50.00,112.5000,-87.5000,
19/12/2019 06:00:00,133.00000,19/12/2019 21:30:00,134.25000,@C,-1,1,-62.50,0.0000,-187.5000,
23/12/2019 02:30:00,135.25000,23/12/2019 11:30:00,136.75000,@C,-1,1,-75.00,0.0000,-137.5000,
30/12/2019 02:30:00,136.75000,30/12/2019 11:30:00,135.75000,@C,-1,1,50.00,112.5000,-150.0000,
08/01/2020 12:30:00,132.25000,09/01/2020 05:30:00,134.00000,@C,1,1,87.50,125.0000,-50.0000,
13/01/2020 02:30:00,135.00000,13/01/2020 11:30:00,136.50000,@C,-1,1,-75.00,87.5000,-87.5000,
15/01/2020 12:30:00,136.25000,16/01/2020 05:30:00,129.75000,@C,1,1,-325.00,50.0000,-350.0000,
22/01/2020 12:30:00,136.25000,23/01/2020 05:30:00,137.00000,@C,1,1,37.50,62.5000,-37.5000,
23/01/2020 06:00:00,137.00000,23/01/2020 21:30:00,140.00000,@C,-1,1,-150.00,87.5000,-237.5000,
13/02/2020 06:00:00,128.50000,13/02/2020 21:30:00,127.00000,@C,-1,1,75.00,112.5000,-50.0000,
19/02/2020 12:30:00,128.25000,20/02/2020 05:30:00,127.75000,@C,1,1,-25.00,37.5000,-37.5000,
04/03/2020 12:30:00,128.25000,05/03/2020 05:30:00,125.50000,@C,1,1,-137.50,112.5000,-162.5000,
05/03/2020 06:00:00,124.75000,05/03/2020 21:30:00,124.00000,@C,-1,1,37.50,75.0000,-100.0000,
25/03/2020 12:30:00,95.00000,26/03/2020 05:30:00,88.50000,@C,1,1,-325.00,25.0000,-337.5000,
01/04/2020 12:30:00,80.50000,02/04/2020 05:30:00,80.75000,@C,1,1,12.50,75.0000,-125.0000,
15/04/2020 12:30:00,64.50000,16/04/2020 05:30:00,63.50000,@C,1,1,-50.00,50.0000,-112.5000,
23/04/2020 06:00:00,66.50000,23/04/2020 21:30:00,62.75000,@C,-1,1,187.50,387.5000,-37.5000,
29/04/2020 12:30:00,48.00000,30/04/2020 05:30:00,50.75000,@C,1,1,137.50,225.0000,-12.5000,
04/05/2020 02:30:00,52.25000,04/05/2020 11:30:00,50.25000,@C,-1,1,100.00,200.0000,0.0000,
07/05/2020 06:00:00,53.00000,07/05/2020 21:30:00,55.50000,@C,-1,1,-125.00,0.0000,-175.0000,
11/05/2020 02:30:00,58.25000,11/05/2020 11:30:00,53.50000,@C,-1,1,237.50,237.5000,-12.5000,
18/05/2020 02:30:00,57.00000,18/05/2020 11:30:00,55.75000,@C,-1,1,62.50,150.0000,-37.5000,
20/05/2020 12:30:00,56.00000,21/05/2020 05:30:00,54.50000,@C,1,1,-75.00,25.0000,-75.0000,
28/05/2020 06:00:00,57.50000,28/05/2020 12:30:00,65.50000,@C,-1,1,-400.00,100.0000,-387.5000,
01/06/2020 02:30:00,63.25000,01/06/2020 11:30:00,59.00000,@C,-1,1,212.50,400.0000,-25.0000,
04/06/2020 06:00:00,61.75000,04/06/2020 21:30:00,64.50000,@C,-1,1,-137.50,12.5000,-187.5000,
08/06/2020 02:30:00,67.75000,08/06/2020 11:30:00,68.25000,@C,-1,1,-25.00,37.5000,-150.0000,
10/06/2020 12:30:00,63.00000,11/06/2020 05:30:00,62.75000,@C,1,1,-12.50,0.0000,-87.5000,
17/06/2020 12:30:00,66.25000,18/06/2020 05:30:00,69.25000,@C,1,1,150.00,175.0000,-50.0000,
18/06/2020 06:00:00,68.75000,18/06/2020 21:30:00,65.75000,@C,-1,1,150.00,262.5000,-37.5000,
22/06/2020 02:30:00,67.25000,22/06/2020 11:30:00,64.50000,@C,-1,1,137.50,162.5000,-37.5000,
01/07/2020 12:30:00,83.25000,02/07/2020 05:30:00,84.50000,@C,1,1,62.50,87.5000,-75.0000,
02/07/2020 06:00:00,85.50000,06/07/2020 02:00:00,81.75000,@C,-1,1,187.50,487.5000,-37.5000,
06/07/2020 02:30:00,82.00000,06/07/2020 11:30:00,80.25000,@C,-1,1,87.50,187.5000,0.0000,
08/07/2020 12:30:00,77.75000,09/07/2020 05:30:00,84.00000,@C,1,1,312.50,337.5000,-37.5000,
09/07/2020 06:00:00,84.50000,09/07/2020 21:30:00,81.75000,@C,-1,1,137.50,275.0000,-162.5000,
15/07/2020 12:30:00,59.50000,16/07/2020 05:30:00,61.75000,@C,1,1,112.50,125.0000,-50.0000,
20/07/2020 02:30:00,65.00000,20/07/2020 11:30:00,61.00000,@C,-1,1,200.00,312.5000,-12.5000,
22/07/2020 12:30:00,60.25000,23/07/2020 05:30:00,59.25000,@C,1,1,-50.00,25.0000,-62.5000,
12/08/2020 12:30:00,45.75000,13/08/2020 05:30:00,52.75000,@C,1,1,350.00,375.0000,-62.5000,
13/08/2020 06:00:00,51.75000,13/08/2020 11:00:00,59.75000,@C,-1,1,-400.00,37.5000,-362.5000,
17/08/2020 02:30:00,60.25000,17/08/2020 11:30:00,62.25000,@C,-1,1,-100.00,12.5000,-112.5000,
24/08/2020 02:30:00,61.75000,24/08/2020 11:30:00,62.75000,@C,-1,1,-50.00,50.0000,-137.5000,
27/08/2020 06:00:00,75.75000,27/08/2020 21:30:00,77.75000,@C,-1,1,-100.00,12.5000,-112.5000,
31/08/2020 02:30:00,81.25000,31/08/2020 11:30:00,77.75000,@C,-1,1,175.00,300.0000,-100.0000,
02/09/2020 12:30:00,77.75000,03/09/2020 05:30:00,77.75000,@C,1,1,0.00,12.5000,-75.0000,
03/09/2020 06:00:00,77.00000,03/09/2020 21:30:00,73.75000,@C,-1,1,162.50,237.5000,-50.0000,
09/09/2020 12:30:00,79.75000,10/09/2020 05:30:00,80.50000,@C,1,1,37.50,50.0000,-62.5000,
10/09/2020 06:00:00,80.00000,10/09/2020 21:30:00,84.50000,@C,-1,1,-225.00,37.5000,-287.5000,
14/09/2020 02:30:00,89.75000,14/09/2020 11:30:00,86.75000,@C,-1,1,150.00,175.0000,-12.5000,
16/09/2020 12:30:00,88.00000,17/09/2020 05:30:00,91.50000,@C,1,1,175.00,200.0000,0.0000,
17/09/2020 06:00:00,91.50000,17/09/2020 21:30:00,97.75000,@C,-1,1,-312.50,225.0000,-325.0000,
21/09/2020 02:30:00,97.00000,21/09/2020 11:30:00,88.25000,@C,-1,1,437.50,475.0000,-12.5000,
23/09/2020 12:30:00,87.00000,24/09/2020 05:30:00,82.25000,@C,1,1,-237.50,37.5000,-250.0000,
30/09/2020 12:30:00,100.25000,01/10/2020 05:30:00,100.75000,@C,1,1,25.00,87.5000,-187.5000,
01/10/2020 06:00:00,101.00000,01/10/2020 21:30:00,98.75000,@C,-1,1,112.50,125.0000,-175.0000,
05/10/2020 02:30:00,98.25000,05/10/2020 11:30:00,98.50000,@C,-1,1,-12.50,25.0000,-162.5000,
08/10/2020 06:00:00,110.50000,08/10/2020 21:30:00,107.50000,@C,-1,1,150.00,250.0000,-150.0000,
12/10/2020 02:30:00,116.75000,12/10/2020 11:30:00,109.25000,@C,-1,1,375.00,425.0000,-75.0000,
14/10/2020 12:30:00,111.75000,15/10/2020 05:30:00,116.50000,@C,1,1,237.50,362.5000,0.0000,
15/10/2020 06:00:00,114.75000,15/10/2020 11:30:00,122.75000,@C,-1,1,-400.00,112.5000,-387.5000,
19/10/2020 02:30:00,124.50000,19/10/2020 11:30:00,123.00000,@C,-1,1,75.00,187.5000,-62.5000,
21/10/2020 12:30:00,133.25000,22/10/2020 05:30:00,132.75000,@C,1,1,-25.00,50.0000,-175.0000,
22/10/2020 06:00:00,133.25000,22/10/2020 21:30:00,135.25000,@C,-1,1,-100.00,87.5000,-237.5000,
26/10/2020 02:30:00,137.00000,26/10/2020 11:30:00,136.00000,@C,-1,1,50.00,262.5000,-37.5000,
28/10/2020 12:30:00,124.50000,29/10/2020 04:30:00,116.50000,@C,1,1,-400.00,0.0000,-387.5000,
04/11/2020 12:30:00,119.00000,05/11/2020 05:30:00,130.00000,@C,1,1,550.00,562.5000,-12.5000,
05/11/2020 06:00:00,129.50000,05/11/2020 21:30:00,130.25000,@C,-1,1,-37.50,125.0000,-337.5000,
09/11/2020 02:30:00,124.25000,09/11/2020 11:30:00,127.50000,@C,-1,1,-162.50,175.0000,-237.5000,
12/11/2020 06:00:00,137.50000,12/11/2020 21:30:00,124.00000,@C,-1,1,675.00,725.0000,0.0000,
18/11/2020 12:30:00,146.50000,19/11/2020 04:30:00,138.50000,@C,1,1,-400.00,12.5000,-387.5000,
19/11/2020 06:00:00,139.75000,19/11/2020 21:30:00,144.00000,@C,-1,1,-212.50,100.0000,-237.5000,
23/11/2020 02:30:00,147.75000,23/11/2020 11:30:00,144.00000,@C,-1,1,187.50,262.5000,-50.0000,
30/11/2020 02:30:00,150.50000,30/11/2020 11:30:00,142.50000,@C,-1,1,400.00,487.5000,-62.5000,
02/12/2020 12:30:00,136.00000,03/12/2020 05:30:00,136.75000,@C,1,1,37.50,100.0000,-87.5000,
09/12/2020 12:30:00,136.00000,10/12/2020 05:30:00,138.25000,@C,1,1,112.50,137.5000,-50.0000,
10/12/2020 06:00:00,138.25000,10/12/2020 21:30:00,134.50000,@C,-1,1,187.50,275.0000,-75.0000,
14/12/2020 02:30:00,138.50000,14/12/2020 11:30:00,135.00000,@C,-1,1,175.00,250.0000,-50.0000,
17/12/2020 06:00:00,138.50000,17/12/2020 21:30:00,144.75000,@C,-1,1,-312.50,100.0000,-375.0000,
21/12/2020 02:30:00,151.50000,21/12/2020 11:30:00,149.75000,@C,-1,1,87.50,450.0000,0.0000,
23/12/2020 12:30:00,161.50000,24/12/2020 05:30:00,160.50000,@C,1,1,-50.00,25.0000,-137.5000,
24/12/2020 06:00:00,160.50000,28/12/2020 02:00:00,166.50000,@C,-1,1,-300.00,62.5000,-362.5000,
28/12/2020 02:30:00,166.25000,28/12/2020 11:30:00,165.50000,@C,-1,1,37.50,300.0000,-25.0000,
31/12/2020 06:00:00,192.75000,03/01/2021 19:30:00,200.75000,@C,-1,1,-400.00,250.0000,-337.5000,
04/01/2021 02:30:00,207.75000,04/01/2021 11:30:00,193.00000,@C,-1,1,737.50,800.0000,-112.5000,
07/01/2021 06:00:00,202.00000,07/01/2021 21:30:00,206.50000,@C,-1,1,-225.00,125.0000,-250.0000,
11/01/2021 02:30:00,206.75000,11/01/2021 11:30:00,206.25000,@C,-1,1,25.00,162.5000,-237.5000,
14/01/2021 06:00:00,236.75000,14/01/2021 11:00:00,244.75000,@C,-1,1,-400.00,100.0000,-350.0000,
20/01/2021 12:30:00,237.50000,21/01/2021 05:30:00,240.75000,@C,1,1,162.50,200.0000,-300.0000,
21/01/2021 06:00:00,240.25000,21/01/2021 21:30:00,229.75000,@C,-1,1,525.00,537.5000,-175.0000,
27/01/2021 12:30:00,246.25000,28/01/2021 05:30:00,248.25000,@C,1,1,100.00,112.5000,-250.0000,
28/01/2021 06:00:00,248.25000,28/01/2021 09:00:00,257.00000,@C,-1,1,-437.50,0.0000,-437.5000,
01/02/2021 02:30:00,267.25000,01/02/2021 11:30:00,256.00000,@C,-1,1,562.50,800.0000,-12.5000,
03/02/2021 12:30:00,261.25000,04/02/2021 05:30:00,269.75000,@C,1,1,425.00,450.0000,-62.5000,
04/02/2021 06:00:00,268.25000,04/02/2021 21:30:00,260.00000,@C,-1,1,412.50,450.0000,-75.0000,
08/02/2021 02:30:00,261.75000,08/02/2021 09:30:00,269.75000,@C,-1,1,-400.00,37.5000,-375.0000,
18/02/2021 06:00:00,262.00000,18/02/2021 21:30:00,259.00000,@C,-1,1,150.00,200.0000,-237.5000,
22/02/2021 02:30:00,261.50000,22/02/2021 11:30:00,260.25000,@C,-1,1,62.50,287.5000,-25.0000,
24/02/2021 12:30:00,270.00000,25/02/2021 05:30:00,268.00000,@C,1,1,-100.00,75.0000,-150.0000,
25/02/2021 06:00:00,267.25000,25/02/2021 21:30:00,260.00000,@C,-1,1,362.50,637.5000,-25.0000,
08/03/2021 02:30:00,264.75000,08/03/2021 11:30:00,257.00000,@C,-1,1,387.50,712.5000,-12.5000,
10/03/2021 12:30:00,249.00000,11/03/2021 05:30:00,251.75000,@C,1,1,137.50,250.0000,-212.5000,
17/03/2021 12:30:00,269.00000,18/03/2021 05:30:00,270.75000,@C,1,1,87.50,150.0000,-50.0000,
18/03/2021 06:00:00,270.00000,18/03/2021 21:30:00,261.25000,@C,-1,1,437.50,562.5000,-75.0000,
22/03/2021 02:30:00,268.75000,22/03/2021 11:30:00,263.25000,@C,-1,1,275.00,425.0000,-50.0000,
24/03/2021 12:30:00,264.00000,25/03/2021 05:30:00,263.50000,@C,1,1,-25.00,162.5000,-87.5000,
31/03/2021 12:30:00,277.75000,01/04/2021 05:30:00,289.50000,@C,1,1,587.50,1037.5000,0.0000,
01/04/2021 06:00:00,290.00000,05/04/2021 01:00:00,274.50000,@C,-1,1,775.00,1000.0000,-150.0000,
05/04/2021 02:30:00,274.00000,05/04/2021 11:30:00,265.25000,@C,-1,1,437.50,537.5000,-162.5000,
07/04/2021 12:30:00,273.50000,08/04/2021 05:30:00,274.75000,@C,1,1,62.50,112.5000,-75.0000,
08/04/2021 06:00:00,275.00000,08/04/2021 09:00:00,283.00000,@C,-1,1,-400.00,25.0000,-312.5000,
12/04/2021 02:30:00,292.25000,12/04/2021 11:30:00,284.00000,@C,-1,1,412.50,487.5000,-112.5000,
14/04/2021 12:30:00,309.75000,15/04/2021 05:30:00,313.00000,@C,1,1,162.50,262.5000,-137.5000,
15/04/2021 06:00:00,313.75000,15/04/2021 21:30:00,303.50000,@C,-1,1,512.50,625.0000,-37.5000,
19/04/2021 02:30:00,308.00000,19/04/2021 11:30:00,302.25000,@C,-1,1,287.50,312.5000,-112.5000,
21/04/2021 12:30:00,340.25000,22/04/2021 05:30:00,349.25000,@C,1,1,450.00,537.5000,-162.5000,
22/04/2021 06:00:00,346.75000,22/04/2021 10:00:00,354.75000,@C,-1,1,-400.00,325.0000,-387.5000,
26/04/2021 02:30:00,379.75000,26/04/2021 07:30:00,387.75000,@C,-1,1,-400.00,0.0000,-375.0000,
28/04/2021 12:30:00,414.75000,28/04/2021 13:00:00,406.75000,@C,1,1,-400.00,87.5000,-362.5000,
29/04/2021 06:00:00,403.00000,29/04/2021 21:30:00,403.75000,@C,-1,1,-37.50,475.0000,-187.5000,
03/05/2021 02:30:00,442.00000,03/05/2021 08:00:00,450.00000,@C,-1,1,-400.00,87.5000,-350.0000,
05/05/2021 12:30:00,459.00000,06/05/2021 05:30:00,466.00000,@C,1,1,350.00,900.0000,-62.5000,
06/05/2021 06:00:00,467.75000,06/05/2021 13:00:00,475.75000,@C,-1,1,-400.00,387.5000,-362.5000,
10/05/2021 02:30:00,483.25000,10/05/2021 11:30:00,473.00000,@C,-1,1,512.50,512.5000,-100.0000,
19/05/2021 12:30:00,401.50000,20/05/2021 05:30:00,415.50000,@C,1,1,700.00,1025.0000,-12.5000,
26/05/2021 12:30:00,381.00000,27/05/2021 05:30:00,381.50000,@C,1,1,25.00,87.5000,-262.5000,
03/06/2021 06:00:00,435.50000,03/06/2021 21:30:00,416.75000,@C,-1,1,937.50,1412.5000,-200.0000,
07/06/2021 02:30:00,449.75000,07/06/2021 07:30:00,457.75000,@C,-1,1,-400.00,187.5000,-387.5000,
09/06/2021 12:30:00,447.75000,10/06/2021 05:30:00,451.75000,@C,1,1,200.00,312.5000,-275.0000,
10/06/2021 06:00:00,450.25000,10/06/2021 09:00:00,458.25000,@C,-1,1,-400.00,112.5000,-362.5000,
24/06/2021 06:00:00,414.00000,24/06/2021 21:30:00,413.75000,@C,-1,1,12.50,437.5000,-50.0000,
30/06/2021 12:30:00,453.50000,01/07/2021 05:30:00,470.50000,@C,1,1,850.00,900.0000,-12.5000,
01/07/2021 06:00:00,477.00000,01/07/2021 07:30:00,485.00000,@C,-1,1,-400.00,62.5000,-362.5000,
07/07/2021 12:30:00,406.50000,08/07/2021 05:30:00,406.75000,@C,1,1,12.50,200.0000,-162.5000,
14/07/2021 12:30:00,429.75000,15/07/2021 05:30:00,426.25000,@C,1,1,-175.00,150.0000,-287.5000,
15/07/2021 06:00:00,425.25000,15/07/2021 21:30:00,425.25000,@C,-1,1,0.00,175.0000,-275.0000,
19/07/2021 02:30:00,428.00000,19/07/2021 11:30:00,416.25000,@C,-1,1,587.50,925.0000,-200.0000,
04/08/2021 12:30:00,407.50000,05/08/2021 05:30:00,410.50000,@C,1,1,150.00,200.0000,-112.5000,
09/08/2021 02:30:00,415.25000,09/08/2021 11:30:00,413.25000,@C,-1,1,100.00,375.0000,-12.5000,
11/08/2021 12:30:00,417.75000,12/08/2021 05:30:00,416.25000,@C,1,1,-75.00,37.5000,-225.0000,
12/08/2021 06:00:00,417.00000,12/08/2021 11:30:00,425.00000,@C,-1,1,-400.00,387.5000,-62.5000,
16/08/2021 02:30:00,430.50000,16/08/2021 11:30:00,429.50000,@C,-1,1,50.00,437.5000,-37.5000,
25/08/2021 12:30:00,413.25000,26/08/2021 05:30:00,410.50000,@C,1,1,-137.50,125.0000,-187.5000,
26/08/2021 06:00:00,409.75000,26/08/2021 21:30:00,411.75000,@C,-1,1,-100.00,50.0000,-337.5000,
30/08/2021 02:30:00,416.75000,30/08/2021 11:30:00,406.25000,@C,-1,1,525.00,587.5000,0.0000,
15/09/2021 12:30:00,393.75000,16/09/2021 05:30:00,398.00000,@C,1,1,212.50,312.5000,-12.5000,
16/09/2021 06:00:00,398.00000,16/09/2021 21:30:00,391.50000,@C,-1,1,325.00,362.5000,-112.5000,
22/09/2021 12:30:00,388.50000,23/09/2021 05:30:00,387.00000,@C,1,1,-75.00,12.5000,-175.0000,
27/09/2021 02:30:00,387.75000,27/09/2021 09:00:00,395.75000,@C,-1,1,-400.00,50.0000,-325.0000,
29/09/2021 12:30:00,401.75000,30/09/2021 05:30:00,403.50000,@C,1,1,87.50,100.0000,-62.5000,
30/09/2021 06:00:00,403.00000,30/09/2021 11:00:00,411.00000,@C,-1,1,-400.00,62.5000,-387.5000,
04/10/2021 02:30:00,399.75000,04/10/2021 09:00:00,407.75000,@C,-1,1,-400.00,50.0000,-362.5000,
13/10/2021 12:30:00,371.75000,14/10/2021 05:30:00,376.75000,@C,1,1,250.00,300.0000,-25.0000,
18/10/2021 02:30:00,388.00000,18/10/2021 11:30:00,391.25000,@C,-1,1,-162.50,112.5000,-237.5000,
20/10/2021 12:30:00,399.75000,21/10/2021 05:30:00,400.75000,@C,1,1,50.00,150.0000,-62.5000,
21/10/2021 06:00:00,400.25000,21/10/2021 21:30:00,396.25000,@C,-1,1,200.00,337.5000,-37.5000,
25/10/2021 02:30:00,401.25000,25/10/2021 11:30:00,399.25000,@C,-1,1,100.00,175.0000,-175.0000,
28/10/2021 06:00:00,419.50000,28/10/2021 09:30:00,427.50000,@C,-1,1,-400.00,125.0000,-375.0000,
01/11/2021 02:30:00,429.00000,01/11/2021 09:00:00,437.00000,@C,-1,1,-400.00,50.0000,-387.5000,
10/11/2021 12:30:00,432.00000,11/11/2021 05:30:00,430.50000,@C,1,1,-75.00,125.0000,-162.5000,
11/11/2021 06:00:00,430.00000,11/11/2021 09:30:00,438.00000,@C,-1,1,-400.00,0.0000,-350.0000,
15/11/2021 02:30:00,437.75000,15/11/2021 11:30:00,438.50000,@C,-1,1,-37.50,262.5000,-187.5000,
18/11/2021 06:00:00,440.75000,18/11/2021 21:30:00,436.75000,@C,-1,1,200.00,300.0000,-250.0000,
24/11/2021 12:30:00,443.50000,26/11/2021 09:00:00,433.50000,@C,1,1,-500.00,50.0000,-500.0000,
29/11/2021 02:30:00,449.00000,29/11/2021 11:30:00,439.00000,@C,-1,1,500.00,587.5000,-50.0000,
06/12/2021 02:30:00,441.25000,06/12/2021 11:30:00,435.25000,@C,-1,1,300.00,425.0000,0.0000,
09/12/2021 06:00:00,445.00000,09/12/2021 21:30:00,446.50000,@C,-1,1,-75.00,275.0000,-262.5000,
13/12/2021 02:30:00,446.25000,13/12/2021 11:30:00,442.50000,@C,-1,1,187.50,350.0000,-25.0000,
15/12/2021 12:30:00,443.00000,16/12/2021 05:30:00,446.25000,@C,1,1,162.50,175.0000,-37.5000,
20/12/2021 02:30:00,449.00000,20/12/2021 11:30:00,447.75000,@C,-1,1,62.50,250.0000,-137.5000,
22/12/2021 12:30:00,458.25000,23/12/2021 05:30:00,460.75000,@C,1,1,125.00,237.5000,-37.5000,
23/12/2021 06:00:00,461.00000,27/12/2021 01:00:00,465.50000,@C,-1,1,-225.00,125.0000,-300.0000,
27/12/2021 02:30:00,465.25000,27/12/2021 11:30:00,470.25000,@C,-1,1,-250.00,12.5000,-325.0000,
06/01/2022 06:00:00,457.00000,06/01/2022 21:30:00,461.25000,@C,-1,1,-212.50,200.0000,-300.0000,
10/01/2022 02:30:00,461.00000,10/01/2022 11:30:00,457.00000,@C,-1,1,200.00,362.5000,-200.0000,
12/01/2022 12:30:00,457.75000,13/01/2022 05:30:00,453.00000,@C,1,1,-237.50,137.5000,-287.5000,
19/01/2022 12:30:00,469.00000,20/01/2022 05:30:00,465.25000,@C,1,1,-187.50,62.5000,-187.5000,
20/01/2022 06:00:00,465.00000,20/01/2022 21:30:00,462.50000,@C,-1,1,125.00,187.5000,-312.5000,
24/01/2022 02:30:00,472.50000,24/01/2022 11:30:00,472.25000,@C,-1,1,12.50,312.5000,-200.0000,
26/01/2022 12:30:00,482.50000,27/01/2022 05:30:00,483.50000,@C,1,1,50.00,112.5000,-125.0000,
27/01/2022 06:00:00,483.00000,27/01/2022 21:30:00,483.75000,@C,-1,1,-37.50,237.5000,-87.5000,
31/01/2022 02:30:00,498.25000,31/01/2022 11:30:00,486.00000,@C,-1,1,612.50,937.5000,-62.5000,
09/02/2022 12:30:00,499.50000,10/02/2022 05:30:00,503.25000,@C,1,1,187.50,350.0000,-87.5000,
10/02/2022 06:00:00,502.75000,10/02/2022 07:30:00,510.75000,@C,-1,1,-400.00,12.5000,-362.5000,
14/02/2022 02:30:00,510.75000,14/02/2022 11:30:00,504.00000,@C,-1,1,337.50,562.5000,0.0000,
16/02/2022 12:30:00,503.75000,17/02/2022 05:30:00,503.00000,@C,1,1,-37.50,112.5000,-162.5000,
17/02/2022 06:00:00,504.50000,17/02/2022 21:30:00,504.25000,@C,-1,1,12.50,237.5000,-225.0000,
23/02/2022 12:30:00,536.75000,24/02/2022 05:30:00,575.75000,@C,1,1,1950.00,1950.0000,-12.5000,
24/02/2022 06:00:00,575.75000,24/02/2022 21:30:00,559.00000,@C,-1,1,837.50,1562.5000,0.0000,
28/02/2022 02:30:00,537.75000,28/02/2022 09:00:00,545.75000,@C,-1,1,-400.00,137.5000,-325.0000,
03/03/2022 06:00:00,591.25000,03/03/2022 09:00:00,599.25000,@C,-1,1,-400.00,487.5000,-375.0000,
07/03/2022 02:30:00,633.50000,07/03/2022 11:30:00,604.00000,@C,-1,1,1475.00,1887.5000,-162.5000,
14/03/2022 02:30:00,615.00000,14/03/2022 11:30:00,602.25000,@C,-1,1,637.50,775.0000,-187.5000,
21/03/2022 02:30:00,609.75000,21/03/2022 09:30:00,617.75000,@C,-1,1,-400.00,25.0000,-362.5000,
24/03/2022 06:00:00,611.00000,24/03/2022 21:30:00,608.25000,@C,-1,1,137.50,325.0000,-362.5000,
04/04/2022 02:30:00,606.50000,04/04/2022 11:30:00,603.75000,@C,-1,1,137.50,300.0000,-262.5000,
06/04/2022 12:30:00,615.75000,07/04/2022 05:30:00,614.50000,@C,1,1,-62.50,137.5000,-225.0000,
07/04/2022 06:00:00,614.00000,07/04/2022 21:30:00,617.00000,@C,-1,1,-150.00,300.0000,-237.5000,
11/04/2022 02:30:00,632.50000,11/04/2022 11:30:00,629.25000,@C,-1,1,162.50,262.5000,-250.0000,
13/04/2022 12:30:00,634.75000,14/04/2022 05:30:00,646.50000,@C,1,1,587.50,637.5000,-12.5000,
14/04/2022 06:00:00,645.00000,17/04/2022 19:30:00,653.00000,@C,-1,1,-400.00,175.0000,-375.0000,
18/04/2022 02:30:00,656.25000,18/04/2022 09:00:00,664.25000,@C,-1,1,-400.00,62.5000,-300.0000,
20/04/2022 12:30:00,673.75000,21/04/2022 05:30:00,672.00000,@C,1,1,-87.50,100.0000,-212.5000,
21/04/2022 06:00:00,671.25000,21/04/2022 21:30:00,652.50000,@C,-1,1,937.50,962.5000,-62.5000,
27/04/2022 12:30:00,675.00000,28/04/2022 05:30:00,679.25000,@C,1,1,212.50,237.5000,-137.5000,
28/04/2022 06:00:00,679.00000,28/04/2022 21:30:00,672.75000,@C,-1,1,312.50,462.5000,-100.0000,
12/05/2022 06:00:00,646.75000,12/05/2022 11:30:00,654.75000,@C,-1,1,-400.00,100.0000,-362.5000,
16/05/2022 02:30:00,660.75000,16/05/2022 11:30:00,662.00000,@C,-1,1,-62.50,287.5000,-362.5000,
01/06/2022 12:30:00,593.50000,02/06/2022 05:30:00,594.75000,@C,1,1,62.50,112.5000,-250.0000,
09/06/2022 06:00:00,622.50000,09/06/2022 09:00:00,630.50000,@C,-1,1,-400.00,162.5000,-225.0000,
13/06/2022 02:30:00,637.75000,13/06/2022 11:30:00,628.00000,@C,-1,1,487.50,900.0000,-100.0000,
16/06/2022 06:00:00,636.25000,16/06/2022 08:00:00,644.25000,@C,-1,1,-400.00,100.0000,-337.5000,
06/07/2022 12:30:00,536.25000,07/07/2022 05:30:00,555.25000,@C,1,1,950.00,1075.0000,-25.0000,
11/07/2022 02:30:00,602.75000,11/07/2022 11:30:00,590.75000,@C,-1,1,600.00,925.0000,-25.0000,
28/07/2022 06:00:00,554.75000,28/07/2022 21:30:00,559.50000,@C,-1,1,-237.50,112.5000,-375.0000,
01/08/2022 02:30:00,553.75000,01/08/2022 11:30:00,543.50000,@C,-1,1,512.50,762.5000,-162.5000,
08/08/2022 02:30:00,553.75000,08/08/2022 11:30:00,555.25000,@C,-1,1,-75.00,387.5000,-325.0000,
11/08/2022 06:00:00,568.75000,11/08/2022 21:30:00,571.25000,@C,-1,1,-125.00,62.5000,-312.5000,
15/08/2022 02:30:00,573.75000,15/08/2022 11:30:00,567.25000,@C,-1,1,325.00,650.0000,-100.0000,
17/08/2022 12:30:00,559.75000,18/08/2022 05:30:00,553.75000,@C,1,1,-300.00,100.0000,-312.5000,
22/08/2022 02:30:00,569.75000,22/08/2022 11:30:00,573.50000,@C,-1,1,-187.50,375.0000,-250.0000,
24/08/2022 12:30:00,606.50000,25/08/2022 05:30:00,612.25000,@C,1,1,287.50,487.5000,-150.0000,
25/08/2022 06:00:00,613.25000,25/08/2022 21:30:00,605.50000,@C,-1,1,387.50,712.5000,-262.5000,
29/08/2022 02:30:00,622.00000,29/08/2022 10:30:00,630.00000,@C,-1,1,-400.00,225.0000,-387.5000,
31/08/2022 12:30:00,619.50000,01/09/2022 03:30:00,611.50000,@C,1,1,-400.00,100.0000,-350.0000,
12/09/2022 02:30:00,632.00000,12/09/2022 11:30:00,633.50000,@C,-1,1,-75.00,375.0000,-200.0000,
15/09/2022 06:00:00,633.25000,15/09/2022 21:30:00,627.00000,@C,-1,1,312.50,425.0000,-275.0000,
21/09/2022 12:30:00,635.00000,22/09/2022 05:30:00,636.75000,@C,1,1,87.50,237.5000,-237.5000,
22/09/2022 06:00:00,636.50000,22/09/2022 21:30:00,634.75000,@C,-1,1,87.50,250.0000,-162.5000,
29/09/2022 06:00:00,623.75000,29/09/2022 21:30:00,620.00000,@C,-1,1,187.50,450.0000,-87.5000,
03/10/2022 02:30:00,633.75000,03/10/2022 11:30:00,625.00000,@C,-1,1,437.50,625.0000,-125.0000,
05/10/2022 12:30:00,633.50000,06/10/2022 05:30:00,631.25000,@C,1,1,-112.50,50.0000,-162.5000,
06/10/2022 06:00:00,630.25000,06/10/2022 21:30:00,622.25000,@C,-1,1,400.00,475.0000,-25.0000,
10/10/2022 02:30:00,638.75000,10/10/2022 09:00:00,646.75000,@C,-1,1,-400.00,87.5000,-300.0000,
12/10/2022 12:30:00,641.75000,13/10/2022 05:30:00,641.25000,@C,1,1,-25.00,162.5000,-100.0000,
13/10/2022 06:00:00,640.75000,13/10/2022 21:30:00,647.25000,@C,-1,1,-325.00,400.0000,-375.0000,
27/10/2022 06:00:00,636.25000,27/10/2022 21:30:00,629.25000,@C,-1,1,350.00,412.5000,-87.5000,
31/10/2022 02:30:00,646.25000,31/10/2022 11:30:00,634.50000,@C,-1,1,587.50,600.0000,-75.0000,
02/11/2022 12:30:00,636.00000,03/11/2022 05:30:00,631.75000,@C,1,1,-212.50,37.5000,-287.5000,
09/11/2022 12:30:00,618.00000,10/11/2022 05:30:00,612.50000,@C,1,1,-275.00,0.0000,-312.5000,
16/11/2022 12:30:00,612.75000,17/11/2022 04:00:00,604.75000,@C,1,1,-400.00,87.5000,-375.0000,
21/11/2022 02:30:00,614.50000,21/11/2022 11:30:00,609.75000,@C,-1,1,237.50,425.0000,-12.5000,
23/11/2022 12:30:00,609.75000,28/11/2022 03:00:00,611.00000,@C,1,1,62.50,437.5000,-25.0000,
30/11/2022 12:30:00,613.25000,01/12/2022 05:30:00,608.75000,@C,1,1,-225.00,75.0000,-287.5000,
12/12/2022 02:30:00,591.50000,12/12/2022 10:00:00,599.50000,@C,-1,1,-400.00,50.0000,-325.0000,
15/12/2022 06:00:00,595.00000,15/12/2022 21:30:00,600.75000,@C,-1,1,-287.50,87.5000,-312.5000,
21/12/2022 12:30:00,605.25000,22/12/2022 05:30:00,609.75000,@C,1,1,225.00,250.0000,-37.5000,
22/12/2022 06:00:00,608.75000,22/12/2022 21:30:00,606.50000,@C,-1,1,112.50,225.0000,-25.0000,
28/12/2022 12:30:00,625.25000,29/12/2022 05:30:00,625.25000,@C,1,1,0.00,187.5000,-50.0000,
29/12/2022 06:00:00,625.75000,29/12/2022 21:30:00,625.75000,@C,-1,1,0.00,150.0000,-100.0000,
11/01/2023 12:30:00,602.25000,12/01/2023 05:30:00,603.75000,@C,1,1,75.00,162.5000,-100.0000,
12/01/2023 06:00:00,605.00000,12/01/2023 11:30:00,613.00000,@C,-1,1,-400.00,512.5000,-25.0000,
19/01/2023 06:00:00,624.00000,19/01/2023 21:30:00,620.75000,@C,-1,1,162.50,175.0000,-337.5000,
26/01/2023 06:00:00,622.75000,26/01/2023 10:30:00,630.75000,@C,-1,1,-400.00,0.0000,-362.5000,
30/01/2023 02:30:00,631.25000,30/01/2023 11:30:00,627.75000,@C,-1,1,175.00,362.5000,-75.0000,
01/02/2023 12:30:00,622.50000,02/02/2023 05:30:00,628.00000,@C,1,1,275.00,325.0000,0.0000,
02/02/2023 06:00:00,628.00000,02/02/2023 21:30:00,619.00000,@C,-1,1,450.00,475.0000,-175.0000,
09/02/2023 06:00:00,624.00000,09/02/2023 21:30:00,615.75000,@C,-1,1,412.50,462.5000,-125.0000,
13/02/2023 02:30:00,624.25000,13/02/2023 11:30:00,631.75000,@C,-1,1,-375.00,100.0000,-387.5000,
01/03/2023 12:30:00,580.75000,02/03/2023 05:30:00,585.25000,@C,1,1,225.00,337.5000,-12.5000,
15/03/2023 12:30:00,571.00000,16/03/2023 05:30:00,574.75000,@C,1,1,187.50,200.0000,-50.0000,
16/03/2023 06:00:00,574.25000,16/03/2023 19:30:00,582.25000,@C,-1,1,-400.00,37.5000,-362.5000,
20/03/2023 02:30:00,572.50000,20/03/2023 11:00:00,580.50000,@C,-1,1,-400.00,50.0000,-400.0000,
22/03/2023 12:30:00,580.50000,23/03/2023 05:30:00,582.50000,@C,1,1,100.00,287.5000,-150.0000,
23/03/2023 06:00:00,583.75000,23/03/2023 21:30:00,576.00000,@C,-1,1,387.50,500.0000,-337.5000,
27/03/2023 02:30:00,586.25000,27/03/2023 11:30:00,590.25000,@C,-1,1,-200.00,137.5000,-262.5000,
30/03/2023 06:00:00,599.75000,30/03/2023 21:30:00,595.50000,@C,-1,1,212.50,275.0000,-75.0000,
03/04/2023 02:30:00,612.00000,03/04/2023 11:30:00,605.50000,@C,-1,1,325.00,387.5000,-150.0000,
12/04/2023 12:30:00,603.00000,13/04/2023 05:30:00,604.50000,@C,1,1,75.00,112.5000,-100.0000,
13/04/2023 06:00:00,604.50000,13/04/2023 21:30:00,599.50000,@C,-1,1,250.00,325.0000,-187.5000,
17/04/2023 02:30:00,611.75000,17/04/2023 11:30:00,616.75000,@C,-1,1,-250.00,150.0000,-262.5000,
20/04/2023 06:00:00,616.00000,20/04/2023 21:30:00,610.50000,@C,-1,1,275.00,400.0000,-25.0000,
03/05/2023 12:30:00,571.75000,04/05/2023 05:30:00,570.75000,@C,1,1,-50.00,275.0000,-62.5000,
04/05/2023 06:00:00,571.25000,04/05/2023 21:30:00,574.75000,@C,-1,1,-175.00,350.0000,-250.0000,
08/05/2023 02:30:00,582.25000,08/05/2023 11:30:00,581.75000,@C,-1,1,25.00,162.5000,-150.0000,
10/05/2023 12:30:00,581.00000,11/05/2023 05:30:00,576.50000,@C,1,1,-225.00,0.0000,-275.0000,
11/05/2023 06:00:00,576.50000,11/05/2023 21:30:00,566.75000,@C,-1,1,487.50,550.0000,-25.0000,
17/05/2023 12:30:00,544.25000,18/05/2023 05:30:00,539.25000,@C,1,1,-250.00,287.5000,-275.0000,
25/05/2023 06:00:00,574.25000,25/05/2023 21:30:00,576.00000,@C,-1,1,-87.50,275.0000,-200.0000,
31/05/2023 12:30:00,576.75000,01/06/2023 05:30:00,584.25000,@C,1,1,375.00,400.0000,-75.0000,
01/06/2023 06:00:00,585.00000,01/06/2023 21:30:00,573.00000,@C,-1,1,600.00,612.5000,-312.5000,
05/06/2023 02:30:00,595.50000,05/06/2023 11:30:00,582.50000,@C,-1,1,650.00,762.5000,-87.5000,
07/06/2023 12:30:00,592.75000,07/06/2023 19:30:00,584.75000,@C,1,1,-400.00,62.5000,-375.0000,
12/06/2023 02:30:00,596.25000,12/06/2023 09:00:00,604.25000,@C,-1,1,-400.00,37.5000,-362.5000,
15/06/2023 06:00:00,599.75000,15/06/2023 12:00:00,607.75000,@C,-1,1,-400.00,62.5000,-362.5000,
22/06/2023 06:00:00,650.75000,22/06/2023 21:30:00,639.25000,@C,-1,1,575.00,625.0000,-100.0000,
05/07/2023 12:30:00,542.25000,06/07/2023 05:30:00,537.50000,@C,1,1,-237.50,137.5000,-325.0000,
17/07/2023 02:30:00,561.75000,17/07/2023 04:30:00,569.75000,@C,-1,1,-400.00,0.0000,-375.0000,
19/07/2023 12:30:00,593.75000,20/07/2023 05:30:00,602.50000,@C,1,1,437.50,637.5000,-275.0000,
20/07/2023 06:00:00,599.50000,20/07/2023 21:30:00,588.00000,@C,-1,1,575.00,900.0000,-225.0000,
24/07/2023 02:30:00,588.75000,24/07/2023 04:30:00,596.75000,@C,-1,1,-400.00,75.0000,-375.0000,
02/08/2023 12:30:00,545.00000,02/08/2023 19:30:00,537.00000,@C,1,1,-400.00,25.0000,-375.0000,
16/08/2023 12:30:00,522.00000,17/08/2023 05:30:00,518.00000,@C,1,1,-200.00,62.5000,-237.5000,
21/08/2023 02:30:00,534.75000,21/08/2023 11:30:00,525.25000,@C,-1,1,475.00,512.5000,-137.5000,
23/08/2023 12:30:00,527.25000,24/08/2023 05:30:00,525.50000,@C,1,1,-87.50,262.5000,-175.0000,
24/08/2023 06:00:00,525.25000,24/08/2023 21:30:00,522.50000,@C,-1,1,137.50,237.5000,-125.0000,
28/08/2023 02:30:00,526.25000,28/08/2023 11:30:00,528.50000,@C,-1,1,-112.50,100.0000,-175.0000,
30/08/2023 12:30:00,518.50000,31/08/2023 05:30:00,514.00000,@C,1,1,-225.00,12.5000,-250.0000,
07/09/2023 06:00:00,520.25000,07/09/2023 21:30:00,520.50000,@C,-1,1,-12.50,137.5000,-125.0000,
13/09/2023 12:30:00,516.25000,14/09/2023 05:30:00,516.00000,@C,1,1,-12.50,75.0000,-87.5000,
21/09/2023 06:00:00,514.50000,21/09/2023 21:30:00,509.25000,@C,-1,1,262.50,312.5000,-12.5000,
28/09/2023 06:00:00,516.25000,28/09/2023 21:30:00,522.75000,@C,-1,1,-325.00,50.0000,-362.5000,
04/10/2023 12:30:00,521.50000,05/10/2023 05:30:00,518.50000,@C,1,1,-150.00,0.0000,-187.5000,
09/10/2023 02:30:00,528.25000,09/10/2023 11:30:00,522.75000,@C,-1,1,275.00,337.5000,-150.0000,
11/10/2023 12:30:00,522.00000,12/10/2023 05:30:00,522.50000,@C,1,1,25.00,100.0000,-37.5000,
16/10/2023 02:30:00,530.25000,16/10/2023 11:30:00,525.50000,@C,-1,1,237.50,325.0000,0.0000,
18/10/2023 12:30:00,527.00000,19/10/2023 05:30:00,525.50000,@C,1,1,-75.00,50.0000,-112.5000,
19/10/2023 06:00:00,526.00000,19/10/2023 12:30:00,534.00000,@C,-1,1,-400.00,75.0000,-325.0000,
23/10/2023 02:30:00,530.75000,23/10/2023 11:30:00,527.25000,@C,-1,1,175.00,300.0000,0.0000,
25/10/2023 12:30:00,515.00000,26/10/2023 05:30:00,515.00000,@C,1,1,0.00,100.0000,-162.5000,
01/11/2023 12:30:00,509.25000,02/11/2023 05:30:00,510.25000,@C,1,1,50.00,75.0000,-50.0000,
06/11/2023 02:30:00,512.75000,06/11/2023 11:30:00,513.25000,@C,-1,1,-25.00,75.0000,-112.5000,
29/11/2023 12:30:00,491.00000,30/11/2023 05:30:00,490.25000,@C,1,1,-37.50,25.0000,-75.0000,
04/12/2023 02:30:00,496.50000,04/12/2023 11:30:00,502.50000,@C,-1,1,-300.00,12.5000,-325.0000,
06/12/2023 12:30:00,500.25000,07/12/2023 05:30:00,501.75000,@C,1,1,75.00,87.5000,-137.5000,
07/12/2023 06:00:00,502.25000,07/12/2023 21:30:00,501.75000,@C,-1,1,25.00,187.5000,-75.0000,
11/12/2023 02:30:00,501.50000,11/12/2023 11:30:00,496.50000,@C,-1,1,250.00,362.5000,-25.0000,
28/12/2023 06:00:00,490.25000,28/12/2023 21:30:00,489.00000,@C,-1,1,62.50,112.5000,-150.0000,
03/01/2024 12:30:00,479.25000,04/01/2024 05:30:00,479.25000,@C,1,1,0.00,62.5000,-25.0000,
10/01/2024 12:30:00,475.00000,11/01/2024 05:30:00,474.75000,@C,1,1,-12.50,50.0000,-125.0000,
24/01/2024 12:30:00,466.00000,25/01/2024 05:30:00,466.25000,@C,1,1,12.50,62.5000,-25.0000,
25/01/2024 06:00:00,466.75000,25/01/2024 21:30:00,464.50000,@C,-1,1,112.50,237.5000,-50.0000,
28/02/2024 12:30:00,428.50000,29/02/2024 05:30:00,428.50000,@C,1,1,0.00,162.5000,-75.0000,
29/02/2024 06:00:00,428.00000,29/02/2024 21:30:00,429.00000,@C,-1,1,-50.00,212.5000,-200.0000,
