22/01/2010 02:00:00,1.59125,25/01/2010 08:00:00,1.59485,@EC,-1,1,-450.00,412.5000,-937.5000,
29/01/2010 02:00:00,1.57435,29/01/2010 16:00:00,1.56555,@EC,-1,1,1100.00,1100.0000,-475.0000,
05/02/2010 02:00:00,1.55105,05/02/2010 11:00:00,1.54065,@EC,-1,1,1300.00,987.5000,-325.0000,
12/02/2010 02:00:00,1.54775,12/02/2010 04:00:00,1.53735,@EC,-1,1,1300.00,975.0000,0.0000,
26/02/2010 02:00:00,1.53715,01/03/2010 08:00:00,1.53015,@EC,-1,1,875.00,900.0000,-1337.5000,
05/03/2010 02:00:00,1.53785,08/03/2010 08:00:00,1.54615,@EC,-1,1,-1037.50,675.0000,-1500.0000,
12/03/2010 02:00:00,1.55005,15/03/2010 08:00:00,1.55155,@EC,-1,1,-187.50,237.5000,-1150.0000,
19/03/2010 02:00:00,1.54175,19/03/2010 10:00:00,1.53135,@EC,-1,1,1300.00,1262.5000,-75.0000,
26/03/2010 02:00:00,1.51435,29/03/2010 08:00:00,1.52705,@EC,-1,1,-1587.50,275.0000,-1987.5000,
02/04/2010 02:00:00,1.53665,02/04/2010 11:00:00,1.52815,@EC,-1,1,1062.50,1125.0000,-125.0000,
09/04/2010 02:00:00,1.51475,11/04/2010 18:00:00,1.54245,@EC,-1,1,-3462.50,12.5000,-3462.5000,
16/04/2010 02:00:00,1.53285,19/04/2010 06:00:00,1.52245,@EC,-1,1,1300.00,1300.0000,-412.5000,
30/04/2010 02:00:00,1.50405,03/05/2010 08:00:00,1.50345,@EC,-1,1,75.00,475.0000,-1250.0000,
14/05/2010 02:00:00,1.43295,14/05/2010 10:00:00,1.42255,@EC,-1,1,1300.00,1225.0000,-562.5000,
28/05/2010 02:00:00,1.41255,31/05/2010 08:00:00,1.41045,@EC,-1,1,262.50,775.0000,-1587.5000,
04/06/2010 02:00:00,1.39745,04/06/2010 07:00:00,1.38705,@EC,-1,1,1300.00,1112.5000,-487.5000,
02/07/2010 02:00:00,1.42835,05/07/2010 08:00:00,1.43165,@EC,-1,1,-412.50,125.0000,-1512.5000,
16/07/2010 02:00:00,1.46915,19/07/2010 08:00:00,1.47505,@EC,-1,1,-737.50,437.5000,-1275.0000,
23/07/2010 02:00:00,1.46675,26/07/2010 08:00:00,1.47225,@EC,-1,1,-687.50,1100.0000,-1075.0000,
06/08/2010 02:00:00,1.49775,09/08/2010 08:00:00,1.50305,@EC,-1,1,-662.50,425.0000,-1787.5000,
13/08/2010 02:00:00,1.46595,13/08/2010 10:00:00,1.45555,@EC,-1,1,1300.00,1212.5000,-425.0000,
20/08/2010 02:00:00,1.45855,20/08/2010 06:00:00,1.44815,@EC,-1,1,1300.00,1250.0000,-450.0000,
03/09/2010 02:00:00,1.46165,06/09/2010 08:00:00,1.46605,@EC,-1,1,-550.00,262.5000,-1125.0000,
01/10/2010 02:00:00,1.54245,04/10/2010 08:00:00,1.54915,@EC,-1,1,-837.50,87.5000,-1925.0000,
08/10/2010 02:00:00,1.57185,11/10/2010 08:00:00,1.57285,@EC,-1,1,-125.00,1262.5000,-937.5000,
15/10/2010 02:00:00,1.58385,15/10/2010 14:00:00,1.57345,@EC,-1,1,1300.00,1137.5000,-1375.0000,
12/11/2010 02:00:00,1.54105,15/11/2010 08:00:00,1.54125,@EC,-1,1,-25.00,612.5000,-1950.0000,
19/11/2010 02:00:00,1.54735,22/11/2010 08:00:00,1.54575,@EC,-1,1,200.00,662.5000,-1300.0000,
26/11/2010 02:00:00,1.50655,29/11/2010 06:00:00,1.49615,@EC,-1,1,1300.00,1150.0000,-362.5000,
10/12/2010 02:00:00,1.50615,12/12/2010 22:00:00,1.49895,@EC,-1,1,900.00,1050.0000,-275.0000,
17/12/2010 02:00:00,1.51215,17/12/2010 10:00:00,1.50175,@EC,-1,1,1300.00,1262.5000,-525.0000,
31/12/2010 02:00:00,1.51765,03/01/2011,1.50985,@EC,-1,1,975.00,1225.0000,-650.0000,
14/01/2011 02:00:00,1.51605,17/01/2011 04:00:00,1.50565,@EC,-1,1,1300.00,1275.0000,-1225.0000,
21/01/2011 02:00:00,1.52955,24/01/2011 08:00:00,1.53725,@EC,-1,1,-962.50,12.5000,-1650.0000,
28/01/2011 02:00:00,1.55115,28/01/2011 11:00:00,1.54075,@EC,-1,1,1300.00,1225.0000,-425.0000,
04/02/2011 02:00:00,1.54325,07/02/2011 08:00:00,1.53625,@EC,-1,1,875.00,1225.0000,-612.5000,
11/02/2011 02:00:00,1.53655,14/02/2011 05:00:00,1.52615,@EC,-1,1,1300.00,1300.0000,-162.5000,
18/02/2011 02:00:00,1.54015,21/02/2011 08:00:00,1.54735,@EC,-1,1,-900.00,675.0000,-1475.0000,
04/03/2011 02:00:00,1.57595,07/03/2011 08:00:00,1.58245,@EC,-1,1,-812.50,200.0000,-962.5000,
11/03/2011 02:00:00,1.56075,14/03/2011 08:00:00,1.57625,@EC,-1,1,-1937.50,650.0000,-2212.5000,
18/03/2011 02:00:00,1.58705,21/03/2011 08:00:00,1.59705,@EC,-1,1,-1250.00,325.0000,-1500.0000,
25/03/2011 02:00:00,1.59765,25/03/2011 12:00:00,1.58725,@EC,-1,1,1300.00,1075.0000,-275.0000,
15/04/2011 02:00:00,1.62725,17/04/2011 21:00:00,1.61685,@EC,-1,1,1300.00,1262.5000,-400.0000,
29/04/2011 02:00:00,1.66475,02/05/2011 08:00:00,1.66435,@EC,-1,1,50.00,1012.5000,-462.5000,
06/05/2011 02:00:00,1.63655,06/05/2011 12:00:00,1.62615,@EC,-1,1,1300.00,1275.0000,-387.5000,
13/05/2011 02:00:00,1.60505,13/05/2011 12:00:00,1.59465,@EC,-1,1,1300.00,1275.0000,-1275.0000,
20/05/2011 02:00:00,1.61425,20/05/2011 07:00:00,1.60385,@EC,-1,1,1300.00,1212.5000,-237.5000,
03/06/2011 02:00:00,1.62965,06/06/2011 08:00:00,1.64155,@EC,-1,1,-1487.50,325.0000,-2250.0000,
24/06/2011 02:00:00,1.60795,24/06/2011 13:00:00,1.59755,@EC,-1,1,1300.00,1200.0000,-675.0000,
15/07/2011 02:00:00,1.60015,17/07/2011 21:00:00,1.58975,@EC,-1,1,1300.00,1262.5000,-287.5000,
22/07/2011 02:00:00,1.62455,25/07/2011 08:00:00,1.62115,@EC,-1,1,425.00,1062.5000,-362.5000,
29/07/2011 02:00:00,1.61365,01/08/2011 08:00:00,1.62695,@EC,-1,1,-1662.50,800.0000,-2025.0000,
19/08/2011 02:00:00,1.61525,22/08/2011 08:00:00,1.62755,@EC,-1,1,-1537.50,487.5000,-1962.5000,
26/08/2011 02:00:00,1.62825,29/08/2011 08:00:00,1.63535,@EC,-1,1,-887.50,1225.0000,-1637.5000,
02/09/2011 02:00:00,1.61095,04/09/2011 18:00:00,1.60225,@EC,-1,1,1087.50,1087.5000,-475.0000,
09/09/2011 02:00:00,1.57585,09/09/2011 05:00:00,1.56545,@EC,-1,1,1300.00,1200.0000,-225.0000,
16/09/2011 02:00:00,1.57035,18/09/2011 18:00:00,1.55325,@EC,-1,1,2137.50,2137.5000,-112.5000,
23/09/2011 02:00:00,1.53455,26/09/2011 02:00:00,1.52415,@EC,-1,1,1300.00,1250.0000,-875.0000,
14/10/2011 02:00:00,1.56395,17/10/2011 08:00:00,1.56315,@EC,-1,1,100.00,550.0000,-1575.0000,
21/10/2011 02:00:00,1.56455,24/10/2011 08:00:00,1.57135,@EC,-1,1,-850.00,1100.0000,-2050.0000,
28/10/2011 02:00:00,1.60395,30/10/2011 21:00:00,1.59355,@EC,-1,1,1300.00,1175.0000,-162.5000,
11/11/2011 02:00:00,1.54805,14/11/2011 08:00:00,1.55085,@EC,-1,1,-350.00,225.0000,-2187.5000,
18/11/2011 02:00:00,1.53435,21/11/2011 08:00:00,1.53155,@EC,-1,1,350.00,662.5000,-1637.5000,
25/11/2011 02:00:00,1.51775,25/11/2011 08:00:00,1.50735,@EC,-1,1,1300.00,1300.0000,-75.0000,
02/12/2011 02:00:00,1.53235,05/12/2011 08:00:00,1.53045,@EC,-1,1,237.50,1262.5000,-1087.5000,
09/12/2011 02:00:00,1.51665,12/12/2011 08:00:00,1.51355,@EC,-1,1,387.50,662.5000,-1600.0000,
23/12/2011 02:00:00,1.49435,27/12/2011 21:00:00,1.49345,@EC,-1,1,112.50,675.0000,-150.0000,
30/12/2011 02:00:00,1.48035,03/01/2012 21:00:00,1.49025,@EC,-1,1,-1237.50,487.5000,-1637.5000,
13/01/2012 02:00:00,1.47125,13/01/2012 08:00:00,1.46085,@EC,-1,1,1300.00,1187.5000,-175.0000,
20/01/2012 02:00:00,1.48255,22/01/2012 18:00:00,1.47345,@EC,-1,1,1137.50,1137.5000,-162.5000,
27/01/2012 02:00:00,1.49635,30/01/2012 08:00:00,1.49655,@EC,-1,1,-25.00,412.5000,-1537.5000,
03/02/2012 02:00:00,1.49945,06/02/2012 01:00:00,1.49225,@EC,-1,1,900.00,975.0000,-900.0000,
10/02/2012 02:00:00,1.51095,10/02/2012 16:00:00,1.50215,@EC,-1,1,1100.00,1287.5000,-325.0000,
17/02/2012 02:00:00,1.49685,20/02/2012 08:00:00,1.51205,@EC,-1,1,-1900.00,25.0000,-1975.0000,
24/02/2012 02:00:00,1.52205,27/02/2012 08:00:00,1.52495,@EC,-1,1,-362.50,62.5000,-1462.5000,
02/03/2012 02:00:00,1.51505,02/03/2012 09:00:00,1.50465,@EC,-1,1,1300.00,1275.0000,-12.5000,
09/03/2012 02:00:00,1.50835,09/03/2012 09:00:00,1.49795,@EC,-1,1,1300.00,1275.0000,-137.5000,
23/03/2012 02:00:00,1.50425,26/03/2012 08:00:00,1.50895,@EC,-1,1,-587.50,75.0000,-1212.5000,
30/03/2012 02:00:00,1.51935,02/04/2012 08:00:00,1.51715,@EC,-1,1,275.00,487.5000,-412.5000,
06/04/2012 02:00:00,1.49185,09/04/2012 08:00:00,1.49205,@EC,-1,1,-25.00,525.0000,-500.0000,
13/04/2012 02:00:00,1.50175,13/04/2012 13:00:00,1.49275,@EC,-1,1,1125.00,1300.0000,-125.0000,
20/04/2012 02:00:00,1.50025,23/04/2012 08:00:00,1.49835,@EC,-1,1,237.50,450.0000,-862.5000,
11/05/2012 02:00:00,1.47655,14/05/2012 08:00:00,1.47065,@EC,-1,1,737.50,812.5000,-412.5000,
25/05/2012 02:00:00,1.43775,28/05/2012 08:00:00,1.44115,@EC,-1,1,-425.00,525.0000,-825.0000,
01/06/2012 02:00:00,1.42045,04/06/2012 08:00:00,1.42855,@EC,-1,1,-1012.50,962.5000,-1212.5000,
08/06/2012 02:00:00,1.43545,11/06/2012 08:00:00,1.43745,@EC,-1,1,-250.00,1000.0000,-1850.0000,
22/06/2012 02:00:00,1.43925,25/06/2012 08:00:00,1.43235,@EC,-1,1,862.50,1112.5000,-300.0000,
29/06/2012 02:00:00,1.44255,02/07/2012 08:00:00,1.44395,@EC,-1,1,-175.00,512.5000,-1250.0000,
06/07/2012 02:00:00,1.42185,06/07/2012 12:00:00,1.41145,@EC,-1,1,1300.00,1300.0000,-225.0000,
13/07/2012 02:00:00,1.40325,16/07/2012 08:00:00,1.40235,@EC,-1,1,112.50,487.5000,-750.0000,
20/07/2012 02:00:00,1.40865,20/07/2012 09:00:00,1.39825,@EC,-1,1,1300.00,1150.0000,-275.0000,
27/07/2012 02:00:00,1.41225,30/07/2012 08:00:00,1.40835,@EC,-1,1,487.50,662.5000,-1212.5000,
03/08/2012 02:00:00,1.40185,05/08/2012 19:00:00,1.42425,@EC,-1,1,-2800.00,125.0000,-2600.0000,
10/08/2012 02:00:00,1.41125,13/08/2012 08:00:00,1.41765,@EC,-1,1,-800.00,562.5000,-925.0000,
24/08/2012 02:00:00,1.43885,27/08/2012,1.43345,@EC,-1,1,675.00,1037.5000,-12.5000,
31/08/2012 02:00:00,1.43265,03/09/2012 08:00:00,1.43965,@EC,-1,1,-875.00,100.0000,-1700.0000,
07/09/2012 02:00:00,1.44605,10/09/2012 08:00:00,1.46035,@EC,-1,1,-1787.50,50.0000,-2275.0000,
14/09/2012 02:00:00,1.48595,17/09/2012 08:00:00,1.49195,@EC,-1,1,-750.00,212.5000,-1637.5000,
28/09/2012 02:00:00,1.47515,30/09/2012 19:00:00,1.46475,@EC,-1,1,1300.00,1225.0000,-387.5000,
05/10/2012 02:00:00,1.48275,08/10/2012 08:00:00,1.47815,@EC,-1,1,575.00,887.5000,-800.0000,
19/10/2012 02:00:00,1.48945,22/10/2012 08:00:00,1.48845,@EC,-1,1,125.00,800.0000,-12.5000,
26/10/2012 02:00:00,1.47505,29/10/2012 08:00:00,1.47115,@EC,-1,1,487.50,650.0000,-275.0000,
02/11/2012 02:00:00,1.47175,02/11/2012 13:00:00,1.46535,@EC,-1,1,800.00,812.5000,-150.0000,
16/11/2012 02:00:00,1.45735,19/11/2012 08:00:00,1.45775,@EC,-1,1,-50.00,862.5000,-362.5000,
23/11/2012 02:00:00,1.47045,26/11/2012 08:00:00,1.47755,@EC,-1,1,-887.50,200.0000,-1262.5000,
14/12/2012 02:00:00,1.49195,17/12/2012 08:00:00,1.49765,@EC,-1,1,-712.50,537.5000,-1050.0000,
21/12/2012 02:00:00,1.50135,24/12/2012 08:00:00,1.50285,@EC,-1,1,-187.50,562.5000,-400.0000,
28/12/2012 02:00:00,1.50555,31/12/2012 08:00:00,1.49945,@EC,-1,1,762.50,1025.0000,-112.5000,
04/01/2013 02:00:00,1.48445,07/01/2013 08:00:00,1.48305,@EC,-1,1,175.00,512.5000,-675.0000,
11/01/2013 02:00:00,1.50575,14/01/2013 08:00:00,1.51435,@EC,-1,1,-1075.00,50.0000,-1925.0000,
25/01/2013 02:00:00,1.51845,28/01/2013 08:00:00,1.52425,@EC,-1,1,-725.00,37.5000,-1237.5000,
15/02/2013 02:00:00,1.51785,18/02/2013 08:00:00,1.51585,@EC,-1,1,250.00,900.0000,-50.0000,
22/02/2013 02:00:00,1.50095,25/02/2013 08:00:00,1.50995,@EC,-1,1,-1125.00,800.0000,-1200.0000,
01/03/2013 02:00:00,1.48665,04/03/2013 08:00:00,1.48085,@EC,-1,1,725.00,1262.5000,-437.5000,
08/03/2013 02:00:00,1.48835,08/03/2013 09:00:00,1.47795,@EC,-1,1,1300.00,1087.5000,-625.0000,
22/03/2013 02:00:00,1.46855,25/03/2013 08:00:00,1.47845,@EC,-1,1,-1237.50,50.0000,-2362.5000,
05/04/2013 02:00:00,1.47095,08/04/2013 08:00:00,1.48235,@EC,-1,1,-1425.00,225.0000,-1525.0000,
12/04/2013 02:00:00,1.49025,15/04/2013 08:00:00,1.48675,@EC,-1,1,437.50,950.0000,-175.0000,
19/04/2013 02:00:00,1.48565,22/04/2013 08:00:00,1.48375,@EC,-1,1,237.50,450.0000,-787.5000,
26/04/2013 02:00:00,1.48085,29/04/2013 08:00:00,1.48785,@EC,-1,1,-875.00,375.0000,-1012.5000,
03/05/2013 02:00:00,1.48605,06/05/2013 08:00:00,1.48905,@EC,-1,1,-375.00,512.5000,-1100.0000,
10/05/2013 02:00:00,1.48295,10/05/2013 11:00:00,1.47255,@EC,-1,1,1300.00,1225.0000,-87.5000,
31/05/2013 02:00:00,1.48185,03/06/2013 08:00:00,1.47835,@EC,-1,1,437.50,1112.5000,-175.0000,
07/06/2013 02:00:00,1.50365,10/06/2013 02:00:00,1.49805,@EC,-1,1,700.00,762.5000,-425.0000,
14/06/2013 02:00:00,1.51435,17/06/2013 01:00:00,1.51105,@EC,-1,1,412.50,737.5000,-50.0000,
21/06/2013 02:00:00,1.50285,21/06/2013 10:00:00,1.49245,@EC,-1,1,1300.00,1287.5000,-137.5000,
28/06/2013 02:00:00,1.48615,30/06/2013 20:00:00,1.47955,@EC,-1,1,825.00,1037.5000,-375.0000,
05/07/2013 02:00:00,1.46835,05/07/2013 15:00:00,1.46175,@EC,-1,1,825.00,1150.0000,-50.0000,
12/07/2013 02:00:00,1.48625,15/07/2013 08:00:00,1.47915,@EC,-1,1,887.50,1037.5000,-200.0000,
19/07/2013 02:00:00,1.49215,22/07/2013 08:00:00,1.49545,@EC,-1,1,-412.50,487.5000,-725.0000,
26/07/2013 02:00:00,1.50645,29/07/2013 08:00:00,1.50595,@EC,-1,1,62.50,325.0000,-237.5000,
09/08/2013 02:00:00,1.51705,11/08/2013 22:00:00,1.51065,@EC,-1,1,800.00,762.5000,-62.5000,
23/08/2013 02:00:00,1.51265,26/08/2013 08:00:00,1.51545,@EC,-1,1,-350.00,112.5000,-862.5000,
13/09/2013 02:00:00,1.50515,16/09/2013 08:00:00,1.51355,@EC,-1,1,-1050.00,212.5000,-1412.5000,
20/09/2013 02:00:00,1.53155,23/09/2013 08:00:00,1.52815,@EC,-1,1,425.00,462.5000,-175.0000,
04/10/2013 02:00:00,1.54075,06/10/2013 20:00:00,1.53485,@EC,-1,1,737.50,1112.5000,-37.5000,
18/10/2013 02:00:00,1.54445,21/10/2013 08:00:00,1.54535,@EC,-1,1,-112.50,0.0000,-500.0000,
08/11/2013 02:00:00,1.51855,10/11/2013 22:00:00,1.51355,@EC,-1,1,625.00,1125.0000,-562.5000,
15/11/2013 02:00:00,1.52405,18/11/2013 08:00:00,1.52875,@EC,-1,1,-587.50,387.5000,-700.0000,
22/11/2013 02:00:00,1.52615,25/11/2013 08:00:00,1.53055,@EC,-1,1,-550.00,62.5000,-950.0000,
27/12/2013 02:00:00,1.55415,30/12/2013 08:00:00,1.55495,@EC,-1,1,-100.00,425.0000,-1637.5000,
10/01/2014 02:00:00,1.53895,13/01/2014 08:00:00,1.54455,@EC,-1,1,-700.00,487.5000,-962.5000,
17/01/2014 02:00:00,1.53935,17/01/2014 15:00:00,1.53055,@EC,-1,1,1100.00,1237.5000,-75.0000,
24/01/2014 02:00:00,1.54605,27/01/2014 08:00:00,1.54395,@EC,-1,1,262.50,325.0000,-737.5000,
31/01/2014 02:00:00,1.53175,02/02/2014 21:00:00,1.52615,@EC,-1,1,700.00,737.5000,-450.0000,
28/02/2014 02:00:00,1.54845,03/03/2014 08:00:00,1.55505,@EC,-1,1,-825.00,25.0000,-1512.5000,
07/03/2014 02:00:00,1.56395,10/03/2014 08:00:00,1.56535,@EC,-1,1,-175.00,100.0000,-687.5000,
14/03/2014 02:00:00,1.56305,17/03/2014 08:00:00,1.56705,@EC,-1,1,-500.00,0.0000,-1112.5000,
21/03/2014 02:00:00,1.55665,24/03/2014 08:00:00,1.55445,@EC,-1,1,275.00,325.0000,-687.5000,
04/04/2014 02:00:00,1.54855,07/04/2014 08:00:00,1.55055,@EC,-1,1,-250.00,425.0000,-400.0000,
02/05/2014 02:00:00,1.56415,05/05/2014 08:00:00,1.56575,@EC,-1,1,-200.00,675.0000,-262.5000,
09/05/2014 02:00:00,1.56235,09/05/2014 13:00:00,1.55355,@EC,-1,1,1100.00,1112.5000,-12.5000,
16/05/2014 02:00:00,1.54955,19/05/2014 08:00:00,1.54995,@EC,-1,1,-50.00,362.5000,-162.5000,
23/05/2014 02:00:00,1.54275,25/05/2014 20:00:00,1.54085,@EC,-1,1,237.50,387.5000,-62.5000,
20/06/2014 02:00:00,1.54105,23/06/2014 08:00:00,1.53775,@EC,-1,1,412.50,787.5000,-12.5000,
04/07/2014 02:00:00,1.53885,07/07/2014 08:00:00,1.53805,@EC,-1,1,100.00,362.5000,-12.5000,
18/07/2014 02:00:00,1.53055,21/07/2014 08:00:00,1.52995,@EC,-1,1,75.00,400.0000,-337.5000,
25/07/2014 02:00:00,1.52495,27/07/2014 19:00:00,1.52135,@EC,-1,1,450.00,587.5000,-100.0000,
22/08/2014 02:00:00,1.50695,22/08/2014 14:00:00,1.50195,@EC,-1,1,625.00,837.5000,-112.5000,
05/09/2014 02:00:00,1.47165,08/09/2014 08:00:00,1.47285,@EC,-1,1,-150.00,50.0000,-700.0000,
19/09/2014 02:00:00,1.46795,19/09/2014 16:00:00,1.46135,@EC,-1,1,825.00,900.0000,-87.5000,
26/09/2014 02:00:00,1.45185,28/09/2014 18:00:00,1.44575,@EC,-1,1,762.50,825.0000,-175.0000,
03/10/2014 02:00:00,1.44245,03/10/2014 08:00:00,1.43205,@EC,-1,1,1300.00,650.0000,-50.0000,
10/10/2014 02:00:00,1.44815,13/10/2014 08:00:00,1.44635,@EC,-1,1,225.00,1262.5000,-12.5000,
17/10/2014 02:00:00,1.45805,19/10/2014 18:00:00,1.45165,@EC,-1,1,800.00,775.0000,-387.5000,
31/10/2014 02:00:00,1.43405,02/11/2014 19:00:00,1.42605,@EC,-1,1,1000.00,1025.0000,-300.0000,
07/11/2014 02:00:00,1.41545,10/11/2014 08:00:00,1.42595,@EC,-1,1,-1312.50,300.0000,-1587.5000,
28/11/2014 02:00:00,1.42265,01/12/2014 08:00:00,1.42385,@EC,-1,1,-150.00,450.0000,-437.5000,
05/12/2014 02:00:00,1.41405,05/12/2014 16:00:00,1.40595,@EC,-1,1,1012.50,1237.5000,-175.0000,
12/12/2014 02:00:00,1.41585,15/12/2014 08:00:00,1.41945,@EC,-1,1,-450.00,87.5000,-1187.5000,
19/12/2014 02:00:00,1.40585,19/12/2014 16:00:00,1.39955,@EC,-1,1,787.50,862.5000,-175.0000,
26/12/2014 02:00:00,1.39775,26/12/2014 13:00:00,1.39435,@EC,-1,1,425.00,512.5000,-37.5000,
09/01/2015 02:00:00,1.35605,12/01/2015 08:00:00,1.35575,@EC,-1,1,37.50,387.5000,-975.0000,
16/01/2015 02:00:00,1.34035,16/01/2015 10:00:00,1.32995,@EC,-1,1,1300.00,1287.5000,-162.5000,
30/01/2015 02:00:00,1.30995,02/02/2015 08:00:00,1.30795,@EC,-1,1,250.00,725.0000,-362.5000,
06/02/2015 02:00:00,1.32285,06/02/2015 08:00:00,1.31245,@EC,-1,1,1300.00,412.5000,-62.5000,
20/02/2015 02:00:00,1.31225,23/02/2015 08:00:00,1.30675,@EC,-1,1,687.50,1012.5000,-900.0000,
27/02/2015 02:00:00,1.29655,02/03/2015 08:00:00,1.29815,@EC,-1,1,-200.00,550.0000,-550.0000,
06/03/2015 02:00:00,1.27765,06/03/2015 08:00:00,1.26725,@EC,-1,1,1300.00,1075.0000,-137.5000,
27/03/2015 02:00:00,1.26465,30/03/2015 08:00:00,1.26025,@EC,-1,1,550.00,1000.0000,-862.5000,
10/04/2015 02:00:00,1.24355,12/04/2015 22:00:00,1.23635,@EC,-1,1,900.00,1300.0000,-12.5000,
17/04/2015 02:00:00,1.25285,20/04/2015 08:00:00,1.24975,@EC,-1,1,387.50,537.5000,-1037.5000,
01/05/2015 02:00:00,1.29805,04/05/2015 08:00:00,1.28945,@EC,-1,1,1075.00,1212.5000,-887.5000,
08/05/2015 02:00:00,1.29645,11/05/2015 08:00:00,1.29015,@EC,-1,1,787.50,900.0000,-1162.5000,
15/05/2015 02:00:00,1.31425,18/05/2015 08:00:00,1.31645,@EC,-1,1,-275.00,750.0000,-1050.0000,
22/05/2015 02:00:00,1.29045,22/05/2015 09:00:00,1.28005,@EC,-1,1,1300.00,962.5000,-775.0000,
26/06/2015 02:00:00,1.29415,28/06/2015 18:00:00,1.27415,@EC,-1,1,2500.00,2500.0000,-387.5000,
03/07/2015 02:00:00,1.28445,05/07/2015 18:00:00,1.27405,@EC,-1,1,1300.00,1150.0000,-312.5000,
10/07/2015 02:00:00,1.28675,13/07/2015 08:00:00,1.28145,@EC,-1,1,662.50,800.0000,-1237.5000,
17/07/2015 02:00:00,1.26335,19/07/2015 21:00:00,1.25775,@EC,-1,1,700.00,712.5000,-287.5000,
24/07/2015 02:00:00,1.27225,27/07/2015 08:00:00,1.28145,@EC,-1,1,-1150.00,625.0000,-1737.5000,
31/07/2015 02:00:00,1.26805,03/08/2015 08:00:00,1.26905,@EC,-1,1,-125.00,162.5000,-2262.5000,
07/08/2015 02:00:00,1.26615,10/08/2015 08:00:00,1.27065,@EC,-1,1,-562.50,762.5000,-812.5000,
14/08/2015 02:00:00,1.28975,16/08/2015 21:00:00,1.28405,@EC,-1,1,712.50,775.0000,-450.0000,
11/09/2015 02:00:00,1.30295,14/09/2015 08:00:00,1.30635,@EC,-1,1,-425.00,437.5000,-1050.0000,
09/10/2015 02:00:00,1.30175,12/10/2015 08:00:00,1.31105,@EC,-1,1,-1162.50,150.0000,-1412.5000,
16/10/2015 02:00:00,1.31125,19/10/2015 08:00:00,1.30555,@EC,-1,1,712.50,900.0000,-187.5000,
23/10/2015 02:00:00,1.28525,23/10/2015 10:00:00,1.27485,@EC,-1,1,1300.00,1287.5000,-225.0000,
06/11/2015 02:00:00,1.25935,06/11/2015 08:00:00,1.24895,@EC,-1,1,1300.00,812.5000,-250.0000,
13/11/2015 02:00:00,1.25125,16/11/2015,1.24465,@EC,-1,1,825.00,1262.5000,-275.0000,
27/11/2015 02:00:00,1.23565,29/11/2015 22:00:00,1.23075,@EC,-1,1,612.50,800.0000,-12.5000,
04/12/2015 02:00:00,1.26435,06/12/2015 21:00:00,1.25795,@EC,-1,1,800.00,1050.0000,-400.0000,
11/12/2015 02:00:00,1.26695,14/12/2015 08:00:00,1.26965,@EC,-1,1,-337.50,137.5000,-1087.5000,
18/12/2015 02:00:00,1.25845,21/12/2015 08:00:00,1.25845,@EC,-1,1,0.00,725.0000,-262.5000,
08/01/2016 02:00:00,1.25755,11/01/2016 08:00:00,1.26130,@EC,-1,1,-468.75,837.5000,-1356.2500,
15/01/2016 02:00:00,1.25995,18/01/2016 08:00:00,1.26075,@EC,-1,1,-100.00,337.5000,-1218.7500,
22/01/2016 02:00:00,1.25415,25/01/2016 08:00:00,1.25270,@EC,-1,1,181.25,550.0000,-387.5000,
05/02/2016 02:00:00,1.28980,07/02/2016 21:00:00,1.28420,@EC,-1,1,700.00,1037.5000,-856.2500,
12/02/2016 02:00:00,1.30190,12/02/2016 16:00:00,1.29550,@EC,-1,1,800.00,1256.2500,-131.2500,
19/02/2016 02:00:00,1.28150,22/02/2016 08:00:00,1.27295,@EC,-1,1,1068.75,1212.5000,-331.2500,
26/02/2016 02:00:00,1.27520,26/02/2016 10:00:00,1.26480,@EC,-1,1,1300.00,1237.5000,-175.0000,
11/03/2016 02:00:00,1.28570,14/03/2016 08:00:00,1.28025,@EC,-1,1,681.25,1018.7500,-393.7500,
18/03/2016 02:00:00,1.30035,21/03/2016 08:00:00,1.29665,@EC,-1,1,462.50,943.7500,-37.5000,
01/04/2016 02:00:00,1.30700,04/04/2016 08:00:00,1.30625,@EC,-1,1,93.75,593.7500,-706.2500,
08/04/2016 02:00:00,1.30540,11/04/2016 08:00:00,1.30765,@EC,-1,1,-281.25,250.0000,-737.5000,
15/04/2016 02:00:00,1.29400,18/04/2016 08:00:00,1.29915,@EC,-1,1,-643.75,150.0000,-750.0000,
22/04/2016 02:00:00,1.29765,22/04/2016 14:00:00,1.29005,@EC,-1,1,950.00,981.2500,-87.5000,
20/05/2016 02:00:00,1.28815,23/05/2016 08:00:00,1.28820,@EC,-1,1,-6.25,137.5000,-393.7500,
27/05/2016 02:00:00,1.28585,27/05/2016 16:00:00,1.27815,@EC,-1,1,962.50,981.2500,-137.5000,
03/06/2016 02:00:00,1.28195,06/06/2016 08:00:00,1.30105,@EC,-1,1,-2387.50,200.0000,-2768.7500,
01/07/2016 02:00:00,1.27360,04/07/2016 08:00:00,1.27910,@EC,-1,1,-687.50,106.2500,-1112.5000,
08/07/2016 02:00:00,1.27380,11/07/2016 08:00:00,1.27000,@EC,-1,1,475.00,1037.5000,-462.5000,
22/07/2016 02:00:00,1.26715,24/07/2016 20:00:00,1.26185,@EC,-1,1,662.50,831.2500,-250.0000,
05/08/2016 02:00:00,1.27835,05/08/2016 15:00:00,1.27355,@EC,-1,1,600.00,1175.0000,-281.2500,
26/08/2016 02:00:00,1.29290,26/08/2016 14:00:00,1.28250,@EC,-1,1,1300.00,1243.7500,-606.2500,
16/09/2016 02:00:00,1.28645,16/09/2016 14:00:00,1.27865,@EC,-1,1,975.00,1087.5000,-56.2500,
23/09/2016 02:00:00,1.28220,26/09/2016 08:00:00,1.28860,@EC,-1,1,-800.00,31.2500,-837.5000,
07/10/2016 02:00:00,1.27355,10/10/2016 08:00:00,1.27755,@EC,-1,1,-500.00,200.0000,-1062.5000,
21/10/2016 02:00:00,1.25140,24/10/2016 08:00:00,1.24980,@EC,-1,1,200.00,581.2500,-81.2500,
28/10/2016 02:00:00,1.25090,31/10/2016 08:00:00,1.25565,@EC,-1,1,-593.75,43.7500,-1143.7500,
04/11/2016 02:00:00,1.26905,07/11/2016 08:00:00,1.26650,@EC,-1,1,318.75,500.0000,-706.2500,
11/11/2016 02:00:00,1.25120,11/11/2016 16:00:00,1.24445,@EC,-1,1,843.75,1050.0000,-62.5000,
18/11/2016 02:00:00,1.21930,21/11/2016 08:00:00,1.22275,@EC,-1,1,-431.25,362.5000,-631.2500,
25/11/2016 02:00:00,1.21710,28/11/2016 08:00:00,1.21750,@EC,-1,1,-50.00,31.2500,-1343.7500,
02/12/2016 02:00:00,1.22695,04/12/2016 18:00:00,1.21340,@EC,-1,1,1693.75,1693.7500,-18.7500,
16/12/2016 02:00:00,1.20275,19/12/2016 08:00:00,1.20130,@EC,-1,1,181.25,525.0000,-456.2500,
23/12/2016 02:00:00,1.20260,27/12/2016 08:00:00,1.20255,@EC,-1,1,6.25,206.2500,-331.2500,
30/12/2016 02:00:00,1.21020,03/01/2017 02:00:00,1.20420,@EC,-1,1,750.00,918.7500,-831.2500,
06/01/2017 02:00:00,1.21475,08/01/2017 18:00:00,1.20985,@EC,-1,1,612.50,687.5000,-631.2500,
13/01/2017 02:00:00,1.21925,16/01/2017 08:00:00,1.21540,@EC,-1,1,481.25,631.2500,-593.7500,
20/01/2017 02:00:00,1.22435,23/01/2017 08:00:00,1.22950,@EC,-1,1,-643.75,725.0000,-900.0000,
27/01/2017 02:00:00,1.22220,30/01/2017 08:00:00,1.21850,@EC,-1,1,462.50,500.0000,-937.5000,
03/02/2017 02:00:00,1.23120,06/02/2017 08:00:00,1.22865,@EC,-1,1,318.75,606.2500,-487.5000,
17/02/2017 02:00:00,1.22135,17/02/2017 16:00:00,1.21545,@EC,-1,1,737.50,768.7500,-87.5000,
24/02/2017 02:00:00,1.21330,27/02/2017 08:00:00,1.21250,@EC,-1,1,100.00,468.7500,-368.7500,
03/03/2017 02:00:00,1.20670,06/03/2017 08:00:00,1.21295,@EC,-1,1,-781.25,193.7500,-1418.7500,
10/03/2017 02:00:00,1.21290,13/03/2017 08:00:00,1.22060,@EC,-1,1,-962.50,31.2500,-1537.5000,
17/03/2017 02:00:00,1.23085,20/03/2017 08:00:00,1.22880,@EC,-1,1,256.25,531.2500,-143.7500,
31/03/2017 02:00:00,1.22050,03/04/2017 08:00:00,1.21825,@EC,-1,1,281.25,356.2500,-306.2500,
07/04/2017 02:00:00,1.21755,09/04/2017 19:00:00,1.21015,@EC,-1,1,925.00,943.7500,-356.2500,
21/04/2017 02:00:00,1.22325,24/04/2017 08:00:00,1.23590,@EC,-1,1,-1581.25,400.0000,-2312.5000,
28/04/2017 02:00:00,1.23765,01/05/2017 08:00:00,1.24200,@EC,-1,1,-543.75,0.0000,-1068.7500,
05/05/2017 02:00:00,1.24900,08/05/2017 08:00:00,1.24485,@EC,-1,1,518.75,562.5000,-437.5000,
26/05/2017 02:00:00,1.26955,29/05/2017,1.26650,@EC,-1,1,381.25,425.0000,-493.7500,
02/06/2017 02:00:00,1.27140,05/06/2017 08:00:00,1.27430,@EC,-1,1,-362.50,156.2500,-862.5000,
16/06/2017 02:00:00,1.26315,19/06/2017 08:00:00,1.26800,@EC,-1,1,-606.25,25.0000,-881.2500,
23/06/2017 02:00:00,1.26495,26/06/2017 08:00:00,1.26665,@EC,-1,1,-212.50,31.2500,-568.7500,
30/06/2017 02:00:00,1.29100,03/07/2017 07:00:00,1.28420,@EC,-1,1,850.00,743.7500,-143.7500,
07/07/2017 02:00:00,1.28830,10/07/2017 08:00:00,1.28645,@EC,-1,1,231.25,337.5000,-418.7500,
14/07/2017 02:00:00,1.28815,17/07/2017 08:00:00,1.29365,@EC,-1,1,-687.50,62.5000,-831.2500,
21/07/2017 02:00:00,1.31085,24/07/2017 08:00:00,1.31135,@EC,-1,1,-62.50,125.0000,-550.0000,
28/07/2017 02:00:00,1.31585,31/07/2017 08:00:00,1.31915,@EC,-1,1,-412.50,81.2500,-881.2500,
11/08/2017 02:00:00,1.32200,14/08/2017 08:00:00,1.32485,@EC,-1,1,-356.25,193.7500,-1050.0000,
25/08/2017 02:00:00,1.32445,28/08/2017 08:00:00,1.33730,@EC,-1,1,-1606.25,293.7500,-2031.2500,
01/09/2017 02:00:00,1.33385,04/09/2017 08:00:00,1.33530,@EC,-1,1,-181.25,581.2500,-1068.7500,
08/09/2017 02:00:00,1.35190,10/09/2017 21:00:00,1.34510,@EC,-1,1,850.00,862.5000,-81.2500,
15/09/2017 02:00:00,1.33540,18/09/2017 08:00:00,1.33785,@EC,-1,1,-306.25,175.0000,-862.5000,
22/09/2017 02:00:00,1.33985,25/09/2017,1.33625,@EC,-1,1,450.00,675.0000,-475.0000,
13/10/2017 02:00:00,1.32635,16/10/2017 01:00:00,1.32195,@EC,-1,1,550.00,612.5000,-356.2500,
20/10/2017 02:00:00,1.32210,23/10/2017,1.31815,@EC,-1,1,493.75,725.0000,-218.7500,
27/10/2017 02:00:00,1.30510,30/10/2017 03:00:00,1.30110,@EC,-1,1,500.00,875.0000,0.0000,
10/11/2017 02:00:00,1.30480,13/11/2017 08:00:00,1.30525,@EC,-1,1,-56.25,331.2500,-362.5000,
17/11/2017 02:00:00,1.32070,19/11/2017 18:00:00,1.31350,@EC,-1,1,900.00,900.0000,-12.5000,
24/11/2017 02:00:00,1.32380,27/11/2017 08:00:00,1.33340,@EC,-1,1,-1200.00,131.2500,-1368.7500,
08/12/2017 02:00:00,1.31345,11/12/2017 08:00:00,1.31750,@EC,-1,1,-506.25,287.5000,-625.0000,
22/12/2017 02:00:00,1.32340,26/12/2017 08:00:00,1.32260,@EC,-1,1,100.00,331.2500,-306.2500,
29/12/2017 02:00:00,1.33110,02/01/2018 08:00:00,1.34190,@EC,-1,1,-1350.00,118.7500,-1581.2500,
05/01/2018 02:00:00,1.34100,08/01/2018 05:00:00,1.33415,@EC,-1,1,856.25,931.2500,-318.7500,
19/01/2018 02:00:00,1.36030,22/01/2018 08:00:00,1.35860,@EC,-1,1,212.50,568.7500,-456.2500,
26/01/2018 02:00:00,1.37900,29/01/2018 08:00:00,1.37250,@EC,-1,1,812.50,918.7500,-543.7500,
02/02/2018 02:00:00,1.38305,05/02/2018 08:00:00,1.37765,@EC,-1,1,675.00,1081.2500,-293.7500,
09/02/2018 02:00:00,1.35950,12/02/2018 08:00:00,1.35925,@EC,-1,1,31.25,737.5000,-431.2500,
16/02/2018 02:00:00,1.38630,16/02/2018 09:00:00,1.37590,@EC,-1,1,1300.00,1106.2500,-93.7500,
23/02/2018 02:00:00,1.36125,26/02/2018 08:00:00,1.36395,@EC,-1,1,-337.50,168.7500,-768.7500,
02/03/2018 02:00:00,1.35765,05/03/2018 08:00:00,1.36100,@EC,-1,1,-418.75,143.7500,-1056.2500,
09/03/2018 02:00:00,1.36290,12/03/2018 08:00:00,1.36005,@EC,-1,1,356.25,600.0000,-243.7500,
23/03/2018 02:00:00,1.36285,26/03/2018 08:00:00,1.37020,@EC,-1,1,-918.75,193.7500,-1050.0000,
13/04/2018 02:00:00,1.36020,16/04/2018 08:00:00,1.36425,@EC,-1,1,-506.25,262.5000,-575.0000,
20/04/2018 02:00:00,1.36085,20/04/2018 16:00:00,1.35480,@EC,-1,1,756.25,1156.2500,-150.0000,
27/04/2018 02:00:00,1.33660,30/04/2018 08:00:00,1.33365,@EC,-1,1,368.75,643.7500,-393.7500,
11/05/2018 02:00:00,1.31560,14/05/2018 08:00:00,1.32300,@EC,-1,1,-925.00,231.2500,-1000.0000,
18/05/2018 02:00:00,1.30520,20/05/2018 20:00:00,1.29840,@EC,-1,1,850.00,781.2500,-137.5000,
25/05/2018 02:00:00,1.29400,28/05/2018 08:00:00,1.28745,@EC,-1,1,818.75,893.7500,-362.5000,
01/06/2018 02:00:00,1.29035,04/06/2018 08:00:00,1.29650,@EC,-1,1,-768.75,731.2500,-787.5000,
15/06/2018 02:00:00,1.27745,18/06/2018 08:00:00,1.28240,@EC,-1,1,-618.75,237.5000,-825.0000,
22/06/2018 02:00:00,1.28395,25/06/2018 08:00:00,1.28955,@EC,-1,1,-700.00,168.7500,-768.7500,
06/07/2018 02:00:00,1.28950,09/07/2018 08:00:00,1.29770,@EC,-1,1,-1025.00,31.2500,-1106.2500,
27/07/2018 02:00:00,1.28235,30/07/2018 08:00:00,1.28560,@EC,-1,1,-406.25,343.7500,-556.2500,
03/08/2018 02:00:00,1.27595,06/08/2018 08:00:00,1.27100,@EC,-1,1,618.75,768.7500,-256.2500,
10/08/2018 02:00:00,1.26255,13/08/2018,1.25415,@EC,-1,1,1050.00,1193.7500,-243.7500,
17/08/2018 02:00:00,1.25380,20/08/2018 08:00:00,1.25770,@EC,-1,1,-487.50,93.7500,-800.0000,
24/08/2018 02:00:00,1.27220,27/08/2018 08:00:00,1.27800,@EC,-1,1,-725.00,193.7500,-1037.5000,
31/08/2018 02:00:00,1.28275,02/09/2018 19:00:00,1.27425,@EC,-1,1,1062.50,1218.7500,-112.5000,
07/09/2018 02:00:00,1.27640,07/09/2018 15:00:00,1.27000,@EC,-1,1,800.00,918.7500,-318.7500,
05/10/2018 02:00:00,1.26130,08/10/2018 08:00:00,1.25915,@EC,-1,1,268.75,431.2500,-650.0000,
12/10/2018 02:00:00,1.26995,14/10/2018 20:00:00,1.26590,@EC,-1,1,506.25,693.7500,-175.0000,
19/10/2018 02:00:00,1.25645,22/10/2018 08:00:00,1.25970,@EC,-1,1,-406.25,368.7500,-1093.7500,
26/10/2018 02:00:00,1.24600,29/10/2018 08:00:00,1.24900,@EC,-1,1,-375.00,356.2500,-718.7500,
02/11/2018 02:00:00,1.25135,04/11/2018 20:00:00,1.24775,@EC,-1,1,450.00,656.2500,-400.0000,
09/11/2018 02:00:00,1.24285,12/11/2018 03:00:00,1.23245,@EC,-1,1,1300.00,1293.7500,-181.2500,
16/11/2018 02:00:00,1.24250,19/11/2018 08:00:00,1.24975,@EC,-1,1,-906.25,337.5000,-1068.7500,
23/11/2018 02:00:00,1.24835,23/11/2018 13:00:00,1.24055,@EC,-1,1,975.00,1025.0000,-68.7500,
30/11/2018 02:00:00,1.24555,30/11/2018 15:00:00,1.23735,@EC,-1,1,1025.00,1075.0000,-43.7500,
14/12/2018 02:00:00,1.23975,14/12/2018 08:00:00,1.23335,@EC,-1,1,800.00,825.0000,-125.0000,
21/12/2018 02:00:00,1.24965,21/12/2018 15:00:00,1.24085,@EC,-1,1,1100.00,1181.2500,-231.2500,
28/12/2018 02:00:00,1.24910,31/12/2018 08:00:00,1.24875,@EC,-1,1,43.75,493.7500,-168.7500,
04/01/2019 02:00:00,1.24185,07/01/2019 08:00:00,1.24640,@EC,-1,1,-568.75,606.2500,-687.5000,
11/01/2019 02:00:00,1.25415,11/01/2019 16:00:00,1.24805,@EC,-1,1,762.50,812.5000,-231.2500,
18/01/2019 02:00:00,1.24065,20/01/2019 19:00:00,1.23755,@EC,-1,1,387.50,525.0000,-187.5000,
25/01/2019 02:00:00,1.23290,28/01/2019 08:00:00,1.24160,@EC,-1,1,-1087.50,112.5000,-1262.5000,
01/02/2019 02:00:00,1.24410,04/02/2019 08:00:00,1.24450,@EC,-1,1,-50.00,68.7500,-581.2500,
08/02/2019 02:00:00,1.23295,11/02/2019 08:00:00,1.23020,@EC,-1,1,343.75,543.7500,-150.0000,
15/02/2019 02:00:00,1.22730,18/02/2019 08:00:00,1.23140,@EC,-1,1,-512.50,687.5000,-556.2500,
22/02/2019 02:00:00,1.23205,25/02/2019 08:00:00,1.23340,@EC,-1,1,-168.75,343.7500,-300.0000,
01/03/2019 02:00:00,1.23335,04/03/2019 08:00:00,1.23035,@EC,-1,1,375.00,456.2500,-581.2500,
08/03/2019 02:00:00,1.21710,11/03/2019 08:00:00,1.22070,@EC,-1,1,-450.00,112.5000,-631.2500,
22/03/2019 02:00:00,1.23300,22/03/2019 11:00:00,1.22260,@EC,-1,1,1300.00,1268.7500,-175.0000,
12/04/2019 02:00:00,1.22175,15/04/2019 08:00:00,1.22395,@EC,-1,1,-275.00,50.0000,-487.5000,
26/04/2019 02:00:00,1.20570,29/04/2019 08:00:00,1.20680,@EC,-1,1,-137.50,368.7500,-450.0000,
17/05/2019 02:00:00,1.20715,20/05/2019 08:00:00,1.20570,@EC,-1,1,181.25,300.0000,-131.2500,
24/05/2019 02:00:00,1.20745,27/05/2019 08:00:00,1.20865,@EC,-1,1,-150.00,62.5000,-387.5000,
31/05/2019 02:00:00,1.20140,03/06/2019 08:00:00,1.20650,@EC,-1,1,-637.50,6.2500,-750.0000,
07/06/2019 02:00:00,1.21430,10/06/2019 08:00:00,1.21760,@EC,-1,1,-412.50,168.7500,-1037.5000,
14/06/2019 02:00:00,1.21430,14/06/2019 15:00:00,1.20780,@EC,-1,1,812.50,868.7500,-225.0000,
05/07/2019 02:00:00,1.21305,05/07/2019 14:00:00,1.20715,@EC,-1,1,737.50,881.2500,-31.2500,
12/07/2019 02:00:00,1.21200,15/07/2019 08:00:00,1.21085,@EC,-1,1,143.75,443.7500,-118.7500,
19/07/2019 02:00:00,1.20965,21/07/2019 20:00:00,1.20565,@EC,-1,1,500.00,681.2500,-106.2500,
26/07/2019 02:00:00,1.19785,29/07/2019 02:00:00,1.19585,@EC,-1,1,250.00,418.7500,-31.2500,
30/08/2019 02:00:00,1.18495,30/08/2019 13:00:00,1.17855,@EC,-1,1,800.00,806.2500,-50.0000,
06/09/2019 02:00:00,1.18395,09/09/2019 08:00:00,1.18320,@EC,-1,1,93.75,368.7500,-162.5000,
27/09/2019 02:00:00,1.16945,30/09/2019 08:00:00,1.16820,@EC,-1,1,156.25,187.5000,-493.7500,
11/10/2019 02:00:00,1.17780,14/10/2019 08:00:00,1.17875,@EC,-1,1,-118.75,187.5000,-593.7500,
25/10/2019 02:00:00,1.18590,27/10/2019 20:00:00,1.18340,@EC,-1,1,312.50,443.7500,-181.2500,
22/11/2019 02:00:00,1.17990,22/11/2019 14:00:00,1.17550,@EC,-1,1,550.00,606.2500,-331.2500,
29/11/2019 02:00:00,1.17330,02/12/2019 08:00:00,1.17425,@EC,-1,1,-118.75,356.2500,-243.7500,
06/12/2019 02:00:00,1.18235,06/12/2019 13:00:00,1.17740,@EC,-1,1,618.75,812.5000,-68.7500,
13/12/2019 02:00:00,1.18830,13/12/2019 14:00:00,1.18350,@EC,-1,1,600.00,693.7500,-231.2500,
27/12/2019 02:00:00,1.18265,30/12/2019 08:00:00,1.18890,@EC,-1,1,-781.25,6.2500,-1056.2500,
10/01/2020 02:00:00,1.18000,13/01/2020 08:00:00,1.18140,@EC,-1,1,-175.00,312.5000,-325.0000,
24/01/2020 02:00:00,1.17305,26/01/2020 23:00:00,1.17075,@EC,-1,1,287.50,418.7500,-206.2500,
31/01/2020 02:00:00,1.16955,03/02/2020 08:00:00,1.17400,@EC,-1,1,-556.25,50.0000,-943.7500,
07/02/2020 02:00:00,1.16480,07/02/2020 16:00:00,1.16175,@EC,-1,1,381.25,450.0000,0.0000,
21/02/2020 02:00:00,1.14510,24/02/2020 08:00:00,1.14790,@EC,-1,1,-350.00,6.2500,-918.7500,
06/03/2020 02:00:00,1.18790,08/03/2020 21:00:00,1.21030,@EC,-1,1,-2800.00,50.0000,-2118.7500,
13/03/2020 02:00:00,1.18490,13/03/2020 11:00:00,1.17450,@EC,-1,1,1300.00,1300.0000,-200.0000,
03/04/2020 02:00:00,1.14745,06/04/2020 08:00:00,1.14260,@EC,-1,1,606.25,931.2500,0.0000,
24/04/2020 02:00:00,1.13800,27/04/2020 08:00:00,1.14710,@EC,-1,1,-1137.50,456.2500,-1212.5000,
01/05/2020 02:00:00,1.15650,04/05/2020 08:00:00,1.15525,@EC,-1,1,156.25,350.0000,-850.0000,
15/05/2020 02:00:00,1.14165,18/05/2020 08:00:00,1.14295,@EC,-1,1,-162.50,212.5000,-568.7500,
22/05/2020 02:00:00,1.15365,25/05/2020,1.14985,@EC,-1,1,475.00,525.0000,-50.0000,
29/05/2020 02:00:00,1.17085,01/06/2020 08:00:00,1.17200,@EC,-1,1,-143.75,250.0000,-668.7500,
05/06/2020 02:00:00,1.19755,05/06/2020 16:00:00,1.18980,@EC,-1,1,968.75,1131.2500,-181.2500,
12/06/2020 02:00:00,1.19165,14/06/2020 18:00:00,1.18365,@EC,-1,1,1000.00,1237.5000,-368.7500,
26/06/2020 02:00:00,1.18220,29/06/2020 08:00:00,1.18785,@EC,-1,1,-706.25,331.2500,-831.2500,
10/07/2020 02:00:00,1.18660,13/07/2020 08:00:00,1.19320,@EC,-1,1,-825.00,187.5000,-887.5000,
17/07/2020 02:00:00,1.19745,20/07/2020 08:00:00,1.20410,@EC,-1,1,-831.25,18.7500,-1100.0000,
21/08/2020 02:00:00,1.24675,21/08/2020 07:00:00,1.23635,@EC,-1,1,1300.00,1275.0000,-18.7500,
11/09/2020 02:00:00,1.24190,14/09/2020 08:00:00,1.24480,@EC,-1,1,-362.50,137.5000,-531.2500,
18/09/2020 02:00:00,1.24355,21/09/2020 08:00:00,1.23745,@EC,-1,1,762.50,1018.7500,-200.0000,
25/09/2020 02:00:00,1.22455,27/09/2020 20:00:00,1.22015,@EC,-1,1,550.00,712.5000,-206.2500,
02/10/2020 02:00:00,1.22975,05/10/2020 08:00:00,1.23395,@EC,-1,1,-525.00,300.0000,-587.5000,
09/10/2020 02:00:00,1.23455,12/10/2020 08:00:00,1.23670,@EC,-1,1,-268.75,62.5000,-750.0000,
16/10/2020 02:00:00,1.22805,19/10/2020 08:00:00,1.23585,@EC,-1,1,-975.00,187.5000,-1006.2500,
06/11/2020 02:00:00,1.23965,09/11/2020 08:00:00,1.24605,@EC,-1,1,-800.00,43.7500,-887.5000,
13/11/2020 02:00:00,1.23730,16/11/2020 08:00:00,1.23985,@EC,-1,1,-318.75,87.5000,-775.0000,
11/12/2020 02:00:00,1.27150,14/12/2020 08:00:00,1.27150,@EC,-1,1,0.00,637.5000,-187.5000,
18/12/2020 02:00:00,1.28120,20/12/2020 23:00:00,1.27430,@EC,-1,1,862.50,937.5000,-168.7500,
22/01/2021 02:00:00,1.27060,25/01/2021 08:00:00,1.26950,@EC,-1,1,137.50,312.5000,-312.5000,
29/01/2021 02:00:00,1.26445,01/02/2021 08:00:00,1.26140,@EC,-1,1,381.25,462.5000,-643.7500,
19/02/2021 02:00:00,1.26285,22/02/2021 08:00:00,1.26695,@EC,-1,1,-512.50,56.2500,-625.0000,
26/02/2021 02:00:00,1.26860,28/02/2021 23:00:00,1.26135,@EC,-1,1,906.25,1150.0000,-62.5000,
05/03/2021 02:00:00,1.24830,08/03/2021,1.24350,@EC,-1,1,600.00,756.2500,-93.7500,
12/03/2021 02:00:00,1.24765,15/03/2021 08:00:00,1.24495,@EC,-1,1,337.50,493.7500,-218.7500,
19/03/2021 02:00:00,1.24425,21/03/2021 18:00:00,1.23985,@EC,-1,1,550.00,543.7500,-250.0000,
26/03/2021 02:00:00,1.23055,29/03/2021 08:00:00,1.23035,@EC,-1,1,25.00,250.0000,-281.2500,
02/04/2021 02:00:00,1.22985,04/04/2021 18:00:00,1.22745,@EC,-1,1,300.00,362.5000,-112.5000,
09/04/2021 02:00:00,1.24120,12/04/2021 08:00:00,1.24250,@EC,-1,1,-162.50,325.0000,-312.5000,
16/04/2021 02:00:00,1.24885,19/04/2021 08:00:00,1.25550,@EC,-1,1,-831.25,362.5000,-968.7500,
14/05/2021 02:00:00,1.26065,17/05/2021 08:00:00,1.26570,@EC,-1,1,-631.25,50.0000,-906.2500,
21/05/2021 02:00:00,1.27425,21/05/2021 15:00:00,1.26900,@EC,-1,1,656.25,912.5000,-81.2500,
28/05/2021 02:00:00,1.26835,31/05/2021 08:00:00,1.27060,@EC,-1,1,-281.25,550.0000,-356.2500,
04/06/2021 02:00:00,1.26120,07/06/2021 08:00:00,1.26700,@EC,-1,1,-725.00,37.5000,-1000.0000,
11/06/2021 02:00:00,1.26920,11/06/2021 13:00:00,1.26000,@EC,-1,1,1150.00,1193.7500,-62.5000,
18/06/2021 02:00:00,1.24065,21/06/2021 08:00:00,1.23965,@EC,-1,1,125.00,718.7500,-243.7500,
25/06/2021 02:00:00,1.24415,28/06/2021 08:00:00,1.24075,@EC,-1,1,425.00,450.0000,-437.5000,
02/07/2021 02:00:00,1.23400,05/07/2021 08:00:00,1.23710,@EC,-1,1,-387.50,431.2500,-487.5000,
16/07/2021 02:00:00,1.23050,19/07/2021 08:00:00,1.22660,@EC,-1,1,487.50,562.5000,-156.2500,
23/07/2021 02:00:00,1.22575,26/07/2021 08:00:00,1.22860,@EC,-1,1,-356.25,118.7500,-456.2500,
30/07/2021 02:00:00,1.23705,02/08/2021 08:00:00,1.23815,@EC,-1,1,-137.50,337.5000,-381.2500,
13/08/2021 02:00:00,1.22250,16/08/2021 08:00:00,1.22560,@EC,-1,1,-387.50,81.2500,-856.2500,
20/08/2021 02:00:00,1.21735,23/08/2021 08:00:00,1.22045,@EC,-1,1,-387.50,281.2500,-575.0000,
03/09/2021 02:00:00,1.23635,06/09/2021 08:00:00,1.23455,@EC,-1,1,225.00,300.0000,-375.0000,
10/09/2021 02:00:00,1.23095,13/09/2021,1.22815,@EC,-1,1,350.00,343.7500,-300.0000,
17/09/2021 02:00:00,1.22510,17/09/2021 15:00:00,1.22095,@EC,-1,1,518.75,575.0000,-237.5000,
08/10/2021 02:00:00,1.20170,11/10/2021 08:00:00,1.20430,@EC,-1,1,-325.00,6.2500,-562.5000,
15/10/2021 02:00:00,1.20790,18/10/2021 02:00:00,1.20510,@EC,-1,1,350.00,350.0000,-168.7500,
19/11/2021 02:00:00,1.18245,19/11/2021 07:00:00,1.17205,@EC,-1,1,1300.00,1125.0000,0.0000,
26/11/2021 02:00:00,1.16955,29/11/2021 08:00:00,1.17430,@EC,-1,1,-593.75,50.0000,-1131.2500,
03/12/2021 02:00:00,1.17455,06/12/2021 08:00:00,1.17555,@EC,-1,1,-125.00,200.0000,-643.7500,
17/12/2021 02:00:00,1.17935,17/12/2021 15:00:00,1.17105,@EC,-1,1,1037.50,1050.0000,-75.0000,
07/01/2022 02:00:00,1.17475,10/01/2022 08:00:00,1.17645,@EC,-1,1,-212.50,87.5000,-831.2500,
14/01/2022 02:00:00,1.19175,14/01/2022 16:00:00,1.18615,@EC,-1,1,700.00,900.0000,-56.2500,
21/01/2022 02:00:00,1.17740,24/01/2022 08:00:00,1.17425,@EC,-1,1,393.75,400.0000,-400.0000,
28/01/2022 02:00:00,1.15900,31/01/2022 08:00:00,1.15995,@EC,-1,1,-118.75,318.7500,-456.2500,
11/02/2022 02:00:00,1.18175,14/02/2022 08:00:00,1.17685,@EC,-1,1,612.50,950.0000,-531.2500,
18/02/2022 02:00:00,1.18105,21/02/2022 08:00:00,1.17735,@EC,-1,1,462.50,725.0000,-250.0000,
25/02/2022 02:00:00,1.16400,28/02/2022 08:00:00,1.16330,@EC,-1,1,87.50,718.7500,-906.2500,
04/03/2022 02:00:00,1.14515,04/03/2022 08:00:00,1.13475,@EC,-1,1,1300.00,1168.7500,-106.2500,
11/03/2022 02:00:00,1.14380,11/03/2022 15:00:00,1.13415,@EC,-1,1,1206.25,1287.5000,-493.7500,
01/04/2022 02:00:00,1.14930,04/04/2022 08:00:00,1.14210,@EC,-1,1,900.00,906.2500,-93.7500,
08/04/2022 02:00:00,1.12900,11/04/2022 08:00:00,1.13240,@EC,-1,1,-425.00,387.5000,-818.7500,
22/04/2022 02:00:00,1.12635,25/04/2022,1.11915,@EC,-1,1,900.00,937.5000,-68.7500,
29/04/2022 02:00:00,1.09520,02/05/2022 08:00:00,1.09310,@EC,-1,1,262.50,337.5000,-700.0000,
06/05/2022 02:00:00,1.09340,09/05/2022 08:00:00,1.09575,@EC,-1,1,-293.75,493.7500,-962.5000,
20/05/2022 02:00:00,1.09960,23/05/2022 08:00:00,1.10630,@EC,-1,1,-837.50,725.0000,-1212.5000,
27/05/2022 02:00:00,1.11525,30/05/2022 08:00:00,1.11690,@EC,-1,1,-206.25,668.7500,-381.2500,
03/06/2022 02:00:00,1.11535,06/06/2022 08:00:00,1.11295,@EC,-1,1,300.00,631.2500,-106.2500,
10/06/2022 02:00:00,1.10300,10/06/2022 08:00:00,1.09260,@EC,-1,1,1300.00,1293.7500,-106.2500,
17/06/2022 02:00:00,1.09195,20/06/2022 08:00:00,1.09270,@EC,-1,1,-93.75,918.7500,-337.5000,
01/07/2022 02:00:00,1.08550,04/07/2022 01:00:00,1.08190,@EC,-1,1,450.00,1243.7500,-143.7500,
15/07/2022 02:00:00,1.04030,18/07/2022 08:00:00,1.05240,@EC,-1,1,-1512.50,187.5000,-1931.2500,
05/08/2022 02:00:00,1.05955,05/08/2022 08:00:00,1.05195,@EC,-1,1,950.00,906.2500,-100.0000,
12/08/2022 02:00:00,1.06750,12/08/2022 16:00:00,1.06190,@EC,-1,1,700.00,968.7500,-93.7500,
19/08/2022 02:00:00,1.04365,21/08/2022 18:00:00,1.03915,@EC,-1,1,562.50,637.5000,-156.2500,
02/09/2022 02:00:00,1.03150,05/09/2022,1.02550,@EC,-1,1,750.00,887.5000,-781.2500,
16/09/2022 02:00:00,1.03210,19/09/2022 08:00:00,1.03200,@EC,-1,1,12.50,481.2500,-668.7500,
30/09/2022 02:00:00,1.01510,03/10/2022 08:00:00,1.00930,@EC,-1,1,725.00,1143.7500,-362.5000,
14/10/2022 02:00:00,1.00940,17/10/2022 08:00:00,1.00575,@EC,-1,1,456.25,862.5000,-300.0000,
21/10/2022 02:00:00,1.00875,24/10/2022 08:00:00,1.01475,@EC,-1,1,-750.00,881.2500,-1556.2500,
28/10/2022 02:00:00,1.02810,31/10/2022 08:00:00,1.02435,@EC,-1,1,468.75,743.7500,-212.5000,
18/11/2022 02:00:00,1.06685,21/11/2022 01:00:00,1.05745,@EC,-1,1,1175.00,1293.7500,-262.5000,
25/11/2022 02:00:00,1.07085,28/11/2022 08:00:00,1.07605,@EC,-1,1,-650.00,1000.0000,-956.2500,
02/12/2022 02:00:00,1.08105,05/12/2022 08:00:00,1.08725,@EC,-1,1,-775.00,1243.7500,-837.5000,
16/12/2022 02:00:00,1.09290,19/12/2022,1.08775,@EC,-1,1,643.75,943.7500,-87.5000,
23/12/2022 02:00:00,1.08725,27/12/2022 08:00:00,1.09010,@EC,-1,1,-356.25,168.7500,-793.7500,
13/01/2023 02:00:00,1.10930,16/01/2023 08:00:00,1.10610,@EC,-1,1,400.00,825.0000,-343.7500,
20/01/2023 02:00:00,1.10655,23/01/2023 08:00:00,1.11115,@EC,-1,1,-575.00,281.2500,-1268.7500,
17/02/2023 02:00:00,1.08530,20/02/2023 08:00:00,1.08900,@EC,-1,1,-462.50,275.0000,-875.0000,
24/02/2023 02:00:00,1.08125,26/02/2023 18:00:00,1.07580,@EC,-1,1,681.25,781.2500,0.0000,
03/03/2023 02:00:00,1.08310,06/03/2023 08:00:00,1.08505,@EC,-1,1,-243.75,412.5000,-443.7500,
31/03/2023 02:00:00,1.10860,02/04/2023 18:00:00,1.10140,@EC,-1,1,900.00,856.2500,-181.2500,
14/04/2023 02:00:00,1.12545,14/04/2023 16:00:00,1.11765,@EC,-1,1,975.00,1268.7500,-12.5000,
21/04/2023 02:00:00,1.11355,24/04/2023 08:00:00,1.11785,@EC,-1,1,-537.50,275.0000,-768.7500,
28/04/2023 02:00:00,1.11835,01/05/2023 08:00:00,1.11845,@EC,-1,1,-12.50,618.7500,-418.7500,
05/05/2023 02:00:00,1.12090,08/05/2023 08:00:00,1.12030,@EC,-1,1,75.00,918.7500,-156.2500,
12/05/2023 02:00:00,1.10870,12/05/2023 13:00:00,1.10145,@EC,-1,1,906.25,943.7500,-150.0000,
19/05/2023 02:00:00,1.09275,22/05/2023 08:00:00,1.09795,@EC,-1,1,-650.00,25.0000,-762.5000,
26/05/2023 02:00:00,1.08915,29/05/2023 08:00:00,1.08650,@EC,-1,1,331.25,437.5000,-293.7500,
02/06/2023 02:00:00,1.09225,02/06/2023 14:00:00,1.08585,@EC,-1,1,800.00,812.5000,-81.2500,
09/06/2023 02:00:00,1.09240,12/06/2023,1.08855,@EC,-1,1,481.25,568.7500,-75.0000,
16/06/2023 02:00:00,1.10805,19/06/2023 08:00:00,1.10600,@EC,-1,1,256.25,431.2500,-375.0000,
30/06/2023 02:00:00,1.09990,03/07/2023 08:00:00,1.10280,@EC,-1,1,-362.50,437.5000,-781.2500,
14/07/2023 02:00:00,1.13440,17/07/2023 08:00:00,1.13570,@EC,-1,1,-162.50,193.7500,-356.2500,
21/07/2023 02:00:00,1.12620,24/07/2023 08:00:00,1.12165,@EC,-1,1,568.75,981.2500,-43.7500,
28/07/2023 02:00:00,1.11005,31/07/2023 08:00:00,1.11415,@EC,-1,1,-512.50,531.2500,-775.0000,
04/08/2023 02:00:00,1.10630,07/08/2023 08:00:00,1.10950,@EC,-1,1,-400.00,287.5000,-1125.0000,
11/08/2023 02:00:00,1.10995,13/08/2023 18:00:00,1.10550,@EC,-1,1,556.25,625.0000,-162.5000,
18/08/2023 02:00:00,1.09860,21/08/2023 08:00:00,1.10115,@EC,-1,1,-318.75,481.2500,-387.5000,
25/08/2023 02:00:00,1.08890,28/08/2023 08:00:00,1.09025,@EC,-1,1,-168.75,306.2500,-650.0000,
08/09/2023 02:00:00,1.08155,08/09/2023 16:00:00,1.07910,@EC,-1,1,306.25,368.7500,-256.2500,
22/09/2023 02:00:00,1.07315,25/09/2023 08:00:00,1.07115,@EC,-1,1,250.00,443.7500,-281.2500,
29/09/2023 02:00:00,1.06545,02/10/2023 08:00:00,1.06085,@EC,-1,1,575.00,581.2500,-512.5000,
06/10/2023 02:00:00,1.06095,09/10/2023 08:00:00,1.06030,@EC,-1,1,81.25,656.2500,-818.7500,
20/10/2023 02:00:00,1.06415,23/10/2023 08:00:00,1.06690,@EC,-1,1,-343.75,112.5000,-512.5000,
27/10/2023 02:00:00,1.06335,30/10/2023 08:00:00,1.06500,@EC,-1,1,-206.25,418.7500,-350.0000,
03/11/2023 02:00:00,1.06915,06/11/2023 08:00:00,1.08055,@EC,-1,1,-1425.00,131.2500,-1575.0000,
08/12/2023 02:00:00,1.08260,11/12/2023 08:00:00,1.08070,@EC,-1,1,237.50,700.0000,-143.7500,
22/12/2023 02:00:00,1.10340,26/12/2023 08:00:00,1.10525,@EC,-1,1,-231.25,6.2500,-593.7500,
29/12/2023 02:00:00,1.11075,01/01/2024 20:00:00,1.10715,@EC,-1,1,450.00,493.7500,-93.7500,
05/01/2024 02:00:00,1.09590,08/01/2024 08:00:00,1.09765,@EC,-1,1,-218.75,637.5000,-900.0000,
26/01/2024 02:00:00,1.08510,29/01/2024 08:00:00,1.08440,@EC,-1,1,87.50,206.2500,-725.0000,
09/02/2024 02:00:00,1.07905,12/02/2024 08:00:00,1.07850,@EC,-1,1,68.75,162.5000,-375.0000,
