12/10/2010 18:00:00,1.57035,13/10/2010 16:00:00,1.57495,@EC,-1,1,-575.00,75.0000,-1062.5000,
19/10/2010 18:00:00,1.55245,20/10/2010 10:00:00,1.57325,@EC,-1,1,-2600.00,550.0000,-2500.0000,
20/10/2010 12:00:00,1.57495,21/10/2010 10:00:00,1.57765,@EC,-1,1,-337.50,1187.5000,-1062.5000,
21/10/2010 12:00:00,1.57875,22/10/2010 10:00:00,1.57175,@EC,-1,1,875.00,1812.5000,-125.0000,
28/10/2010 18:00:00,1.57125,29/10/2010 10:00:00,1.57125,@EC,-1,1,0.00,1500.0000,-325.0000,
02/11/2010 02:00:00,1.57115,03/11/2010,1.58015,@EC,-1,1,-1125.00,137.5000,-1662.5000,
03/11/2010 02:00:00,1.58015,04/11/2010,1.59095,@EC,-1,1,-1350.00,312.5000,-2400.0000,
23/11/2010 02:00:00,1.53895,24/11/2010,1.51825,@EC,-1,1,2587.50,3012.5000,-12.5000,
30/11/2010 02:00:00,1.48925,01/12/2010,1.48035,@EC,-1,1,1112.50,1650.0000,-462.5000,
01/12/2010 18:00:00,1.49165,02/12/2010 16:00:00,1.49925,@EC,-1,1,-950.00,812.5000,-1537.5000,
09/12/2010 18:00:00,1.50395,10/12/2010 16:00:00,1.50285,@EC,-1,1,137.50,775.0000,-550.0000,
15/12/2010 18:00:00,1.50215,16/12/2010 16:00:00,1.50165,@EC,-1,1,62.50,475.0000,-587.5000,
05/01/2011 18:00:00,1.49555,06/01/2011 16:00:00,1.48165,@EC,-1,1,1737.50,1975.0000,-187.5000,
12/01/2011 18:00:00,1.49275,13/01/2011 10:00:00,1.51355,@EC,-1,1,-2600.00,475.0000,-2487.5000,
13/01/2011 12:00:00,1.51355,14/01/2011 10:00:00,1.51645,@EC,-1,1,-362.50,350.0000,-1537.5000,
09/02/2011 18:00:00,1.55225,10/02/2011 16:00:00,1.53925,@EC,-1,1,1625.00,1812.5000,-87.5000,
16/02/2011 18:00:00,1.53605,17/02/2011 16:00:00,1.54065,@EC,-1,1,-575.00,275.0000,-775.0000,
08/03/2011 02:00:00,1.57815,09/03/2011,1.56925,@EC,-1,1,1112.50,1487.5000,-37.5000,
09/03/2011 02:00:00,1.56805,10/03/2011,1.56815,@EC,-1,1,-12.50,300.0000,-787.5000,
17/03/2011 18:00:00,1.58215,18/03/2011 16:00:00,1.59585,@EC,-1,1,-1712.50,462.5000,-2075.0000,
23/03/2011 18:00:00,1.58985,24/03/2011 16:00:00,1.59875,@EC,-1,1,-1112.50,512.5000,-1575.0000,
24/03/2011 18:00:00,1.59785,25/03/2011 16:00:00,1.58735,@EC,-1,1,1312.50,1462.5000,-250.0000,
14/04/2011 18:00:00,1.62905,15/04/2011 16:00:00,1.62385,@EC,-1,1,650.00,1225.0000,-200.0000,
03/05/2011 02:00:00,1.66185,04/05/2011,1.65975,@EC,-1,1,262.50,725.0000,-975.0000,
05/05/2011 18:00:00,1.63465,06/05/2011 16:00:00,1.61445,@EC,-1,1,2525.00,2787.5000,-637.5000,
11/05/2011 18:00:00,1.60125,12/05/2011 16:00:00,1.60395,@EC,-1,1,-337.50,937.5000,-962.5000,
19/05/2011 18:00:00,1.61255,20/05/2011 16:00:00,1.60185,@EC,-1,1,1337.50,2137.5000,-450.0000,
31/05/2011 18:00:00,1.62115,01/06/2011 16:00:00,1.61915,@EC,-1,1,250.00,350.0000,-862.5000,
02/06/2011 18:00:00,1.63085,03/06/2011 16:00:00,1.64445,@EC,-1,1,-1700.00,475.0000,-1937.5000,
07/06/2011 18:00:00,1.65065,08/06/2011 16:00:00,1.63955,@EC,-1,1,1387.50,1512.5000,-37.5000,
09/06/2011 18:00:00,1.63305,10/06/2011 16:00:00,1.61725,@EC,-1,1,1975.00,2362.5000,-500.0000,
14/06/2011 18:00:00,1.62615,15/06/2011 16:00:00,1.59915,@EC,-1,1,3375.00,3537.5000,-112.5000,
15/06/2011 18:00:00,1.59905,16/06/2011 16:00:00,1.59635,@EC,-1,1,337.50,1137.5000,-475.0000,
05/07/2011 18:00:00,1.62575,06/07/2011 16:00:00,1.61265,@EC,-1,1,1637.50,1762.5000,-500.0000,
21/07/2011 18:00:00,1.62545,22/07/2011 16:00:00,1.62035,@EC,-1,1,637.50,1175.0000,-250.0000,
26/07/2011 18:00:00,1.63505,27/07/2011 16:00:00,1.62105,@EC,-1,1,1750.00,2137.5000,-300.0000,
27/07/2011 18:00:00,1.62095,28/07/2011 16:00:00,1.61525,@EC,-1,1,712.50,1437.5000,-412.5000,
04/08/2011 18:00:00,1.59375,05/08/2011 14:00:00,1.61455,@EC,-1,1,-2600.00,450.0000,-2575.0000,
09/08/2011 02:00:00,1.60835,10/08/2011,1.62055,@EC,-1,1,-1525.00,575.0000,-2062.5000,
10/08/2011 18:00:00,1.60175,11/08/2011 16:00:00,1.60685,@EC,-1,1,-637.50,737.5000,-1662.5000,
16/08/2011 02:00:00,1.62795,17/08/2011,1.62455,@EC,-1,1,425.00,912.5000,-600.0000,
30/08/2011 18:00:00,1.62965,31/08/2011 16:00:00,1.62405,@EC,-1,1,700.00,1012.5000,-375.0000,
01/09/2011 18:00:00,1.61195,02/09/2011 16:00:00,1.60445,@EC,-1,1,937.50,987.5000,-350.0000,
14/09/2011 18:00:00,1.55935,15/09/2011 16:00:00,1.57355,@EC,-1,1,-1775.00,487.5000,-2400.0000,
21/09/2011 18:00:00,1.54375,22/09/2011 16:00:00,1.53235,@EC,-1,1,1425.00,2462.5000,-212.5000,
27/09/2011 02:00:00,1.53785,28/09/2011,1.54285,@EC,-1,1,-625.00,537.5000,-1800.0000,
04/10/2011 18:00:00,1.51915,05/10/2011 16:00:00,1.52135,@EC,-1,1,-275.00,937.5000,-612.5000,
06/10/2011 18:00:00,1.52855,07/10/2011 16:00:00,1.52445,@EC,-1,1,512.50,900.0000,-1162.5000,
12/10/2011 18:00:00,1.56315,13/10/2011 16:00:00,1.56335,@EC,-1,1,-25.00,1187.5000,-575.0000,
26/10/2011 18:00:00,1.57515,27/10/2011 10:00:00,1.59595,@EC,-1,1,-2600.00,412.5000,-2537.5000,
27/10/2011 12:00:00,1.59965,28/10/2011 10:00:00,1.60195,@EC,-1,1,-287.50,125.0000,-1312.5000,
01/11/2011 02:00:00,1.56695,02/11/2011,1.55645,@EC,-1,1,1312.50,2562.5000,-112.5000,
23/11/2011 18:00:00,1.52065,24/11/2011 20:00:00,1.51905,@EC,-1,1,200.00,425.0000,-825.0000,
29/11/2011 02:00:00,1.52265,30/11/2011,1.51805,@EC,-1,1,575.00,900.0000,-975.0000,
30/11/2011 18:00:00,1.53015,01/12/2011 16:00:00,1.53175,@EC,-1,1,-200.00,300.0000,-1012.5000,
07/12/2011 18:00:00,1.52755,08/12/2011 16:00:00,1.51985,@EC,-1,1,962.50,1587.5000,-575.0000,
08/12/2011 18:00:00,1.52105,09/12/2011 16:00:00,1.52335,@EC,-1,1,-287.50,862.5000,-1050.0000,
20/12/2011 18:00:00,1.49415,21/12/2011 16:00:00,1.49055,@EC,-1,1,450.00,675.0000,-1650.0000,
03/01/2012 18:00:00,1.49085,04/01/2012 16:00:00,1.47935,@EC,-1,1,1437.50,1937.5000,-262.5000,
04/01/2012 18:00:00,1.47975,06/01/2012,1.46355,@EC,-1,1,2025.00,2062.5000,-50.0000,
12/01/2012 18:00:00,1.46645,13/01/2012 16:00:00,1.45205,@EC,-1,1,1800.00,2350.0000,-862.5000,
31/01/2012 18:00:00,1.49425,01/02/2012 16:00:00,1.50095,@EC,-1,1,-837.50,825.0000,-1600.0000,
01/02/2012 18:00:00,1.50185,02/02/2012 16:00:00,1.49925,@EC,-1,1,325.00,1037.5000,-362.5000,
21/02/2012 02:00:00,1.51225,22/02/2012,1.50835,@EC,-1,1,487.50,925.0000,-250.0000,
08/03/2012 18:00:00,1.51235,09/03/2012 16:00:00,1.49565,@EC,-1,1,2087.50,2212.5000,-37.5000,
28/03/2012 18:00:00,1.51615,29/03/2012 16:00:00,1.51315,@EC,-1,1,375.00,812.5000,-362.5000,
03/04/2012 02:00:00,1.51835,04/04/2012,1.50455,@EC,-1,1,1725.00,1950.0000,-375.0000,
10/04/2012 02:00:00,1.49765,11/04/2012,1.49335,@EC,-1,1,537.50,975.0000,-87.5000,
18/04/2012 18:00:00,1.49635,19/04/2012 16:00:00,1.49775,@EC,-1,1,-175.00,650.0000,-575.0000,
26/04/2012 18:00:00,1.50395,27/04/2012 16:00:00,1.51025,@EC,-1,1,-787.50,500.0000,-912.5000,
01/05/2012 18:00:00,1.50795,02/05/2012 16:00:00,1.50025,@EC,-1,1,962.50,1450.0000,-62.5000,
02/05/2012 18:00:00,1.49985,03/05/2012 16:00:00,1.49925,@EC,-1,1,75.00,775.0000,-300.0000,
15/05/2012 18:00:00,1.45745,16/05/2012 16:00:00,1.45645,@EC,-1,1,125.00,650.0000,-325.0000,
29/05/2012 18:00:00,1.43295,30/05/2012 16:00:00,1.42195,@EC,-1,1,1375.00,1387.5000,-50.0000,
06/06/2012 18:00:00,1.44155,07/06/2012 16:00:00,1.44435,@EC,-1,1,-350.00,450.0000,-637.5000,
12/06/2012 02:00:00,1.43275,13/06/2012,1.43165,@EC,-1,1,137.50,625.0000,-437.5000,
13/06/2012 18:00:00,1.43985,14/06/2012 16:00:00,1.44335,@EC,-1,1,-437.50,287.5000,-662.5000,
19/06/2012 02:00:00,1.44455,20/06/2012,1.45095,@EC,-1,1,-800.00,562.5000,-1475.0000,
04/07/2012 20:00:00,1.43525,05/07/2012 18:00:00,1.42305,@EC,-1,1,1525.00,1950.0000,-237.5000,
10/07/2012 18:00:00,1.40835,11/07/2012 16:00:00,1.40545,@EC,-1,1,362.50,487.5000,-587.5000,
17/07/2012 02:00:00,1.41255,17/07/2012 16:00:00,1.41255,@EC,-1,1,0.00,1325.0000,-300.0000,
25/07/2012 18:00:00,1.39805,26/07/2012 16:00:00,1.41155,@EC,-1,1,-1687.50,425.0000,-2237.5000,
02/08/2012 18:00:00,1.40105,03/08/2012 12:00:00,1.42185,@EC,-1,1,-2600.00,187.5000,-2562.5000,
16/08/2012 18:00:00,1.41815,17/08/2012 16:00:00,1.41475,@EC,-1,1,425.00,837.5000,-337.5000,
21/08/2012 22:00:00,1.42985,22/08/2012 20:00:00,1.43595,@EC,-1,1,-762.50,525.0000,-837.5000,
30/08/2012 18:00:00,1.43315,31/08/2012 16:00:00,1.44045,@EC,-1,1,-912.50,162.5000,-1637.5000,
05/09/2012 18:00:00,1.44265,06/09/2012 16:00:00,1.44705,@EC,-1,1,-550.00,525.0000,-625.0000,
27/09/2012 18:00:00,1.47355,28/09/2012 16:00:00,1.46745,@EC,-1,1,762.50,937.5000,-587.5000,
04/10/2012 18:00:00,1.48365,05/10/2012 16:00:00,1.48525,@EC,-1,1,-200.00,287.5000,-687.5000,
09/10/2012 18:00:00,1.47035,10/10/2012 16:00:00,1.47165,@EC,-1,1,-162.50,600.0000,-375.0000,
16/10/2012 02:00:00,1.47805,17/10/2012,1.49095,@EC,-1,1,-1612.50,0.0000,-2037.5000,
17/10/2012 02:00:00,1.49085,18/10/2012,1.49285,@EC,-1,1,-250.00,62.5000,-625.0000,
23/10/2012 02:00:00,1.48745,24/10/2012,1.47995,@EC,-1,1,937.50,1325.0000,-25.0000,
24/10/2012 02:00:00,1.48045,25/10/2012,1.47985,@EC,-1,1,75.00,837.5000,-125.0000,
30/10/2012 18:00:00,1.47775,31/10/2012 16:00:00,1.47795,@EC,-1,1,-25.00,175.0000,-762.5000,
13/11/2012 18:00:00,1.45185,14/11/2012 16:00:00,1.45615,@EC,-1,1,-537.50,12.5000,-1000.0000,
15/11/2012 18:00:00,1.45955,16/11/2012 16:00:00,1.45415,@EC,-1,1,675.00,1137.5000,-50.0000,
27/11/2012 18:00:00,1.47525,28/11/2012 16:00:00,1.47445,@EC,-1,1,100.00,750.0000,-87.5000,
04/12/2012 02:00:00,1.48665,05/12/2012,1.49215,@EC,-1,1,-687.50,25.0000,-787.5000,
06/12/2012 18:00:00,1.47715,07/12/2012 16:00:00,1.47385,@EC,-1,1,412.50,1037.5000,-175.0000,
11/12/2012 18:00:00,1.48155,12/12/2012 16:00:00,1.48925,@EC,-1,1,-962.50,112.5000,-1175.0000,
26/12/2012 18:00:00,1.50335,27/12/2012 16:00:00,1.50475,@EC,-1,1,-175.00,275.0000,-750.0000,
02/01/2013 18:00:00,1.49935,03/01/2013 16:00:00,1.48685,@EC,-1,1,1562.50,1612.5000,-37.5000,
03/01/2013 18:00:00,1.48485,04/01/2013 16:00:00,1.48775,@EC,-1,1,-362.50,562.5000,-437.5000,
08/01/2013 02:00:00,1.49305,09/01/2013,1.48805,@EC,-1,1,625.00,850.0000,-100.0000,
17/01/2013 18:00:00,1.51795,18/01/2013 16:00:00,1.51255,@EC,-1,1,675.00,1187.5000,-287.5000,
22/01/2013 18:00:00,1.51245,23/01/2013 16:00:00,1.51245,@EC,-1,1,0.00,712.5000,-425.0000,
05/02/2013 02:00:00,1.52865,06/02/2013,1.53835,@EC,-1,1,-1212.50,325.0000,-1425.0000,
19/02/2013 18:00:00,1.51875,20/02/2013 16:00:00,1.50845,@EC,-1,1,1287.50,1425.0000,-600.0000,
26/02/2013 02:00:00,1.48605,27/02/2013,1.48645,@EC,-1,1,-50.00,525.0000,-800.0000,
27/02/2013 18:00:00,1.49345,28/02/2013 16:00:00,1.48625,@EC,-1,1,900.00,962.5000,-350.0000,
07/03/2013 18:00:00,1.49035,08/03/2013 16:00:00,1.48025,@EC,-1,1,1262.50,1875.0000,-375.0000,
03/04/2013 18:00:00,1.46355,04/04/2013 10:00:00,1.46355,@EC,-1,1,0.00,1250.0000,-475.0000,
04/04/2013 12:00:00,1.46445,05/04/2013 10:00:00,1.47805,@EC,-1,1,-1700.00,87.5000,-2212.5000,
09/04/2013 18:00:00,1.48705,10/04/2013 16:00:00,1.48485,@EC,-1,1,275.00,337.5000,-525.0000,
16/04/2013 18:00:00,1.49655,17/04/2013 16:00:00,1.48025,@EC,-1,1,2037.50,2187.5000,-300.0000,
30/04/2013 02:00:00,1.48835,01/05/2013,1.49535,@EC,-1,1,-875.00,525.0000,-1150.0000,
02/05/2013 18:00:00,1.48525,03/05/2013 16:00:00,1.48975,@EC,-1,1,-562.50,412.5000,-1200.0000,
08/05/2013 18:00:00,1.49445,09/05/2013 16:00:00,1.48035,@EC,-1,1,1762.50,1812.5000,-262.5000,
09/05/2013 18:00:00,1.48315,10/05/2013 16:00:00,1.47685,@EC,-1,1,787.50,1362.5000,-87.5000,
14/05/2013 18:00:00,1.47165,15/05/2013 16:00:00,1.46625,@EC,-1,1,675.00,1087.5000,-162.5000,
21/05/2013 18:00:00,1.46935,22/05/2013 16:00:00,1.46295,@EC,-1,1,800.00,925.0000,-1137.5000,
22/05/2013 18:00:00,1.46375,23/05/2013 16:00:00,1.47175,@EC,-1,1,-1000.00,375.0000,-1325.0000,
28/05/2013 18:00:00,1.46405,29/05/2013 16:00:00,1.47195,@EC,-1,1,-987.50,212.5000,-1550.0000,
05/06/2013 18:00:00,1.48765,06/06/2013 12:00:00,1.50845,@EC,-1,1,-2600.00,212.5000,-2337.5000,
06/06/2013 14:00:00,1.50365,07/06/2013 12:00:00,1.50055,@EC,-1,1,387.50,762.5000,-425.0000,
12/06/2013 18:00:00,1.51305,13/06/2013 16:00:00,1.51365,@EC,-1,1,-75.00,775.0000,-637.5000,
13/06/2013 18:00:00,1.51615,14/06/2013 16:00:00,1.51295,@EC,-1,1,400.00,962.5000,-25.0000,
19/06/2013 18:00:00,1.50855,20/06/2013 16:00:00,1.49845,@EC,-1,1,1262.50,1687.5000,-75.0000,
25/06/2013 18:00:00,1.48705,26/06/2013 16:00:00,1.47905,@EC,-1,1,1000.00,1237.5000,-62.5000,
26/06/2013 18:00:00,1.47955,27/06/2013 16:00:00,1.48355,@EC,-1,1,-500.00,100.0000,-625.0000,
10/07/2013 18:00:00,1.47995,11/07/2013 16:00:00,1.48845,@EC,-1,1,-1062.50,100.0000,-2450.0000,
11/07/2013 18:00:00,1.48825,12/07/2013 16:00:00,1.48485,@EC,-1,1,425.00,1200.0000,-50.0000,
16/07/2013 18:00:00,1.49425,17/07/2013 16:00:00,1.49005,@EC,-1,1,525.00,912.5000,-325.0000,
30/07/2013 02:00:00,1.50415,31/07/2013,1.50495,@EC,-1,1,-100.00,275.0000,-587.5000,
31/07/2013 02:00:00,1.50445,01/08/2013,1.50615,@EC,-1,1,-212.50,650.0000,-1075.0000,
06/08/2013 18:00:00,1.50895,07/08/2013 16:00:00,1.51175,@EC,-1,1,-350.00,487.5000,-487.5000,
07/08/2013 18:00:00,1.51215,08/08/2013 16:00:00,1.51735,@EC,-1,1,-650.00,112.5000,-800.0000,
13/08/2013 02:00:00,1.50945,14/08/2013,1.50465,@EC,-1,1,600.00,950.0000,-112.5000,
14/08/2013 02:00:00,1.50435,15/08/2013,1.50855,@EC,-1,1,-525.00,250.0000,-662.5000,
15/08/2013 18:00:00,1.51345,16/08/2013 16:00:00,1.51215,@EC,-1,1,162.50,487.5000,-387.5000,
20/08/2013 18:00:00,1.52025,21/08/2013 16:00:00,1.51615,@EC,-1,1,512.50,1037.5000,-125.0000,
28/08/2013 18:00:00,1.51275,29/08/2013 16:00:00,1.50275,@EC,-1,1,1250.00,1562.5000,0.0000,
29/08/2013 18:00:00,1.50265,30/08/2013 16:00:00,1.49915,@EC,-1,1,437.50,875.0000,-162.5000,
11/09/2013 18:00:00,1.50915,12/09/2013 16:00:00,1.50855,@EC,-1,1,75.00,675.0000,-187.5000,
17/09/2013 02:00:00,1.51145,18/09/2013,1.51325,@EC,-1,1,-225.00,25.0000,-500.0000,
24/09/2013 02:00:00,1.52725,25/09/2013,1.52565,@EC,-1,1,200.00,350.0000,-337.5000,
15/10/2013 18:00:00,1.53085,16/10/2013 16:00:00,1.53125,@EC,-1,1,-50.00,700.0000,-500.0000,
16/10/2013 18:00:00,1.53155,17/10/2013 16:00:00,1.54575,@EC,-1,1,-1775.00,250.0000,-1837.5000,
17/10/2013 18:00:00,1.54515,18/10/2013 16:00:00,1.54595,@EC,-1,1,-100.00,150.0000,-412.5000,
24/10/2013 18:00:00,1.55785,25/10/2013 16:00:00,1.55865,@EC,-1,1,-100.00,312.5000,-412.5000,
29/10/2013 18:00:00,1.55245,30/10/2013 16:00:00,1.55055,@EC,-1,1,237.50,625.0000,-500.0000,
30/10/2013 18:00:00,1.55165,31/10/2013 16:00:00,1.53685,@EC,-1,1,1850.00,1925.0000,-12.5000,
31/10/2013 18:00:00,1.53615,01/11/2013 16:00:00,1.52695,@EC,-1,1,1150.00,1300.0000,-87.5000,
07/11/2013 18:00:00,1.51945,08/11/2013 16:00:00,1.51325,@EC,-1,1,775.00,1237.5000,-450.0000,
03/12/2013 02:00:00,1.53225,04/12/2013,1.53645,@EC,-1,1,-525.00,25.0000,-875.0000,
04/12/2013 02:00:00,1.53645,05/12/2013,1.53635,@EC,-1,1,12.50,737.5000,-275.0000,
18/12/2013 18:00:00,1.54535,19/12/2013 16:00:00,1.54365,@EC,-1,1,212.50,312.5000,-250.0000,
08/01/2014 18:00:00,1.53555,09/01/2014 16:00:00,1.53685,@EC,-1,1,-162.50,362.5000,-712.5000,
09/01/2014 18:00:00,1.53815,10/01/2014 16:00:00,1.54395,@EC,-1,1,-725.00,387.5000,-1062.5000,
30/01/2014 18:00:00,1.53365,31/01/2014 16:00:00,1.52595,@EC,-1,1,962.50,975.0000,-212.5000,
06/02/2014 18:00:00,1.53695,07/02/2014 16:00:00,1.54085,@EC,-1,1,-487.50,487.5000,-700.0000,
13/02/2014 18:00:00,1.54575,14/02/2014 16:00:00,1.54785,@EC,-1,1,-262.50,62.5000,-475.0000,
18/02/2014 18:00:00,1.55385,19/02/2014 16:00:00,1.55225,@EC,-1,1,200.00,425.0000,-175.0000,
20/02/2014 18:00:00,1.55015,21/02/2014 16:00:00,1.55225,@EC,-1,1,-262.50,250.0000,-462.5000,
26/02/2014 18:00:00,1.54625,27/02/2014 16:00:00,1.54905,@EC,-1,1,-350.00,500.0000,-550.0000,
06/03/2014 18:00:00,1.56395,07/03/2014 16:00:00,1.56495,@EC,-1,1,-125.00,100.0000,-687.5000,
11/03/2014 18:00:00,1.56415,12/03/2014 16:00:00,1.56855,@EC,-1,1,-550.00,212.5000,-687.5000,
12/03/2014 18:00:00,1.56835,13/03/2014 16:00:00,1.56405,@EC,-1,1,537.50,712.5000,-812.5000,
25/03/2014 02:00:00,1.56095,26/03/2014,1.55975,@EC,-1,1,150.00,1000.0000,-225.0000,
27/03/2014 18:00:00,1.55235,28/03/2014 16:00:00,1.55325,@EC,-1,1,-112.50,487.5000,-387.5000,
02/04/2014 18:00:00,1.55485,03/04/2014 16:00:00,1.54955,@EC,-1,1,662.50,875.0000,-525.0000,
03/04/2014 18:00:00,1.54985,04/04/2014 16:00:00,1.54825,@EC,-1,1,200.00,587.5000,-162.5000,
08/04/2014 18:00:00,1.55775,09/04/2014 16:00:00,1.56345,@EC,-1,1,-712.50,212.5000,-775.0000,
20/04/2014 18:00:00,1.55995,21/04/2014 16:00:00,1.55765,@EC,-1,1,287.50,400.0000,-150.0000,
29/04/2014 02:00:00,1.56425,30/04/2014,1.55885,@EC,-1,1,675.00,725.0000,-212.5000,
30/04/2014 18:00:00,1.56475,01/05/2014 16:00:00,1.56465,@EC,-1,1,12.50,37.5000,-287.5000,
06/05/2014 18:00:00,1.57075,07/05/2014 16:00:00,1.56975,@EC,-1,1,125.00,175.0000,-162.5000,
08/05/2014 18:00:00,1.56215,09/05/2014 16:00:00,1.55275,@EC,-1,1,1175.00,1200.0000,-50.0000,
13/05/2014 18:00:00,1.54835,14/05/2014 16:00:00,1.54865,@EC,-1,1,-37.50,50.0000,-362.5000,
20/05/2014 02:00:00,1.54915,21/05/2014,1.54835,@EC,-1,1,100.00,412.5000,-12.5000,
27/05/2014 18:00:00,1.54165,28/05/2014 16:00:00,1.53745,@EC,-1,1,525.00,562.5000,-50.0000,
03/06/2014 18:00:00,1.54085,04/06/2014 16:00:00,1.53825,@EC,-1,1,325.00,375.0000,-162.5000,
05/06/2014 18:00:00,1.54445,06/06/2014 16:00:00,1.54285,@EC,-1,1,200.00,512.5000,-187.5000,
10/06/2014 02:00:00,1.53685,11/06/2014,1.53065,@EC,-1,1,775.00,812.5000,-187.5000,
12/06/2014 18:00:00,1.53355,13/06/2014 16:00:00,1.53185,@EC,-1,1,212.50,375.0000,-350.0000,
17/06/2014 02:00:00,1.53445,18/06/2014,1.53325,@EC,-1,1,150.00,287.5000,-262.5000,
24/06/2014 18:00:00,1.53885,25/06/2014 16:00:00,1.54135,@EC,-1,1,-312.50,50.0000,-600.0000,
26/06/2014 18:00:00,1.53965,27/06/2014 16:00:00,1.54285,@EC,-1,1,-400.00,37.5000,-437.5000,
02/07/2014 18:00:00,1.54415,03/07/2014 16:00:00,1.53935,@EC,-1,1,600.00,775.0000,-87.5000,
08/07/2014 02:00:00,1.53875,09/07/2014,1.53945,@EC,-1,1,-87.50,187.5000,-237.5000,
09/07/2014 18:00:00,1.54255,10/07/2014 16:00:00,1.53865,@EC,-1,1,487.50,662.5000,-112.5000,
15/07/2014 18:00:00,1.53515,16/07/2014 16:00:00,1.53055,@EC,-1,1,575.00,587.5000,-37.5000,
22/07/2014 18:00:00,1.52485,23/07/2014 16:00:00,1.52405,@EC,-1,1,100.00,150.0000,-100.0000,
30/07/2014 18:00:00,1.51765,31/07/2014 16:00:00,1.51715,@EC,-1,1,62.50,287.5000,-87.5000,
05/08/2014 18:00:00,1.51545,06/08/2014 16:00:00,1.51605,@EC,-1,1,-75.00,487.5000,-200.0000,
07/08/2014 18:00:00,1.51435,08/08/2014 16:00:00,1.51935,@EC,-1,1,-625.00,225.0000,-900.0000,
12/08/2014 18:00:00,1.51505,13/08/2014 16:00:00,1.51505,@EC,-1,1,0.00,325.0000,-587.5000,
13/08/2014 18:00:00,1.51455,14/08/2014 16:00:00,1.51475,@EC,-1,1,-25.00,187.5000,-562.5000,
27/08/2014 18:00:00,1.49755,28/08/2014 16:00:00,1.49655,@EC,-1,1,125.00,437.5000,-337.5000,
28/08/2014 18:00:00,1.49645,29/08/2014 16:00:00,1.49175,@EC,-1,1,587.50,625.0000,-175.0000,
03/09/2014 18:00:00,1.49295,04/09/2014 16:00:00,1.47175,@EC,-1,1,2650.00,2850.0000,-62.5000,
09/09/2014 02:00:00,1.46565,10/09/2014,1.47085,@EC,-1,1,-650.00,200.0000,-1025.0000,
10/09/2014 02:00:00,1.47025,11/09/2014,1.46925,@EC,-1,1,125.00,487.5000,-500.0000,
24/09/2014 18:00:00,1.45565,25/09/2014 16:00:00,1.45245,@EC,-1,1,400.00,1050.0000,-37.5000,
30/09/2014 18:00:00,1.44055,01/10/2014 16:00:00,1.43825,@EC,-1,1,287.50,575.0000,-137.5000,
29/10/2014 18:00:00,1.44085,30/10/2014 16:00:00,1.43845,@EC,-1,1,300.00,1137.5000,-50.0000,
04/11/2014 18:00:00,1.43225,05/11/2014 16:00:00,1.42505,@EC,-1,1,900.00,1162.5000,-225.0000,
05/11/2014 18:00:00,1.42495,06/11/2014 16:00:00,1.41595,@EC,-1,1,1125.00,1175.0000,-712.5000,
11/11/2014 18:00:00,1.42465,12/11/2014 16:00:00,1.42045,@EC,-1,1,525.00,687.5000,-300.0000,
02/12/2014 02:00:00,1.42355,03/12/2014,1.41555,@EC,-1,1,1000.00,1100.0000,-25.0000,
03/12/2014 02:00:00,1.41435,04/12/2014,1.40775,@EC,-1,1,825.00,900.0000,-75.0000,
16/12/2014 18:00:00,1.42805,17/12/2014 16:00:00,1.40935,@EC,-1,1,2337.50,2400.0000,-37.5000,
17/12/2014 18:00:00,1.41045,18/12/2014 16:00:00,1.40535,@EC,-1,1,637.50,862.5000,-225.0000,
30/12/2014 02:00:00,1.39025,31/12/2014,1.39325,@EC,-1,1,-375.00,125.0000,-675.0000,
13/01/2015 02:00:00,1.35945,14/01/2015,1.35415,@EC,-1,1,662.50,937.5000,-312.5000,
14/01/2015 18:00:00,1.35545,15/01/2015 16:00:00,1.33785,@EC,-1,1,2200.00,2750.0000,-37.5000,
21/01/2015 18:00:00,1.33785,22/01/2015 08:00:00,1.33785,@EC,-1,1,0.00,1262.5000,-625.0000,
22/01/2015 10:00:00,1.33285,23/01/2015 08:00:00,1.29385,@EC,-1,1,4875.00,4925.0000,-50.0000,
05/02/2015 18:00:00,1.32405,06/02/2015 16:00:00,1.30835,@EC,-1,1,1962.50,2050.0000,-37.5000,
19/02/2015 18:00:00,1.31285,20/02/2015 16:00:00,1.31595,@EC,-1,1,-387.50,1087.5000,-825.0000,
26/02/2015 18:00:00,1.29605,27/02/2015 16:00:00,1.29555,@EC,-1,1,62.50,287.5000,-612.5000,
04/03/2015 18:00:00,1.28385,05/03/2015 16:00:00,1.27875,@EC,-1,1,637.50,1125.0000,-475.0000,
05/03/2015 18:00:00,1.27945,06/03/2015 16:00:00,1.26175,@EC,-1,1,2212.50,2387.5000,0.0000,
26/03/2015 18:00:00,1.26425,27/03/2015 16:00:00,1.26705,@EC,-1,1,-350.00,950.0000,-912.5000,
02/04/2015 18:00:00,1.26475,05/04/2015 20:00:00,1.27675,@EC,-1,1,-1500.00,250.0000,-1812.5000,
07/04/2015 18:00:00,1.25765,08/04/2015 16:00:00,1.25635,@EC,-1,1,162.50,625.0000,-937.5000,
09/04/2015 18:00:00,1.24255,10/04/2015 16:00:00,1.23665,@EC,-1,1,737.50,1175.0000,-262.5000,
21/04/2015 18:00:00,1.24985,22/04/2015 16:00:00,1.24995,@EC,-1,1,-12.50,350.0000,-812.5000,
05/05/2015 18:00:00,1.29475,06/05/2015 16:00:00,1.31145,@EC,-1,1,-2087.50,150.0000,-2300.0000,
06/05/2015 18:00:00,1.31035,07/05/2015 16:00:00,1.30275,@EC,-1,1,950.00,1325.0000,-612.5000,
13/05/2015 18:00:00,1.31115,14/05/2015 16:00:00,1.31555,@EC,-1,1,-550.00,162.5000,-1250.0000,
19/05/2015 18:00:00,1.29055,20/05/2015 16:00:00,1.28735,@EC,-1,1,400.00,1062.5000,-62.5000,
16/06/2015 18:00:00,1.30005,17/06/2015 16:00:00,1.30875,@EC,-1,1,-1087.50,500.0000,-1175.0000,
29/07/2015 18:00:00,1.27285,30/07/2015 16:00:00,1.26655,@EC,-1,1,787.50,1112.5000,-100.0000,
04/08/2015 18:00:00,1.26365,05/08/2015 16:00:00,1.26435,@EC,-1,1,-87.50,550.0000,-650.0000,
12/08/2015 18:00:00,1.29055,13/08/2015 16:00:00,1.28875,@EC,-1,1,225.00,1012.5000,-350.0000,
18/08/2015 18:00:00,1.27665,19/08/2015 16:00:00,1.28685,@EC,-1,1,-1275.00,62.5000,-1412.5000,
19/08/2015 18:00:00,1.28665,20/08/2015 16:00:00,1.29445,@EC,-1,1,-975.00,200.0000,-1237.5000,
20/08/2015 18:00:00,1.29805,21/08/2015 16:00:00,1.30995,@EC,-1,1,-1487.50,87.5000,-1762.5000,
10/09/2015 18:00:00,1.30175,11/09/2015 16:00:00,1.30775,@EC,-1,1,-750.00,287.5000,-912.5000,
23/09/2015 18:00:00,1.29235,24/09/2015 16:00:00,1.29565,@EC,-1,1,-412.50,275.0000,-1375.0000,
24/09/2015 18:00:00,1.29145,25/09/2015 16:00:00,1.29255,@EC,-1,1,-137.50,775.0000,-362.5000,
30/09/2015 18:00:00,1.29075,01/10/2015 16:00:00,1.29175,@EC,-1,1,-125.00,462.5000,-475.0000,
13/10/2015 18:00:00,1.31155,14/10/2015 16:00:00,1.32125,@EC,-1,1,-1212.50,37.5000,-1212.5000,
14/10/2015 18:00:00,1.32145,15/10/2015 16:00:00,1.31195,@EC,-1,1,1187.50,1500.0000,-162.5000,
15/10/2015 18:00:00,1.31115,16/10/2015 16:00:00,1.31095,@EC,-1,1,25.00,562.5000,-200.0000,
20/10/2015 02:00:00,1.30625,21/10/2015,1.30905,@EC,-1,1,-350.00,87.5000,-712.5000,
22/10/2015 18:00:00,1.28355,23/10/2015 16:00:00,1.27355,@EC,-1,1,1250.00,1337.5000,-437.5000,
10/11/2015 18:00:00,1.24495,11/11/2015 16:00:00,1.24695,@EC,-1,1,-250.00,212.5000,-637.5000,
12/11/2015 18:00:00,1.25315,13/11/2015 16:00:00,1.24635,@EC,-1,1,850.00,1137.5000,-150.0000,
18/11/2015 18:00:00,1.23845,19/11/2015 16:00:00,1.24595,@EC,-1,1,-937.50,12.5000,-1312.5000,
25/11/2015 18:00:00,1.23445,26/11/2015 20:00:00,1.23305,@EC,-1,1,175.00,250.0000,-100.0000,
01/12/2015 18:00:00,1.23495,02/12/2015 16:00:00,1.23425,@EC,-1,1,87.50,925.0000,-87.5000,
09/12/2015 18:00:00,1.27435,10/12/2015 16:00:00,1.26635,@EC,-1,1,1000.00,1162.5000,-12.5000,
15/12/2015 18:00:00,1.26565,16/12/2015 16:00:00,1.27035,@EC,-1,1,-587.50,562.5000,-1000.0000,
29/12/2015 18:00:00,1.26415,30/12/2015 16:00:00,1.26405,@EC,-1,1,12.50,287.5000,-237.5000,
05/01/2016 02:00:00,1.25465,06/01/2016,1.24595,@EC,-1,1,1087.50,1525.0000,-62.5000,
14/01/2016 18:00:00,1.25765,15/01/2016 16:00:00,1.26215,@EC,-1,1,-562.50,125.0000,-1506.2500,
19/01/2016 18:00:00,1.26250,20/01/2016 16:00:00,1.26045,@EC,-1,1,256.25,418.7500,-781.2500,
20/01/2016 18:00:00,1.26005,21/01/2016 14:00:00,1.26005,@EC,-1,1,0.00,1437.5000,-393.7500,
21/01/2016 16:00:00,1.25875,22/01/2016 14:00:00,1.25220,@EC,-1,1,818.75,1050.0000,-175.0000,
28/01/2016 18:00:00,1.26460,29/01/2016 16:00:00,1.25335,@EC,-1,1,1406.25,1606.2500,-131.2500,
03/02/2016 18:00:00,1.27925,04/02/2016 16:00:00,1.29185,@EC,-1,1,-1575.00,206.2500,-1925.0000,
09/02/2016 18:00:00,1.29930,10/02/2016 16:00:00,1.29860,@EC,-1,1,87.50,1581.2500,-300.0000,
18/02/2016 18:00:00,1.28130,19/02/2016 16:00:00,1.28365,@EC,-1,1,-293.75,643.7500,-356.2500,
24/02/2016 18:00:00,1.27180,25/02/2016 16:00:00,1.27415,@EC,-1,1,-293.75,375.0000,-412.5000,
03/03/2016 18:00:00,1.26500,04/03/2016 16:00:00,1.26965,@EC,-1,1,-581.25,606.2500,-1156.2500,
10/03/2016 18:00:00,1.28760,11/03/2016 12:00:00,1.28760,@EC,-1,1,0.00,1256.2500,-362.5000,
29/03/2016 18:00:00,1.29810,30/03/2016 16:00:00,1.30235,@EC,-1,1,-531.25,75.0000,-931.2500,
12/04/2016 02:00:00,1.30930,13/04/2016,1.30520,@EC,-1,1,512.50,781.2500,-712.5000,
19/04/2016 18:00:00,1.30390,20/04/2016 16:00:00,1.29840,@EC,-1,1,687.50,718.7500,-387.5000,
21/04/2016 18:00:00,1.29650,22/04/2016 16:00:00,1.29080,@EC,-1,1,712.50,837.5000,-300.0000,
27/04/2016 18:00:00,1.30025,28/04/2016 16:00:00,1.30270,@EC,-1,1,-306.25,356.2500,-550.0000,
26/05/2016 18:00:00,1.28610,27/05/2016 16:00:00,1.27850,@EC,-1,1,950.00,1006.2500,-106.2500,
08/06/2016 18:00:00,1.30630,09/06/2016 16:00:00,1.29955,@EC,-1,1,843.75,1168.7500,-200.0000,
09/06/2016 18:00:00,1.29775,10/06/2016 16:00:00,1.29220,@EC,-1,1,693.75,862.5000,-93.7500,
16/06/2016 18:00:00,1.28930,17/06/2016 16:00:00,1.29350,@EC,-1,1,-525.00,106.2500,-825.0000,
21/06/2016 02:00:00,1.29950,22/06/2016,1.29255,@EC,-1,1,868.75,1218.7500,-206.2500,
22/06/2016 02:00:00,1.29255,23/06/2016,1.30010,@EC,-1,1,-943.75,137.5000,-981.2500,
23/06/2016 18:00:00,1.30755,24/06/2016 16:00:00,1.27815,@EC,-1,1,3675.00,6287.5000,-62.5000,
05/07/2016 18:00:00,1.27210,06/07/2016 16:00:00,1.27605,@EC,-1,1,-493.75,450.0000,-537.5000,
12/07/2016 18:00:00,1.27155,13/07/2016 16:00:00,1.27605,@EC,-1,1,-562.50,256.2500,-725.0000,
13/07/2016 18:00:00,1.27465,14/07/2016 16:00:00,1.27740,@EC,-1,1,-343.75,75.0000,-887.5000,
02/08/2016 18:00:00,1.28690,03/08/2016 16:00:00,1.27920,@EC,-1,1,962.50,1018.7500,-18.7500,
03/08/2016 18:00:00,1.27945,04/08/2016 16:00:00,1.27750,@EC,-1,1,243.75,443.7500,-87.5000,
24/08/2016 18:00:00,1.28995,25/08/2016 16:00:00,1.29150,@EC,-1,1,-193.75,56.2500,-425.0000,
20/09/2016 18:00:00,1.27775,21/09/2016 16:00:00,1.28030,@EC,-1,1,-318.75,368.7500,-556.2500,
21/09/2016 18:00:00,1.28160,22/09/2016 16:00:00,1.28245,@EC,-1,1,-106.25,100.0000,-831.2500,
22/09/2016 18:00:00,1.28320,23/09/2016 16:00:00,1.28555,@EC,-1,1,-293.75,193.7500,-400.0000,
27/09/2016 02:00:00,1.28685,28/09/2016,1.28280,@EC,-1,1,506.25,662.5000,-193.7500,
06/10/2016 18:00:00,1.27620,07/10/2016 16:00:00,1.27955,@EC,-1,1,-418.75,531.2500,-731.2500,
11/10/2016 18:00:00,1.26695,12/10/2016 16:00:00,1.26245,@EC,-1,1,562.50,650.0000,-162.5000,
26/10/2016 18:00:00,1.25150,27/10/2016 16:00:00,1.25100,@EC,-1,1,62.50,331.2500,-418.7500,
17/11/2016 18:00:00,1.22210,18/11/2016 16:00:00,1.21945,@EC,-1,1,331.25,712.5000,-212.5000,
22/11/2016 18:00:00,1.22195,23/11/2016 16:00:00,1.21425,@EC,-1,1,962.50,1237.5000,-231.2500,
23/11/2016 18:00:00,1.21440,24/11/2016 20:00:00,1.21525,@EC,-1,1,-106.25,412.5000,-431.2500,
08/12/2016 18:00:00,1.22010,09/12/2016 16:00:00,1.21405,@EC,-1,1,756.25,1043.7500,-206.2500,
14/12/2016 18:00:00,1.21105,15/12/2016 16:00:00,1.20115,@EC,-1,1,1237.50,1993.7500,-31.2500,
20/12/2016 02:00:00,1.19810,21/12/2016,1.19935,@EC,-1,1,-156.25,556.2500,-281.2500,
22/12/2016 18:00:00,1.20170,23/12/2016 16:00:00,1.20345,@EC,-1,1,-218.75,93.7500,-443.7500,
03/01/2017 02:00:00,1.20540,04/01/2017,1.19755,@EC,-1,1,981.25,1775.0000,-87.5000,
10/01/2017 18:00:00,1.21205,11/01/2017 12:00:00,1.21205,@EC,-1,1,0.00,1268.7500,-150.0000,
11/01/2017 14:00:00,1.21240,12/01/2017 12:00:00,1.22165,@EC,-1,1,-1156.25,50.0000,-1562.5000,
12/01/2017 14:00:00,1.22125,13/01/2017 12:00:00,1.21865,@EC,-1,1,325.00,662.5000,-343.7500,
19/01/2017 18:00:00,1.22215,20/01/2017 16:00:00,1.22660,@EC,-1,1,-556.25,450.0000,-618.7500,
31/01/2017 02:00:00,1.22555,01/02/2017,1.23470,@EC,-1,1,-1143.75,193.7500,-1400.0000,
01/02/2017 02:00:00,1.23455,02/02/2017,1.23430,@EC,-1,1,31.25,756.2500,-212.5000,
21/02/2017 18:00:00,1.20810,22/02/2017 16:00:00,1.21165,@EC,-1,1,-443.75,512.5000,-468.7500,
01/03/2017 18:00:00,1.20895,02/03/2017 16:00:00,1.20425,@EC,-1,1,587.50,662.5000,-43.7500,
15/03/2017 18:00:00,1.22715,16/03/2017 16:00:00,1.22870,@EC,-1,1,-193.75,350.0000,-212.5000,
28/03/2017 02:00:00,1.23970,29/03/2017,1.23510,@EC,-1,1,575.00,837.5000,-87.5000,
30/03/2017 18:00:00,1.22095,31/03/2017 16:00:00,1.22100,@EC,-1,1,-6.25,150.0000,-250.0000,
05/04/2017 18:00:00,1.21880,06/04/2017 16:00:00,1.21700,@EC,-1,1,225.00,437.5000,-243.7500,
25/04/2017 02:00:00,1.23800,26/04/2017,1.24550,@EC,-1,1,-937.50,6.2500,-1087.5000,
09/05/2017 02:00:00,1.24400,10/05/2017,1.24020,@EC,-1,1,475.00,837.5000,-18.7500,
16/05/2017 18:00:00,1.25890,17/05/2017 16:00:00,1.26540,@EC,-1,1,-812.50,31.2500,-950.0000,
18/05/2017 18:00:00,1.26050,19/05/2017 16:00:00,1.27085,@EC,-1,1,-1293.75,25.0000,-1393.7500,
07/06/2017 18:00:00,1.27525,08/06/2017 16:00:00,1.27160,@EC,-1,1,456.25,800.0000,-131.2500,
20/06/2017 02:00:00,1.26445,21/06/2017,1.26225,@EC,-1,1,275.00,462.5000,-112.5000,
27/06/2017 18:00:00,1.28230,28/06/2017 16:00:00,1.28645,@EC,-1,1,-518.75,593.7500,-656.2500,
11/07/2017 18:00:00,1.29400,12/07/2017 16:00:00,1.28895,@EC,-1,1,631.25,925.0000,-306.2500,
20/07/2017 18:00:00,1.31020,21/07/2017 16:00:00,1.31475,@EC,-1,1,-568.75,175.0000,-631.2500,
26/07/2017 18:00:00,1.32145,27/07/2017 16:00:00,1.31485,@EC,-1,1,825.00,1237.5000,-350.0000,
01/08/2017 02:00:00,1.32945,02/08/2017,1.32710,@EC,-1,1,293.75,575.0000,-106.2500,
02/08/2017 18:00:00,1.33165,03/08/2017 16:00:00,1.33290,@EC,-1,1,-156.25,306.2500,-475.0000,
08/08/2017 18:00:00,1.32090,09/08/2017 16:00:00,1.32100,@EC,-1,1,-12.50,775.0000,-168.7500,
17/08/2017 18:00:00,1.31780,18/08/2017 16:00:00,1.32110,@EC,-1,1,-412.50,225.0000,-612.5000,
23/08/2017 18:00:00,1.32570,24/08/2017 16:00:00,1.32540,@EC,-1,1,37.50,306.2500,-118.7500,
05/09/2017 18:00:00,1.33575,06/09/2017 16:00:00,1.33540,@EC,-1,1,43.75,162.5000,-437.5000,
07/09/2017 18:00:00,1.34595,08/09/2017 16:00:00,1.34660,@EC,-1,1,-81.25,68.7500,-906.2500,
20/09/2017 18:00:00,1.33250,21/09/2017 16:00:00,1.33625,@EC,-1,1,-468.75,350.0000,-756.2500,
10/10/2017 18:00:00,1.32270,11/10/2017 16:00:00,1.32745,@EC,-1,1,-593.75,156.2500,-650.0000,
17/10/2017 18:00:00,1.31810,18/10/2017 16:00:00,1.32175,@EC,-1,1,-456.25,462.5000,-487.5000,
18/10/2017 18:00:00,1.32050,19/10/2017 16:00:00,1.32415,@EC,-1,1,-456.25,300.0000,-831.2500,
19/10/2017 18:00:00,1.32600,20/10/2017 16:00:00,1.31900,@EC,-1,1,875.00,1068.7500,-131.2500,
01/11/2017 18:00:00,1.30280,02/11/2017 16:00:00,1.30635,@EC,-1,1,-443.75,137.5000,-793.7500,
02/11/2017 18:00:00,1.30610,03/11/2017 16:00:00,1.30105,@EC,-1,1,631.25,737.5000,-481.2500,
07/11/2017 18:00:00,1.29930,08/11/2017 16:00:00,1.29970,@EC,-1,1,-50.00,162.5000,-243.7500,
28/11/2017 18:00:00,1.32375,29/11/2017 16:00:00,1.32520,@EC,-1,1,-181.25,393.7500,-437.5000,
30/11/2017 18:00:00,1.32775,01/12/2017 16:00:00,1.32810,@EC,-1,1,-43.75,506.2500,-618.7500,
05/12/2017 18:00:00,1.32140,06/12/2017 16:00:00,1.31760,@EC,-1,1,475.00,612.5000,-237.5000,
12/12/2017 18:00:00,1.31195,13/12/2017 16:00:00,1.32045,@EC,-1,1,-1062.50,81.2500,-1087.5000,
20/12/2017 18:00:00,1.32495,21/12/2017 16:00:00,1.32505,@EC,-1,1,-12.50,281.2500,-206.2500,
28/12/2017 18:00:00,1.32960,29/12/2017 16:00:00,1.33665,@EC,-1,1,-881.25,37.5000,-1075.0000,
09/01/2018 02:00:00,1.33155,10/01/2018,1.32920,@EC,-1,1,293.75,612.5000,-75.0000,
10/01/2018 18:00:00,1.32975,11/01/2018 16:00:00,1.33870,@EC,-1,1,-1118.75,256.2500,-1381.2500,
30/01/2018 18:00:00,1.37410,31/01/2018 16:00:00,1.37505,@EC,-1,1,-118.75,200.0000,-906.2500,
06/02/2018 18:00:00,1.37135,07/02/2018 16:00:00,1.36090,@EC,-1,1,1306.25,1693.7500,-325.0000,
07/02/2018 18:00:00,1.35865,08/02/2018 16:00:00,1.35950,@EC,-1,1,-106.25,550.0000,-493.7500,
15/03/2018 18:00:00,1.36090,16/03/2018 16:00:00,1.35880,@EC,-1,1,262.50,562.5000,-400.0000,
27/03/2018 02:00:00,1.37435,28/03/2018,1.37045,@EC,-1,1,487.50,981.2500,-337.5000,
03/04/2018 02:00:00,1.35935,04/04/2018,1.35645,@EC,-1,1,362.50,706.2500,-337.5000,
04/04/2018 02:00:00,1.35615,05/04/2018,1.35610,@EC,-1,1,6.25,262.5000,-475.0000,
05/04/2018 18:00:00,1.35200,06/04/2018 16:00:00,1.35660,@EC,-1,1,-575.00,331.2500,-618.7500,
10/04/2018 18:00:00,1.36305,11/04/2018 16:00:00,1.36395,@EC,-1,1,-112.50,81.2500,-556.2500,
19/04/2018 18:00:00,1.36115,20/04/2018 16:00:00,1.35490,@EC,-1,1,781.25,1193.7500,-112.5000,
08/05/2018 18:00:00,1.31100,09/05/2018 16:00:00,1.31110,@EC,-1,1,-12.50,468.7500,-456.2500,
10/05/2018 18:00:00,1.31630,11/05/2018 16:00:00,1.31895,@EC,-1,1,-331.25,318.7500,-637.5000,
15/05/2018 18:00:00,1.30840,16/05/2018 16:00:00,1.30450,@EC,-1,1,487.50,962.5000,-181.2500,
29/05/2018 02:00:00,1.28620,30/05/2018,1.27585,@EC,-1,1,1293.75,1487.5000,-131.2500,
30/05/2018 18:00:00,1.28965,31/05/2018 16:00:00,1.29155,@EC,-1,1,-237.50,331.2500,-731.2500,
26/06/2018 02:00:00,1.29215,27/06/2018,1.28570,@EC,-1,1,806.25,1006.2500,-50.0000,
19/07/2018 18:00:00,1.28250,20/07/2018 16:00:00,1.29070,@EC,-1,1,-1025.00,212.5000,-1200.0000,
09/08/2018 18:00:00,1.26910,10/08/2018 16:00:00,1.25620,@EC,-1,1,1612.50,1756.2500,-106.2500,
21/08/2018 02:00:00,1.26860,22/08/2018,1.27290,@EC,-1,1,-537.50,487.5000,-893.7500,
22/08/2018 02:00:00,1.27300,23/08/2018,1.27070,@EC,-1,1,287.50,312.5000,-600.0000,
13/09/2018 18:00:00,1.28260,14/09/2018 16:00:00,1.27670,@EC,-1,1,737.50,850.0000,-387.5000,
27/09/2018 18:00:00,1.27640,28/09/2018 16:00:00,1.27320,@EC,-1,1,400.00,893.7500,-131.2500,
09/10/2018 02:00:00,1.26115,10/10/2018,1.26200,@EC,-1,1,-106.25,831.2500,-212.5000,
10/10/2018 02:00:00,1.26190,11/10/2018,1.26705,@EC,-1,1,-643.75,331.2500,-781.2500,
11/10/2018 18:00:00,1.27025,12/10/2018 16:00:00,1.26730,@EC,-1,1,368.75,731.2500,-218.7500,
24/10/2018 18:00:00,1.24955,25/10/2018 16:00:00,1.24595,@EC,-1,1,450.00,537.5000,-431.2500,
01/11/2018 18:00:00,1.24950,02/11/2018 16:00:00,1.24750,@EC,-1,1,250.00,425.0000,-631.2500,
14/11/2018 18:00:00,1.23930,15/11/2018 16:00:00,1.24290,@EC,-1,1,-450.00,562.5000,-593.7500,
15/11/2018 18:00:00,1.24015,16/11/2018 16:00:00,1.24905,@EC,-1,1,-1112.50,43.7500,-1193.7500,
27/11/2018 18:00:00,1.23635,28/11/2018 16:00:00,1.24435,@EC,-1,1,-1000.00,362.5000,-1168.7500,
28/11/2018 18:00:00,1.24335,29/11/2018 16:00:00,1.24545,@EC,-1,1,-262.50,243.7500,-418.7500,
04/12/2018 18:00:00,1.24020,05/12/2018 16:00:00,1.24025,@EC,-1,1,-6.25,368.7500,-268.7500,
11/12/2018 02:00:00,1.24280,12/12/2018,1.23810,@EC,-1,1,587.50,831.2500,-356.2500,
18/12/2018 18:00:00,1.24150,19/12/2018 16:00:00,1.24195,@EC,-1,1,-56.25,31.2500,-931.2500,
19/12/2018 18:00:00,1.24270,20/12/2018 18:00:00,1.24920,@EC,-1,1,-812.50,50.0000,-1312.5000,
27/12/2018 18:00:00,1.24635,28/12/2018 16:00:00,1.24725,@EC,-1,1,-112.50,25.0000,-512.5000,
08/01/2019 02:00:00,1.24670,09/01/2019,1.24765,@EC,-1,1,-118.75,275.0000,-318.7500,
09/01/2019 18:00:00,1.25695,10/01/2019 16:00:00,1.25195,@EC,-1,1,625.00,818.7500,-250.0000,
23/01/2019 18:00:00,1.23880,24/01/2019 16:00:00,1.23040,@EC,-1,1,1050.00,1168.7500,-118.7500,
30/01/2019 18:00:00,1.24820,31/01/2019 16:00:00,1.24440,@EC,-1,1,475.00,593.7500,-393.7500,
12/02/2019 18:00:00,1.23165,13/02/2019 16:00:00,1.22580,@EC,-1,1,731.25,775.0000,-162.5000,
05/03/2019 02:00:00,1.22975,06/03/2019,1.22610,@EC,-1,1,456.25,493.7500,-131.2500,
12/03/2019 18:00:00,1.22500,13/03/2019 16:00:00,1.22910,@EC,-1,1,-512.50,143.7500,-581.2500,
26/03/2019 18:00:00,1.22190,27/03/2019 16:00:00,1.22130,@EC,-1,1,75.00,350.0000,-200.0000,
28/03/2019 18:00:00,1.21710,29/03/2019 16:00:00,1.21590,@EC,-1,1,150.00,212.5000,-256.2500,
02/04/2019 02:00:00,1.21445,03/04/2019,1.21620,@EC,-1,1,-218.75,231.2500,-293.7500,
10/04/2019 18:00:00,1.22070,11/04/2019 16:00:00,1.21885,@EC,-1,1,231.25,306.2500,-162.5000,
17/04/2019 18:00:00,1.22210,18/04/2019 16:00:00,1.21545,@EC,-1,1,831.25,881.2500,-93.7500,
21/04/2019 18:00:00,1.21650,22/04/2019 16:00:00,1.21830,@EC,-1,1,-225.00,62.5000,-275.0000,
01/05/2019 18:00:00,1.21130,02/05/2019 16:00:00,1.20875,@EC,-1,1,318.75,356.2500,-231.2500,
09/05/2019 18:00:00,1.21240,10/05/2019 16:00:00,1.21355,@EC,-1,1,-143.75,25.0000,-431.2500,
14/05/2019 02:00:00,1.21425,15/05/2019,1.21085,@EC,-1,1,425.00,493.7500,-50.0000,
15/05/2019 18:00:00,1.21050,16/05/2019 16:00:00,1.20690,@EC,-1,1,450.00,456.2500,-225.0000,
16/05/2019 18:00:00,1.20745,17/05/2019 16:00:00,1.20565,@EC,-1,1,225.00,268.7500,-93.7500,
21/05/2019 18:00:00,1.20565,22/05/2019 16:00:00,1.20545,@EC,-1,1,25.00,162.5000,-243.7500,
28/05/2019 18:00:00,1.20540,29/05/2019 16:00:00,1.20215,@EC,-1,1,406.25,518.7500,-87.5000,
29/05/2019 18:00:00,1.20205,30/05/2019 16:00:00,1.20200,@EC,-1,1,6.25,237.5000,-106.2500,
05/06/2019 18:00:00,1.21050,06/06/2019 16:00:00,1.21525,@EC,-1,1,-593.75,331.2500,-1050.0000,
06/06/2019 18:00:00,1.21555,07/06/2019 16:00:00,1.22180,@EC,-1,1,-781.25,325.0000,-881.2500,
12/06/2019 18:00:00,1.21645,13/06/2019 16:00:00,1.21515,@EC,-1,1,162.50,287.5000,-137.5000,
18/06/2019 18:00:00,1.20635,19/06/2019 16:00:00,1.21150,@EC,-1,1,-643.75,100.0000,-750.0000,
20/06/2019 18:00:00,1.21605,21/06/2019 16:00:00,1.22340,@EC,-1,1,-918.75,156.2500,-943.7500,
16/07/2019 18:00:00,1.20535,17/07/2019 16:00:00,1.20660,@EC,-1,1,-156.25,131.2500,-293.7500,
18/07/2019 18:00:00,1.21175,19/07/2019 16:00:00,1.20595,@EC,-1,1,725.00,943.7500,-43.7500,
23/07/2019 18:00:00,1.19905,24/07/2019 16:00:00,1.19730,@EC,-1,1,218.75,381.2500,-31.2500,
14/08/2019 18:00:00,1.19560,15/08/2019 16:00:00,1.19220,@EC,-1,1,425.00,631.2500,-212.5000,
15/08/2019 18:00:00,1.19195,16/08/2019 16:00:00,1.19105,@EC,-1,1,112.50,500.0000,-81.2500,
22/08/2019 18:00:00,1.18865,23/08/2019 16:00:00,1.19535,@EC,-1,1,-837.50,343.7500,-937.5000,
29/08/2019 18:00:00,1.18580,30/08/2019 16:00:00,1.17780,@EC,-1,1,1000.00,1168.7500,-43.7500,
11/09/2019 18:00:00,1.17980,12/09/2019 16:00:00,1.18630,@EC,-1,1,-812.50,1031.2500,-981.2500,
17/09/2019 02:00:00,1.18015,18/09/2019,1.18530,@EC,-1,1,-643.75,275.0000,-756.2500,
15/10/2019 18:00:00,1.17915,16/10/2019 16:00:00,1.18325,@EC,-1,1,-512.50,125.0000,-675.0000,
17/10/2019 18:00:00,1.18850,18/10/2019 16:00:00,1.19180,@EC,-1,1,-412.50,175.0000,-431.2500,
24/10/2019 18:00:00,1.18565,25/10/2019 16:00:00,1.18305,@EC,-1,1,325.00,412.5000,-212.5000,
29/10/2019 18:00:00,1.18590,30/10/2019 16:00:00,1.18740,@EC,-1,1,-187.50,393.7500,-200.0000,
14/11/2019 18:00:00,1.17545,15/11/2019 16:00:00,1.17865,@EC,-1,1,-400.00,81.2500,-450.0000,
21/11/2019 18:00:00,1.17900,22/11/2019 16:00:00,1.17490,@EC,-1,1,512.50,587.5000,-443.7500,
27/11/2019 18:00:00,1.17300,28/11/2019 20:00:00,1.17350,@EC,-1,1,-62.50,62.5000,-156.2500,
10/12/2019 18:00:00,1.18110,11/12/2019 16:00:00,1.18590,@EC,-1,1,-600.00,250.0000,-625.0000,
26/12/2019 18:00:00,1.18060,27/12/2019 16:00:00,1.18915,@EC,-1,1,-1068.75,12.5000,-1081.2500,
02/01/2020 18:00:00,1.18680,03/01/2020 16:00:00,1.18625,@EC,-1,1,68.75,606.2500,-87.5000,
07/01/2020 18:00:00,1.18440,08/01/2020 16:00:00,1.18040,@EC,-1,1,500.00,537.5000,-218.7500,
14/01/2020 18:00:00,1.18150,15/01/2020 16:00:00,1.18385,@EC,-1,1,-293.75,112.5000,-456.2500,
15/01/2020 18:00:00,1.18380,16/01/2020 16:00:00,1.18200,@EC,-1,1,225.00,318.7500,-256.2500,
16/01/2020 18:00:00,1.18220,17/01/2020 16:00:00,1.17780,@EC,-1,1,550.00,637.5000,-75.0000,
21/01/2020 18:00:00,1.17645,22/01/2020 16:00:00,1.17745,@EC,-1,1,-125.00,150.0000,-212.5000,
11/02/2020 02:00:00,1.15810,12/02/2020,1.15830,@EC,-1,1,-25.00,268.7500,-156.2500,
12/02/2020 18:00:00,1.15380,13/02/2020 16:00:00,1.15080,@EC,-1,1,375.00,493.7500,-200.0000,
18/02/2020 18:00:00,1.14560,19/02/2020 16:00:00,1.14600,@EC,-1,1,-50.00,137.5000,-193.7500,
27/02/2020 18:00:00,1.16600,28/02/2020 16:00:00,1.16850,@EC,-1,1,-312.50,656.2500,-618.7500,
03/03/2020 02:00:00,1.18000,04/03/2020,1.18145,@EC,-1,1,-181.25,625.0000,-837.5000,
10/03/2020 02:00:00,1.20255,11/03/2020,1.19705,@EC,-1,1,687.50,1281.2500,-325.0000,
17/03/2020 18:00:00,1.16560,18/03/2020 16:00:00,1.15320,@EC,-1,1,1550.00,2518.7500,-537.5000,
18/03/2020 18:00:00,1.15765,19/03/2020 16:00:00,1.13215,@EC,-1,1,3187.50,3312.5000,-781.2500,
19/03/2020 18:00:00,1.13185,20/03/2020 16:00:00,1.12970,@EC,-1,1,268.75,468.7500,-1968.7500,
26/03/2020 18:00:00,1.16745,27/03/2020 16:00:00,1.17620,@EC,-1,1,-1093.75,987.5000,-1162.5000,
07/04/2020 18:00:00,1.15200,08/04/2020 16:00:00,1.14880,@EC,-1,1,400.00,806.2500,-112.5000,
12/04/2020 18:00:00,1.15610,13/04/2020 16:00:00,1.15460,@EC,-1,1,187.50,556.2500,-375.0000,
14/04/2020 18:00:00,1.16045,15/04/2020 16:00:00,1.15425,@EC,-1,1,775.00,1593.7500,-87.5000,
15/04/2020 18:00:00,1.15285,16/04/2020 16:00:00,1.14650,@EC,-1,1,793.75,1150.0000,-37.5000,
21/04/2020 18:00:00,1.14735,22/04/2020 16:00:00,1.14375,@EC,-1,1,450.00,662.5000,-375.0000,
28/04/2020 18:00:00,1.14370,29/04/2020 16:00:00,1.14855,@EC,-1,1,-606.25,25.0000,-781.2500,
20/05/2020 18:00:00,1.15885,21/05/2020 16:00:00,1.15640,@EC,-1,1,306.25,531.2500,-375.0000,
03/06/2020 18:00:00,1.18415,04/06/2020 16:00:00,1.19545,@EC,-1,1,-1412.50,506.2500,-1593.7500,
04/06/2020 18:00:00,1.19430,05/06/2020 16:00:00,1.19005,@EC,-1,1,531.25,725.0000,-587.5000,
11/06/2020 18:00:00,1.19010,12/06/2020 16:00:00,1.18360,@EC,-1,1,812.50,1043.7500,-562.5000,
16/06/2020 18:00:00,1.18655,17/06/2020 16:00:00,1.18340,@EC,-1,1,393.75,693.7500,-406.2500,
23/06/2020 02:00:00,1.18645,24/06/2020,1.19195,@EC,-1,1,-687.50,68.7500,-1093.7500,
07/07/2020 02:00:00,1.19095,08/07/2020,1.18770,@EC,-1,1,406.25,662.5000,-56.2500,
08/07/2020 18:00:00,1.19310,09/07/2020 16:00:00,1.18935,@EC,-1,1,468.75,612.5000,-456.2500,
09/07/2020 18:00:00,1.18790,10/07/2020 16:00:00,1.18955,@EC,-1,1,-206.25,350.0000,-537.5000,
14/07/2020 02:00:00,1.19420,15/07/2020,1.19990,@EC,-1,1,-712.50,256.2500,-968.7500,
15/07/2020 02:00:00,1.19915,16/07/2020,1.19985,@EC,-1,1,-87.50,50.0000,-712.5000,
29/07/2020 18:00:00,1.23865,30/07/2020 16:00:00,1.24300,@EC,-1,1,-543.75,787.5000,-556.2500,
30/07/2020 18:00:00,1.24355,31/07/2020 16:00:00,1.23805,@EC,-1,1,687.50,1025.0000,-812.5000,
11/08/2020 18:00:00,1.23290,12/08/2020 16:00:00,1.23735,@EC,-1,1,-556.25,362.5000,-975.0000,
18/08/2020 18:00:00,1.25215,19/08/2020 16:00:00,1.24430,@EC,-1,1,981.25,1306.2500,-237.5000,
19/08/2020 18:00:00,1.24275,20/08/2020 16:00:00,1.24390,@EC,-1,1,-143.75,487.5000,-350.0000,
26/08/2020 18:00:00,1.24175,27/08/2020 16:00:00,1.24070,@EC,-1,1,131.25,887.5000,-875.0000,
27/08/2020 18:00:00,1.24055,28/08/2020 16:00:00,1.24750,@EC,-1,1,-868.75,125.0000,-1237.5000,
01/09/2020 18:00:00,1.24990,02/09/2020 16:00:00,1.24090,@EC,-1,1,1125.00,1168.7500,-168.7500,
08/09/2020 18:00:00,1.23565,09/09/2020 16:00:00,1.23915,@EC,-1,1,-437.50,262.5000,-756.2500,
15/09/2020 18:00:00,1.24290,16/09/2020 16:00:00,1.23800,@EC,-1,1,612.50,768.7500,-425.0000,
16/09/2020 18:00:00,1.23940,17/09/2020 16:00:00,1.24190,@EC,-1,1,-312.50,962.5000,-381.2500,
22/09/2020 02:00:00,1.23475,23/09/2020,1.22590,@EC,-1,1,1106.25,1175.0000,0.0000,
15/10/2020 18:00:00,1.22805,16/10/2020 16:00:00,1.22905,@EC,-1,1,-125.00,187.5000,-475.0000,
20/10/2020 02:00:00,1.23480,21/10/2020,1.24090,@EC,-1,1,-762.50,206.2500,-837.5000,
04/11/2020 18:00:00,1.22910,05/11/2020 16:00:00,1.24060,@EC,-1,1,-1437.50,156.2500,-1700.0000,
10/11/2020 02:00:00,1.24005,11/11/2020,1.23935,@EC,-1,1,87.50,675.0000,-131.2500,
11/11/2020 18:00:00,1.23415,12/11/2020 16:00:00,1.23720,@EC,-1,1,-381.25,206.2500,-593.7500,
17/11/2020 02:00:00,1.24210,18/11/2020,1.24265,@EC,-1,1,-68.75,168.7500,-481.2500,
19/11/2020 18:00:00,1.24370,20/11/2020 16:00:00,1.24215,@EC,-1,1,193.75,300.0000,-218.7500,
24/11/2020 02:00:00,1.24155,25/11/2020,1.24695,@EC,-1,1,-675.00,143.7500,-706.2500,
26/11/2020 20:00:00,1.24730,29/11/2020 20:00:00,1.25340,@EC,-1,1,-762.50,18.7500,-781.2500,
01/12/2020 02:00:00,1.25185,02/12/2020,1.26435,@EC,-1,1,-1562.50,43.7500,-1581.2500,
02/12/2020 02:00:00,1.26295,03/12/2020,1.26845,@EC,-1,1,-687.50,356.2500,-700.0000,
08/12/2020 02:00:00,1.26795,09/12/2020,1.26825,@EC,-1,1,-37.50,281.2500,-193.7500,
09/12/2020 18:00:00,1.26410,10/12/2020 16:00:00,1.26925,@EC,-1,1,-643.75,87.5000,-950.0000,
15/12/2020 02:00:00,1.27110,16/12/2020,1.27180,@EC,-1,1,-87.50,425.0000,-187.5000,
16/12/2020 18:00:00,1.27570,17/12/2020 16:00:00,1.28215,@EC,-1,1,-806.25,118.7500,-931.2500,
29/12/2020 02:00:00,1.27875,30/12/2020,1.28305,@EC,-1,1,-537.50,0.0000,-693.7500,
06/01/2021 18:00:00,1.28725,07/01/2021 16:00:00,1.28130,@EC,-1,1,743.75,1031.2500,-218.7500,
19/01/2021 18:00:00,1.26730,20/01/2021 16:00:00,1.26500,@EC,-1,1,287.50,675.0000,-362.5000,
20/01/2021 18:00:00,1.26505,21/01/2021 16:00:00,1.27020,@EC,-1,1,-643.75,12.5000,-806.2500,
26/01/2021 18:00:00,1.27000,27/01/2021 16:00:00,1.26405,@EC,-1,1,743.75,1281.2500,-131.2500,
27/01/2021 18:00:00,1.26485,28/01/2021 16:00:00,1.26710,@EC,-1,1,-281.25,356.2500,-425.0000,
09/02/2021 18:00:00,1.26560,10/02/2021 16:00:00,1.26650,@EC,-1,1,-112.50,143.7500,-293.7500,
11/02/2021 18:00:00,1.26675,12/02/2021 16:00:00,1.26510,@EC,-1,1,206.25,650.0000,-18.7500,
16/02/2021 18:00:00,1.26385,17/02/2021 16:00:00,1.25710,@EC,-1,1,843.75,1012.5000,-18.7500,
23/02/2021 02:00:00,1.27030,24/02/2021,1.26850,@EC,-1,1,225.00,437.5000,-137.5000,
02/03/2021 18:00:00,1.26155,03/03/2021 16:00:00,1.25955,@EC,-1,1,250.00,525.0000,-356.2500,
04/03/2021 18:00:00,1.25030,05/03/2021 16:00:00,1.24420,@EC,-1,1,762.50,1006.2500,-25.0000,
09/03/2021 02:00:00,1.23825,10/03/2021,1.24090,@EC,-1,1,-331.25,31.2500,-768.7500,
17/03/2021 18:00:00,1.25050,18/03/2021 16:00:00,1.24380,@EC,-1,1,837.50,893.7500,-118.7500,
23/03/2021 18:00:00,1.23725,24/03/2021 16:00:00,1.23450,@EC,-1,1,343.75,450.0000,-50.0000,
06/04/2021 02:00:00,1.23260,07/04/2021,1.23870,@EC,-1,1,-762.50,137.5000,-906.2500,
08/04/2021 18:00:00,1.24335,09/04/2021 16:00:00,1.24220,@EC,-1,1,143.75,593.7500,-68.7500,
13/04/2021 18:00:00,1.24685,14/04/2021 16:00:00,1.24895,@EC,-1,1,-262.50,18.7500,-475.0000,
06/05/2021 18:00:00,1.25755,07/05/2021 16:00:00,1.26775,@EC,-1,1,-1275.00,137.5000,-1275.0000,
11/05/2021 18:00:00,1.26610,12/05/2021 16:00:00,1.25905,@EC,-1,1,881.25,1081.2500,-31.2500,
12/05/2021 18:00:00,1.25825,13/05/2021 16:00:00,1.25865,@EC,-1,1,-50.00,262.5000,-425.0000,
18/05/2021 18:00:00,1.27340,19/05/2021 16:00:00,1.26805,@EC,-1,1,668.75,700.0000,-262.5000,
19/05/2021 18:00:00,1.26850,20/05/2021 16:00:00,1.27285,@EC,-1,1,-543.75,93.7500,-631.2500,
02/06/2021 18:00:00,1.27195,03/06/2021 16:00:00,1.26310,@EC,-1,1,1106.25,1200.0000,-6.2500,
03/06/2021 18:00:00,1.26315,04/06/2021 16:00:00,1.26710,@EC,-1,1,-493.75,281.2500,-756.2500,
09/06/2021 18:00:00,1.26840,10/06/2021 16:00:00,1.26755,@EC,-1,1,106.25,562.5000,-193.7500,
16/06/2021 18:00:00,1.24965,17/06/2021 16:00:00,1.24125,@EC,-1,1,1050.00,1287.5000,-150.0000,
29/06/2021 18:00:00,1.23990,30/06/2021 16:00:00,1.23475,@EC,-1,1,643.75,681.2500,-125.0000,
30/06/2021 18:00:00,1.23560,01/07/2021 16:00:00,1.23395,@EC,-1,1,206.25,250.0000,-343.7500,
08/07/2021 18:00:00,1.23420,09/07/2021 16:00:00,1.23735,@EC,-1,1,-393.75,250.0000,-412.5000,
13/07/2021 18:00:00,1.22740,14/07/2021 16:00:00,1.23260,@EC,-1,1,-650.00,81.2500,-718.7500,
20/07/2021 02:00:00,1.22830,21/07/2021,1.22670,@EC,-1,1,200.00,412.5000,-175.0000,
21/07/2021 18:00:00,1.22910,22/07/2021 16:00:00,1.22650,@EC,-1,1,325.00,500.0000,-418.7500,
22/07/2021 18:00:00,1.22650,23/07/2021 16:00:00,1.22650,@EC,-1,1,0.00,212.5000,-187.5000,
27/07/2021 02:00:00,1.22950,28/07/2021,1.23175,@EC,-1,1,-281.25,406.2500,-493.7500,
28/07/2021 02:00:00,1.23125,29/07/2021,1.23470,@EC,-1,1,-431.25,593.7500,-468.7500,
29/07/2021 02:00:00,1.23485,30/07/2021,1.23725,@EC,-1,1,-300.00,75.0000,-475.0000,
11/08/2021 18:00:00,1.22305,12/08/2021 16:00:00,1.22180,@EC,-1,1,156.25,231.2500,-81.2500,
17/08/2021 18:00:00,1.21995,18/08/2021 16:00:00,1.21995,@EC,-1,1,0.00,231.2500,-393.7500,
25/08/2021 18:00:00,1.22575,26/08/2021 16:00:00,1.22370,@EC,-1,1,256.25,325.0000,-87.5000,
31/08/2021 18:00:00,1.22950,01/09/2021 16:00:00,1.23315,@EC,-1,1,-456.25,212.5000,-593.7500,
01/09/2021 18:00:00,1.23250,02/09/2021 16:00:00,1.23585,@EC,-1,1,-418.75,87.5000,-425.0000,
08/09/2021 18:00:00,1.23020,09/09/2021 16:00:00,1.23120,@EC,-1,1,-125.00,181.2500,-281.2500,
14/09/2021 02:00:00,1.22945,15/09/2021,1.22880,@EC,-1,1,81.25,162.5000,-418.7500,
16/09/2021 18:00:00,1.22470,17/09/2021 16:00:00,1.22095,@EC,-1,1,468.75,525.0000,-287.5000,
05/10/2021 02:00:00,1.20710,06/10/2021,1.20695,@EC,-1,1,18.75,175.0000,-237.5000,
12/10/2021 18:00:00,1.20045,13/10/2021 16:00:00,1.20645,@EC,-1,1,-750.00,12.5000,-800.0000,
13/10/2021 18:00:00,1.20715,14/10/2021 16:00:00,1.20725,@EC,-1,1,-12.50,175.0000,-331.2500,
19/10/2021 02:00:00,1.21190,20/10/2021,1.21110,@EC,-1,1,100.00,231.2500,-293.7500,
20/10/2021 02:00:00,1.21235,21/10/2021,1.21360,@EC,-1,1,-156.25,425.0000,-187.5000,
28/10/2021 18:00:00,1.21530,29/10/2021 16:00:00,1.20295,@EC,-1,1,1543.75,1843.7500,-100.0000,
10/11/2021 18:00:00,1.19460,11/11/2021 16:00:00,1.19125,@EC,-1,1,418.75,431.2500,-112.5000,
16/11/2021 02:00:00,1.18435,17/11/2021,1.17550,@EC,-1,1,1106.25,1425.0000,-62.5000,
04/01/2022 02:00:00,1.17545,05/01/2022,1.17440,@EC,-1,1,131.25,418.7500,-218.7500,
12/01/2022 18:00:00,1.18900,13/01/2022 16:00:00,1.19090,@EC,-1,1,-237.50,87.5000,-487.5000,
20/01/2022 18:00:00,1.17570,21/01/2022 16:00:00,1.17875,@EC,-1,1,-381.25,131.2500,-612.5000,
25/01/2022 18:00:00,1.17495,26/01/2022 16:00:00,1.16995,@EC,-1,1,625.00,725.0000,-81.2500,
26/01/2022 18:00:00,1.16860,27/01/2022 16:00:00,1.15835,@EC,-1,1,1281.25,1387.5000,-12.5000,
17/02/2022 18:00:00,1.18010,18/02/2022 16:00:00,1.17705,@EC,-1,1,381.25,600.0000,-193.7500,
24/02/2022 18:00:00,1.16340,25/02/2022 16:00:00,1.17015,@EC,-1,1,-843.75,375.0000,-893.7500,
01/03/2022 18:00:00,1.15585,02/03/2022 16:00:00,1.15605,@EC,-1,1,-25.00,806.2500,-268.7500,
03/03/2022 18:00:00,1.15015,04/03/2022 16:00:00,1.13485,@EC,-1,1,1912.50,2250.0000,-25.0000,
09/03/2022 18:00:00,1.15030,10/03/2022 16:00:00,1.14180,@EC,-1,1,1062.50,1112.5000,-656.2500,
22/03/2022 18:00:00,1.14600,23/03/2022 16:00:00,1.14385,@EC,-1,1,268.75,843.7500,-175.0000,
29/03/2022 18:00:00,1.15150,30/03/2022 16:00:00,1.15880,@EC,-1,1,-912.50,18.7500,-1037.5000,
07/04/2022 18:00:00,1.13035,08/04/2022 16:00:00,1.13070,@EC,-1,1,-43.75,556.2500,-131.2500,
12/04/2022 02:00:00,1.13015,13/04/2022,1.12550,@EC,-1,1,581.25,881.2500,-306.2500,
13/04/2022 02:00:00,1.12535,14/04/2022,1.13220,@EC,-1,1,-856.25,306.2500,-937.5000,
20/04/2022 18:00:00,1.12700,21/04/2022 16:00:00,1.12560,@EC,-1,1,175.00,362.5000,-1056.2500,
26/04/2022 02:00:00,1.11450,27/04/2022,1.10510,@EC,-1,1,1175.00,1181.2500,-81.2500,
27/04/2022 18:00:00,1.09750,28/04/2022 16:00:00,1.09200,@EC,-1,1,687.50,1106.2500,-68.7500,
03/05/2022 18:00:00,1.09365,04/05/2022 16:00:00,1.10295,@EC,-1,1,-1162.50,206.2500,-1306.2500,
04/05/2022 18:00:00,1.10355,05/05/2022 16:00:00,1.09290,@EC,-1,1,1331.25,1631.2500,-237.5000,
05/05/2022 18:00:00,1.09520,06/05/2022 16:00:00,1.09590,@EC,-1,1,-87.50,718.7500,-737.5000,
11/05/2022 18:00:00,1.09235,12/05/2022 16:00:00,1.07795,@EC,-1,1,1800.00,2018.7500,-187.5000,
12/05/2022 18:00:00,1.07880,13/05/2022 16:00:00,1.08135,@EC,-1,1,-318.75,381.2500,-500.0000,
17/05/2022 18:00:00,1.09560,18/05/2022 16:00:00,1.08810,@EC,-1,1,937.50,950.0000,-187.5000,
19/05/2022 18:00:00,1.09910,20/05/2022 16:00:00,1.09510,@EC,-1,1,500.00,662.5000,-168.7500,
24/05/2022 02:00:00,1.10685,25/05/2022,1.11115,@EC,-1,1,-537.50,12.5000,-1056.2500,
01/06/2022 18:00:00,1.10500,02/06/2022 16:00:00,1.11390,@EC,-1,1,-1112.50,68.7500,-1237.5000,
07/06/2022 02:00:00,1.10800,08/06/2022,1.10885,@EC,-1,1,-106.25,368.7500,-400.0000,
08/06/2022 18:00:00,1.11170,09/06/2022 16:00:00,1.10230,@EC,-1,1,1175.00,1268.7500,-681.2500,
09/06/2022 18:00:00,1.10145,10/06/2022 16:00:00,1.09205,@EC,-1,1,1175.00,1406.2500,-306.2500,
21/06/2022 18:00:00,1.09370,22/06/2022 16:00:00,1.09685,@EC,-1,1,-393.75,843.7500,-887.5000,
22/06/2022 18:00:00,1.09660,23/06/2022 16:00:00,1.09195,@EC,-1,1,581.25,1062.5000,-187.5000,
28/06/2022 18:00:00,1.09170,29/06/2022 16:00:00,1.08365,@EC,-1,1,1006.25,1018.7500,-175.0000,
30/06/2022 18:00:00,1.08710,01/07/2022 16:00:00,1.08160,@EC,-1,1,687.50,1443.7500,-75.0000,
19/07/2022 02:00:00,1.05090,20/07/2022,1.06210,@EC,-1,1,-1400.00,12.5000,-1768.7500,
20/07/2022 02:00:00,1.06230,21/07/2022,1.05875,@EC,-1,1,443.75,1100.0000,-368.7500,
26/07/2022 18:00:00,1.04915,27/07/2022 16:00:00,1.05740,@EC,-1,1,-1031.25,275.0000,-1168.7500,
04/08/2022 18:00:00,1.06120,05/08/2022 16:00:00,1.05405,@EC,-1,1,893.75,1331.2500,-50.0000,
16/08/2022 02:00:00,1.05170,17/08/2022,1.05305,@EC,-1,1,-168.75,468.7500,-443.7500,
06/09/2022 18:00:00,1.02460,07/09/2022 16:00:00,1.03245,@EC,-1,1,-981.25,356.2500,-1237.5000,
07/09/2022 18:00:00,1.03490,08/09/2022 16:00:00,1.03305,@EC,-1,1,231.25,987.5000,-450.0000,
13/09/2022 02:00:00,1.04685,14/09/2022,1.03280,@EC,-1,1,1756.25,2137.5000,-718.7500,
20/09/2022 18:00:00,1.03115,21/09/2022 16:00:00,1.02415,@EC,-1,1,875.00,2031.2500,-6.2500,
21/09/2022 18:00:00,1.01750,22/09/2022 16:00:00,1.01630,@EC,-1,1,150.00,437.5000,-825.0000,
28/09/2022 18:00:00,1.00635,29/09/2022 08:00:00,1.00635,@EC,-1,1,0.00,1275.0000,-18.7500,
29/09/2022 10:00:00,1.00145,30/09/2022 08:00:00,1.00875,@EC,-1,1,-912.50,43.7500,-2068.7500,
11/10/2022 18:00:00,1.00215,12/10/2022 16:00:00,1.00175,@EC,-1,1,50.00,425.0000,-418.7500,
13/10/2022 18:00:00,1.00975,14/10/2022 16:00:00,1.00420,@EC,-1,1,693.75,906.2500,-368.7500,
19/10/2022 18:00:00,1.00880,20/10/2022 16:00:00,1.00975,@EC,-1,1,-118.75,256.2500,-893.7500,
02/11/2022 18:00:00,1.01175,03/11/2022 16:00:00,1.00560,@EC,-1,1,768.75,1068.7500,-318.7500,
10/11/2022 18:00:00,1.04985,11/11/2022 16:00:00,1.06615,@EC,-1,1,-2037.50,468.7500,-2056.2500,
22/11/2022 02:00:00,1.05440,23/11/2022,1.06060,@EC,-1,1,-775.00,87.5000,-900.0000,
23/11/2022 18:00:00,1.06865,24/11/2022 16:00:00,1.07020,@EC,-1,1,-193.75,206.2500,-637.5000,
30/11/2022 18:00:00,1.06925,01/12/2022 16:00:00,1.08030,@EC,-1,1,-1381.25,193.7500,-1593.7500,
01/12/2022 18:00:00,1.08085,02/12/2022 16:00:00,1.08200,@EC,-1,1,-143.75,1218.7500,-250.0000,
20/12/2022 02:00:00,1.08585,21/12/2022,1.08875,@EC,-1,1,-362.50,50.0000,-906.2500,
22/12/2022 18:00:00,1.08705,23/12/2022 16:00:00,1.08875,@EC,-1,1,-212.50,212.5000,-362.5000,
27/12/2022 18:00:00,1.09040,28/12/2022 16:00:00,1.08800,@EC,-1,1,300.00,368.7500,-425.0000,
28/12/2022 18:00:00,1.08755,29/12/2022 16:00:00,1.09365,@EC,-1,1,-762.50,75.0000,-931.2500,
29/12/2022 18:00:00,1.09165,30/12/2022 16:00:00,1.09585,@EC,-1,1,-525.00,256.2500,-687.5000,
11/01/2023 18:00:00,1.10075,12/01/2023 16:00:00,1.10965,@EC,-1,1,-1112.50,562.5000,-1356.2500,
12/01/2023 18:00:00,1.10965,13/01/2023 16:00:00,1.10765,@EC,-1,1,250.00,868.7500,-231.2500,
18/01/2023 18:00:00,1.10350,19/01/2023 16:00:00,1.10725,@EC,-1,1,-468.75,143.7500,-562.5000,
24/01/2023 02:00:00,1.11180,25/01/2023,1.11360,@EC,-1,1,-225.00,543.7500,-281.2500,
01/02/2023 18:00:00,1.12225,02/02/2023 16:00:00,1.11375,@EC,-1,1,1062.50,1337.5000,-512.5000,
07/02/2023 18:00:00,1.09545,08/02/2023 16:00:00,1.09495,@EC,-1,1,62.50,181.2500,-406.2500,
22/02/2023 18:00:00,1.08210,23/02/2023 16:00:00,1.08100,@EC,-1,1,137.50,368.7500,-268.7500,
01/03/2023 18:00:00,1.08820,02/03/2023 16:00:00,1.08010,@EC,-1,1,1012.50,1193.7500,-18.7500,
15/03/2023 18:00:00,1.07820,16/03/2023 16:00:00,1.08120,@EC,-1,1,-375.00,356.2500,-681.2500,
21/03/2023 02:00:00,1.09105,22/03/2023,1.09645,@EC,-1,1,-675.00,100.0000,-937.5000,
22/03/2023 18:00:00,1.10575,23/03/2023 16:00:00,1.10365,@EC,-1,1,262.50,437.5000,-837.5000,
11/04/2023 02:00:00,1.10660,12/04/2023,1.11025,@EC,-1,1,-456.25,18.7500,-575.0000,
19/04/2023 18:00:00,1.11350,20/04/2023 16:00:00,1.11410,@EC,-1,1,-75.00,318.7500,-393.7500,
26/04/2023 18:00:00,1.12170,27/04/2023 16:00:00,1.11990,@EC,-1,1,225.00,662.5000,-231.2500,
03/05/2023 18:00:00,1.12345,04/05/2023 16:00:00,1.11850,@EC,-1,1,618.75,987.5000,-325.0000,
04/05/2023 18:00:00,1.11815,05/05/2023 16:00:00,1.11950,@EC,-1,1,-168.75,575.0000,-443.7500,
16/05/2023 18:00:00,1.10245,17/05/2023 16:00:00,1.09995,@EC,-1,1,312.50,656.2500,-131.2500,
18/05/2023 18:00:00,1.09295,19/05/2023 16:00:00,1.09675,@EC,-1,1,-475.00,131.2500,-737.5000,
23/05/2023 18:00:00,1.09295,24/05/2023 16:00:00,1.09080,@EC,-1,1,268.75,306.2500,-362.5000,
30/05/2023 18:00:00,1.08900,31/05/2023 16:00:00,1.08265,@EC,-1,1,793.75,1275.0000,0.0000,
31/05/2023 18:00:00,1.08415,01/06/2023 16:00:00,1.09125,@EC,-1,1,-887.50,362.5000,-975.0000,
06/06/2023 18:00:00,1.08420,07/06/2023 16:00:00,1.08500,@EC,-1,1,-100.00,318.7500,-575.0000,
07/06/2023 18:00:00,1.08465,08/06/2023 16:00:00,1.09255,@EC,-1,1,-987.50,37.5000,-1087.5000,
08/06/2023 18:00:00,1.09290,09/06/2023 16:00:00,1.08955,@EC,-1,1,418.75,493.7500,-31.2500,
15/06/2023 18:00:00,1.10850,16/06/2023 16:00:00,1.10835,@EC,-1,1,18.75,337.5000,-318.7500,
20/06/2023 18:00:00,1.10560,21/06/2023 16:00:00,1.11230,@EC,-1,1,-837.50,150.0000,-900.0000,
27/06/2023 18:00:00,1.10950,28/06/2023 16:00:00,1.10560,@EC,-1,1,487.50,818.7500,-12.5000,
06/07/2023 18:00:00,1.10170,07/07/2023 16:00:00,1.10940,@EC,-1,1,-962.50,287.5000,-1043.7500,
18/07/2023 02:00:00,1.13745,19/07/2023,1.13440,@EC,-1,1,381.25,537.5000,-300.0000,
25/07/2023 02:00:00,1.11880,26/07/2023,1.11630,@EC,-1,1,312.50,612.5000,-212.5000,
26/07/2023 18:00:00,1.12040,27/07/2023 16:00:00,1.10885,@EC,-1,1,1443.75,1462.5000,-762.5000,
27/07/2023 18:00:00,1.10940,28/07/2023 16:00:00,1.11385,@EC,-1,1,-556.25,450.0000,-856.2500,
02/08/2023 18:00:00,1.10505,03/08/2023 16:00:00,1.10545,@EC,-1,1,-50.00,343.7500,-293.7500,
10/08/2023 18:00:00,1.10900,11/08/2023 16:00:00,1.10575,@EC,-1,1,406.25,506.2500,-281.2500,
15/08/2023 02:00:00,1.10150,16/08/2023,1.10095,@EC,-1,1,68.75,162.5000,-543.7500,
17/08/2023 18:00:00,1.09760,18/08/2023 16:00:00,1.09805,@EC,-1,1,-56.25,356.2500,-262.5000,
22/08/2023 18:00:00,1.09455,23/08/2023 16:00:00,1.09605,@EC,-1,1,-187.50,525.0000,-343.7500,
29/08/2023 18:00:00,1.09765,30/08/2023 16:00:00,1.10215,@EC,-1,1,-562.50,300.0000,-837.5000,
31/08/2023 18:00:00,1.09385,01/09/2023 16:00:00,1.08740,@EC,-1,1,806.25,850.0000,-487.5000,
12/09/2023 02:00:00,1.08300,13/09/2023,1.08370,@EC,-1,1,-87.50,418.7500,-325.0000,
13/09/2023 02:00:00,1.08430,14/09/2023,1.08290,@EC,-1,1,175.00,525.0000,-118.7500,
26/09/2023 02:00:00,1.06735,27/09/2023,1.06445,@EC,-1,1,362.50,468.7500,-212.5000,
28/09/2023 18:00:00,1.06430,29/09/2023 16:00:00,1.06555,@EC,-1,1,-156.25,87.5000,-656.2500,
18/10/2023 18:00:00,1.06055,19/10/2023 16:00:00,1.06490,@EC,-1,1,-543.75,118.7500,-987.5000,
24/10/2023 18:00:00,1.06570,25/10/2023 16:00:00,1.06330,@EC,-1,1,300.00,318.7500,-200.0000,
26/10/2023 18:00:00,1.06265,27/10/2023 16:00:00,1.06325,@EC,-1,1,-75.00,331.2500,-437.5000,
31/10/2023 02:00:00,1.06575,01/11/2023,1.06335,@EC,-1,1,300.00,456.2500,-1018.7500,
07/11/2023 18:00:00,1.07590,08/11/2023 16:00:00,1.07625,@EC,-1,1,-43.75,493.7500,-218.7500,
14/11/2023 18:00:00,1.09350,15/11/2023 16:00:00,1.09040,@EC,-1,1,387.50,575.0000,-112.5000,
16/11/2023 18:00:00,1.09090,17/11/2023 16:00:00,1.09555,@EC,-1,1,-581.25,356.2500,-637.5000,
21/11/2023 18:00:00,1.09650,22/11/2023 16:00:00,1.09385,@EC,-1,1,331.25,725.0000,-156.2500,
22/11/2023 18:00:00,1.09415,23/11/2023 16:00:00,1.09575,@EC,-1,1,-200.00,75.0000,-531.2500,
28/11/2023 18:00:00,1.10450,29/11/2023 16:00:00,1.10350,@EC,-1,1,125.00,418.7500,-287.5000,
30/11/2023 18:00:00,1.09400,01/12/2023 16:00:00,1.09220,@EC,-1,1,225.00,775.0000,-281.2500,
05/12/2023 02:00:00,1.08960,06/12/2023,1.08445,@EC,-1,1,643.75,862.5000,0.0000,
07/12/2023 18:00:00,1.08415,08/12/2023 16:00:00,1.08050,@EC,-1,1,456.25,893.7500,-62.5000,
12/12/2023 18:00:00,1.08400,13/12/2023 16:00:00,1.09335,@EC,-1,1,-1168.75,275.0000,-1206.2500,
14/12/2023 18:00:00,1.10380,15/12/2023 16:00:00,1.09425,@EC,-1,1,1193.75,1331.2500,-118.7500,
19/12/2023 18:00:00,1.10240,20/12/2023 16:00:00,1.09865,@EC,-1,1,468.75,612.5000,-12.5000,
27/12/2023 18:00:00,1.11415,28/12/2023 16:00:00,1.11000,@EC,-1,1,518.75,637.5000,-412.5000,
02/01/2024 18:00:00,1.09745,03/01/2024 16:00:00,1.09510,@EC,-1,1,293.75,606.2500,-300.0000,
11/01/2024 18:00:00,1.10000,12/01/2024 16:00:00,1.09850,@EC,-1,1,187.50,443.7500,-193.7500,
16/01/2024 18:00:00,1.09020,17/01/2024 16:00:00,1.09010,@EC,-1,1,12.50,387.5000,-118.7500,
25/01/2024 18:00:00,1.08685,26/01/2024 16:00:00,1.08805,@EC,-1,1,-150.00,425.0000,-506.2500,
31/01/2024 18:00:00,1.08355,01/02/2024 16:00:00,1.08915,@EC,-1,1,-700.00,456.2500,-750.0000,
08/02/2024 18:00:00,1.07940,09/02/2024 16:00:00,1.07980,@EC,-1,1,-50.00,206.2500,-218.7500,
13/02/2024 02:00:00,1.07815,14/02/2024,1.07265,@EC,-1,1,687.50,837.5000,-606.2500,
14/02/2024 02:00:00,1.07275,15/02/2024,1.07380,@EC,-1,1,-131.25,231.2500,-262.5000,
22/02/2024 18:00:00,1.08320,23/02/2024 16:00:00,1.08330,@EC,-1,1,-12.50,131.2500,-212.5000,
