15/10/2010 16:00:00,1.57405,20/10/2010 16:00:00,1.55245,@EC,-1,1,2700.00,3062.5000,-600.0000,
22/10/2010 16:00:00,1.56545,27/10/2010 16:00:00,1.56435,@EC,-1,1,137.50,562.5000,-2625.0000,
28/10/2010 16:00:00,1.56635,04/11/2010 16:00:00,1.59145,@EC,1,1,3137.50,4125.0000,-887.5000,
05/11/2010 16:00:00,1.58875,10/11/2010 16:00:00,1.55505,@EC,-1,1,4212.50,4375.0000,-312.5000,
12/11/2010 16:00:00,1.54245,17/11/2010 16:00:00,1.52775,@EC,-1,1,1837.50,2350.0000,-1775.0000,
18/11/2010 16:00:00,1.53565,23/11/2010 16:00:00,1.53565,@EC,1,1,0.00,2762.5000,-262.5000,
26/11/2010 16:00:00,1.50775,01/12/2010 16:00:00,1.47775,@EC,-1,1,3750.00,3962.5000,-212.5000,
09/12/2010 16:00:00,1.50775,15/12/2010 16:00:00,1.50775,@EC,1,1,0.00,2762.5000,-1437.5000,
17/12/2010 16:00:00,1.50685,27/12/2010 16:00:00,1.49145,@EC,1,1,-1925.00,1187.5000,-2662.5000,
29/12/2010 16:00:00,1.48965,31/12/2010 16:00:00,1.51525,@EC,-1,1,-3200.00,137.5000,-2775.0000,
03/01/2011 16:00:00,1.50895,06/01/2011 16:00:00,1.49555,@EC,-1,1,1675.00,2037.5000,-1837.5000,
11/01/2011 16:00:00,1.47665,18/01/2011 16:00:00,1.50795,@EC,1,1,3912.50,6150.0000,-787.5000,
27/01/2011 16:00:00,1.54375,01/02/2011 16:00:00,1.54885,@EC,-1,1,-637.50,850.0000,-1512.5000,
03/02/2011 16:00:00,1.55655,08/02/2011 16:00:00,1.53805,@EC,-1,1,2312.50,3225.0000,-87.5000,
10/02/2011 16:00:00,1.54095,15/02/2011 16:00:00,1.52935,@EC,-1,1,1450.00,2250.0000,-375.0000,
22/02/2011 16:00:00,1.54495,25/02/2011 16:00:00,1.56045,@EC,-1,1,-1937.50,1512.5000,-2187.5000,
28/02/2011 16:00:00,1.55265,03/03/2011 16:00:00,1.56685,@EC,-1,1,-1775.00,137.5000,-2112.5000,
08/03/2011 16:00:00,1.57565,11/03/2011 16:00:00,1.56065,@EC,-1,1,1875.00,2225.0000,-25.0000,
15/03/2011 16:00:00,1.57085,18/03/2011 16:00:00,1.58215,@EC,-1,1,-1412.50,625.0000,-1875.0000,
23/03/2011 16:00:00,1.59815,28/03/2011 16:00:00,1.58515,@EC,-1,1,1625.00,1625.0000,-537.5000,
29/03/2011 16:00:00,1.59195,05/04/2011 16:00:00,1.60225,@EC,1,1,1287.50,1900.0000,-887.5000,
12/04/2011 16:00:00,1.62225,15/04/2011 16:00:00,1.62905,@EC,-1,1,-850.00,687.5000,-1250.0000,
18/04/2011 16:00:00,1.61925,20/04/2011 16:00:00,1.61925,@EC,-1,1,0.00,2912.5000,0.0000,
26/04/2011 16:00:00,1.63305,27/04/2011 16:00:00,1.65865,@EC,-1,1,-3200.00,400.0000,-3175.0000,
02/05/2011 16:00:00,1.66035,05/05/2011 16:00:00,1.66355,@EC,-1,1,-400.00,537.5000,-1800.0000,
06/05/2011 16:00:00,1.63185,11/05/2011 16:00:00,1.62215,@EC,-1,1,1212.50,3175.0000,-812.5000,
12/05/2011 16:00:00,1.59835,17/05/2011 16:00:00,1.59735,@EC,-1,1,125.00,1537.5000,-2112.5000,
20/05/2011 16:00:00,1.60205,25/05/2011 16:00:00,1.59145,@EC,-1,1,1325.00,2937.5000,-350.0000,
09/06/2011 16:00:00,1.63815,14/06/2011 16:00:00,1.62345,@EC,-1,1,1837.50,3012.5000,-100.0000,
15/06/2011 16:00:00,1.61995,20/06/2011 16:00:00,1.60975,@EC,-1,1,1275.00,3750.0000,-162.5000,
23/06/2011 16:00:00,1.61635,28/06/2011 16:00:00,1.61195,@EC,-1,1,550.00,2912.5000,-12.5000,
05/07/2011 16:00:00,1.63245,08/07/2011 16:00:00,1.61905,@EC,-1,1,1675.00,3412.5000,-125.0000,
11/07/2011 16:00:00,1.60365,14/07/2011 16:00:00,1.60495,@EC,-1,1,-162.50,4562.5000,-287.5000,
15/07/2011 16:00:00,1.59475,20/07/2011 16:00:00,1.59885,@EC,-1,1,-512.50,1237.5000,-1325.0000,
26/07/2011 16:00:00,1.62445,02/08/2011 16:00:00,1.60985,@EC,1,1,-1825.00,1625.0000,-2687.5000,
03/08/2011 16:00:00,1.61455,10/08/2011 16:00:00,1.62455,@EC,1,1,1250.00,1350.0000,-3050.0000,
11/08/2011 16:00:00,1.60145,15/08/2011 16:00:00,1.62705,@EC,-1,1,-3200.00,700.0000,-3112.5000,
17/08/2011 16:00:00,1.62085,22/08/2011 16:00:00,1.62325,@EC,-1,1,-300.00,1187.5000,-2050.0000,
25/08/2011 16:00:00,1.62345,30/08/2011 16:00:00,1.63705,@EC,-1,1,-1700.00,650.0000,-2237.5000,
31/08/2011 16:00:00,1.62405,05/09/2011 16:00:00,1.60225,@EC,-1,1,2725.00,2725.0000,-25.0000,
08/09/2011 16:00:00,1.58515,13/09/2011 16:00:00,1.55205,@EC,-1,1,4137.50,6137.5000,-375.0000,
19/09/2011 16:00:00,1.55325,22/09/2011 16:00:00,1.54375,@EC,-1,1,1187.50,1475.0000,-1487.5000,
29/09/2011 16:00:00,1.53835,04/10/2011 16:00:00,1.50435,@EC,-1,1,4250.00,4525.0000,-1900.0000,
06/10/2011 16:00:00,1.51165,07/10/2011 16:00:00,1.53725,@EC,-1,1,-3200.00,262.5000,-3187.5000,
18/10/2011 16:00:00,1.55775,21/10/2011 16:00:00,1.56285,@EC,-1,1,-637.50,900.0000,-1812.5000,
26/10/2011 16:00:00,1.57025,27/10/2011 16:00:00,1.59585,@EC,-1,1,-3200.00,625.0000,-3150.0000,
31/10/2011 16:00:00,1.59865,03/11/2011 16:00:00,1.56015,@EC,-1,1,4812.50,6525.0000,-12.5000,
07/11/2011 16:00:00,1.55685,10/11/2011 16:00:00,1.53875,@EC,-1,1,2262.50,2337.5000,-1862.5000,
11/11/2011 16:00:00,1.55135,18/11/2011 16:00:00,1.53265,@EC,1,1,-2337.50,1775.0000,-2912.5000,
21/11/2011 16:00:00,1.53075,24/11/2011 16:00:00,1.52065,@EC,-1,1,1262.50,1600.0000,-1525.0000,
30/11/2011 16:00:00,1.51465,02/12/2011 16:00:00,1.54025,@EC,-1,1,-3200.00,325.0000,-3150.0000,
06/12/2011 16:00:00,1.52335,09/12/2011 16:00:00,1.52105,@EC,-1,1,287.50,1062.5000,-1100.0000,
12/12/2011 16:00:00,1.51415,15/12/2011 16:00:00,1.48495,@EC,-1,1,3650.00,4087.5000,-37.5000,
19/12/2011 16:00:00,1.48555,22/12/2011 16:00:00,1.49075,@EC,-1,1,-650.00,162.5000,-2725.0000,
28/12/2011 16:00:00,1.49215,03/01/2012 16:00:00,1.48965,@EC,-1,1,312.50,2537.5000,-287.5000,
04/01/2012 16:00:00,1.48695,09/01/2012 16:00:00,1.45495,@EC,-1,1,4000.00,4000.0000,-62.5000,
11/01/2012 16:00:00,1.45965,16/01/2012 16:00:00,1.44915,@EC,-1,1,1312.50,1500.0000,-1712.5000,
17/01/2012 16:00:00,1.45415,24/01/2012 16:00:00,1.48665,@EC,1,1,4062.50,4550.0000,0.0000,
25/01/2012 16:00:00,1.48055,27/01/2012 16:00:00,1.50615,@EC,-1,1,-3200.00,287.5000,-3175.0000,
30/01/2012 16:00:00,1.49275,02/02/2012 16:00:00,1.50185,@EC,-1,1,-1137.50,637.5000,-1787.5000,
03/02/2012 16:00:00,1.49355,08/02/2012 16:00:00,1.51095,@EC,-1,1,-2175.00,725.0000,-2425.0000,
09/02/2012 16:00:00,1.50715,14/02/2012 16:00:00,1.50245,@EC,-1,1,587.50,812.5000,-1287.5000,
16/02/2012 16:00:00,1.48945,21/02/2012 16:00:00,1.50865,@EC,-1,1,-2400.00,875.0000,-2925.0000,
29/02/2012 16:00:00,1.52395,05/03/2012 16:00:00,1.50495,@EC,-1,1,2375.00,2525.0000,-300.0000,
07/03/2012 16:00:00,1.49535,12/03/2012 16:00:00,1.49635,@EC,-1,1,-125.00,100.0000,-2350.0000,
13/03/2012 16:00:00,1.50065,20/03/2012 16:00:00,1.50835,@EC,1,1,962.50,1312.5000,-1975.0000,
22/03/2012 16:00:00,1.50245,27/03/2012 16:00:00,1.51995,@EC,-1,1,-2187.50,562.5000,-2362.5000,
28/03/2012 16:00:00,1.51585,02/04/2012 16:00:00,1.52045,@EC,-1,1,-575.00,775.0000,-800.0000,
03/04/2012 16:00:00,1.51225,06/04/2012 16:00:00,1.49085,@EC,-1,1,2675.00,3037.5000,0.0000,
09/04/2012 16:00:00,1.49585,16/04/2012 16:00:00,1.49145,@EC,1,1,-550.00,1237.5000,-750.0000,
18/04/2012 16:00:00,1.49345,23/04/2012 16:00:00,1.50335,@EC,-1,1,-1237.50,425.0000,-1712.5000,
27/04/2012 16:00:00,1.50395,02/05/2012 16:00:00,1.50795,@EC,-1,1,-500.00,500.0000,-1087.5000,
03/05/2012 16:00:00,1.49635,08/05/2012 16:00:00,1.49015,@EC,-1,1,775.00,2087.5000,-737.5000,
09/05/2012 16:00:00,1.48235,14/05/2012 16:00:00,1.47245,@EC,-1,1,1237.50,1237.5000,-200.0000,
18/05/2012 16:00:00,1.45075,23/05/2012 16:00:00,1.45195,@EC,-1,1,-150.00,300.0000,-1975.0000,
29/05/2012 16:00:00,1.43645,01/06/2012 16:00:00,1.42005,@EC,-1,1,2050.00,2350.0000,-625.0000,
08/06/2012 16:00:00,1.43795,13/06/2012 16:00:00,1.43415,@EC,-1,1,475.00,1312.5000,-1537.5000,
18/06/2012 16:00:00,1.44245,21/06/2012 16:00:00,1.45315,@EC,-1,1,-1337.50,437.5000,-1887.5000,
22/06/2012 16:00:00,1.43635,27/06/2012 16:00:00,1.43165,@EC,-1,1,587.50,1125.0000,-662.5000,
28/06/2012 16:00:00,1.42775,03/07/2012 16:00:00,1.44185,@EC,-1,1,-1762.50,475.0000,-3100.0000,
05/07/2012 16:00:00,1.43395,10/07/2012 16:00:00,1.41505,@EC,-1,1,2362.50,3137.5000,-262.5000,
11/07/2012 16:00:00,1.40685,16/07/2012 16:00:00,1.40785,@EC,-1,1,-125.00,937.5000,-500.0000,
20/07/2012 16:00:00,1.40595,25/07/2012 16:00:00,1.38935,@EC,-1,1,2075.00,2325.0000,-162.5000,
30/07/2012 16:00:00,1.40695,02/08/2012 16:00:00,1.40585,@EC,-1,1,137.50,275.0000,-1212.5000,
08/08/2012 16:00:00,1.42035,13/08/2012 16:00:00,1.41145,@EC,-1,1,1112.50,1700.0000,-200.0000,
15/08/2012 16:00:00,1.41425,20/08/2012 16:00:00,1.41645,@EC,-1,1,-275.00,775.0000,-825.0000,
24/08/2012 16:00:00,1.43495,29/08/2012 16:00:00,1.43905,@EC,-1,1,-512.50,750.0000,-662.5000,
30/08/2012 16:00:00,1.43435,04/09/2012 16:00:00,1.44105,@EC,-1,1,-837.50,412.5000,-1487.5000,
05/09/2012 16:00:00,1.43785,07/09/2012 16:00:00,1.46345,@EC,-1,1,-3200.00,662.5000,-3187.5000,
18/09/2012 16:00:00,1.49045,21/09/2012 16:00:00,1.47885,@EC,-1,1,1450.00,2037.5000,-412.5000,
24/09/2012 16:00:00,1.47775,27/09/2012 16:00:00,1.46955,@EC,-1,1,1025.00,1500.0000,-225.0000,
01/10/2012 16:00:00,1.46605,04/10/2012 16:00:00,1.47295,@EC,-1,1,-862.50,450.0000,-1625.0000,
08/10/2012 16:00:00,1.48135,11/10/2012 16:00:00,1.46775,@EC,-1,1,1700.00,1975.0000,-62.5000,
15/10/2012 16:00:00,1.47415,18/10/2012 16:00:00,1.49325,@EC,-1,1,-2387.50,400.0000,-2712.5000,
19/10/2012 16:00:00,1.48735,24/10/2012 16:00:00,1.48065,@EC,-1,1,837.50,1312.5000,-350.0000,
25/10/2012 16:00:00,1.48145,01/11/2012 16:00:00,1.47725,@EC,1,1,-525.00,325.0000,-1450.0000,
02/11/2012 16:00:00,1.47415,07/11/2012 16:00:00,1.46285,@EC,-1,1,1412.50,2037.5000,0.0000,
08/11/2012 16:00:00,1.45525,13/11/2012 16:00:00,1.45235,@EC,-1,1,362.50,600.0000,-662.5000,
16/11/2012 16:00:00,1.45325,21/11/2012 16:00:00,1.46295,@EC,-1,1,-1212.50,350.0000,-1387.5000,
27/11/2012 16:00:00,1.47575,30/11/2012 16:00:00,1.47905,@EC,-1,1,-412.50,812.5000,-887.5000,
06/12/2012 16:00:00,1.48725,11/12/2012 16:00:00,1.47525,@EC,-1,1,1500.00,2300.0000,-337.5000,
20/12/2012 16:00:00,1.50165,26/12/2012 16:00:00,1.50185,@EC,-1,1,-25.00,600.0000,-1125.0000,
28/12/2012 16:00:00,1.50115,03/01/2013 16:00:00,1.49935,@EC,-1,1,225.00,637.5000,-950.0000,
07/01/2013 16:00:00,1.48985,14/01/2013 16:00:00,1.51735,@EC,1,1,3437.50,3437.5000,-700.0000,
15/01/2013 16:00:00,1.51405,18/01/2013 16:00:00,1.51785,@EC,-1,1,-475.00,1000.0000,-662.5000,
22/01/2013 16:00:00,1.51365,29/01/2013 16:00:00,1.52495,@EC,1,1,1412.50,1837.5000,-862.5000,
04/02/2013 16:00:00,1.53855,07/02/2013 16:00:00,1.53215,@EC,-1,1,800.00,1562.5000,-187.5000,
14/02/2013 16:00:00,1.52275,19/02/2013 16:00:00,1.51555,@EC,-1,1,900.00,1512.5000,0.0000,
20/02/2013 16:00:00,1.51285,25/02/2013 16:00:00,1.49935,@EC,-1,1,1687.50,2287.5000,0.0000,
26/02/2013 16:00:00,1.48485,01/03/2013 16:00:00,1.48665,@EC,-1,1,-225.00,375.0000,-1425.0000,
05/03/2013 16:00:00,1.48315,12/03/2013 16:00:00,1.48365,@EC,1,1,62.50,1275.0000,-975.0000,
13/03/2013 16:00:00,1.47845,18/03/2013 16:00:00,1.47195,@EC,-1,1,812.50,1025.0000,-1437.5000,
25/03/2013 16:00:00,1.46815,28/03/2013 16:00:00,1.45705,@EC,-1,1,1387.50,1737.5000,-75.0000,
01/04/2013 16:00:00,1.46365,08/04/2013 16:00:00,1.47835,@EC,1,1,1837.50,2437.5000,-1262.5000,
11/04/2013 16:00:00,1.48425,16/04/2013 16:00:00,1.48335,@EC,-1,1,112.50,387.5000,-1087.5000,
17/04/2013 16:00:00,1.48155,22/04/2013 16:00:00,1.48575,@EC,-1,1,-525.00,312.5000,-1300.0000,
23/04/2013 16:00:00,1.48035,26/04/2013 16:00:00,1.47995,@EC,-1,1,50.00,750.0000,-987.5000,
02/05/2013 16:00:00,1.49495,07/05/2013 16:00:00,1.48625,@EC,-1,1,1087.50,1625.0000,-712.5000,
09/05/2013 16:00:00,1.48595,14/05/2013 16:00:00,1.47675,@EC,-1,1,1150.00,1712.5000,0.0000,
15/05/2013 16:00:00,1.46955,20/05/2013 16:00:00,1.46325,@EC,-1,1,787.50,1412.5000,-262.5000,
22/05/2013 16:00:00,1.46275,27/05/2013 16:00:00,1.47225,@EC,-1,1,-1187.50,250.0000,-1900.0000,
28/05/2013 16:00:00,1.47015,31/05/2013 16:00:00,1.48315,@EC,-1,1,-1625.00,975.0000,-1825.0000,
10/06/2013 16:00:00,1.49755,13/06/2013 16:00:00,1.51305,@EC,-1,1,-1937.50,100.0000,-2187.5000,
19/06/2013 16:00:00,1.51155,24/06/2013 16:00:00,1.48965,@EC,-1,1,2737.50,2850.0000,-162.5000,
25/06/2013 16:00:00,1.49335,02/07/2013 16:00:00,1.48505,@EC,1,1,-1037.50,75.0000,-2025.0000,
03/07/2013 16:00:00,1.47505,08/07/2013 16:00:00,1.46105,@EC,-1,1,1750.00,1987.5000,-875.0000,
09/07/2013 16:00:00,1.46695,16/07/2013 16:00:00,1.48515,@EC,1,1,2275.00,4075.0000,-1637.5000,
18/07/2013 16:00:00,1.48695,23/07/2013 16:00:00,1.49695,@EC,-1,1,-1250.00,212.5000,-1700.0000,
25/07/2013 16:00:00,1.49625,30/07/2013 16:00:00,1.50485,@EC,-1,1,-1075.00,137.5000,-1512.5000,
31/07/2013 16:00:00,1.50195,05/08/2013 16:00:00,1.50695,@EC,-1,1,-625.00,612.5000,-1387.5000,
12/08/2013 16:00:00,1.51175,15/08/2013 16:00:00,1.50435,@EC,-1,1,925.00,1237.5000,-150.0000,
22/08/2013 16:00:00,1.51195,27/08/2013 16:00:00,1.51545,@EC,-1,1,-437.50,462.5000,-950.0000,
28/08/2013 16:00:00,1.51065,02/09/2013 16:00:00,1.49955,@EC,-1,1,1387.50,1875.0000,-287.5000,
05/09/2013 16:00:00,1.49405,10/09/2013 16:00:00,1.50375,@EC,-1,1,-1212.50,650.0000,-1525.0000,
13/09/2013 16:00:00,1.50375,18/09/2013 16:00:00,1.51395,@EC,-1,1,-1275.00,37.5000,-1637.5000,
20/09/2013 16:00:00,1.52825,25/09/2013 16:00:00,1.52515,@EC,-1,1,387.50,475.0000,-537.5000,
02/10/2013 16:00:00,1.52965,07/10/2013 16:00:00,1.53405,@EC,-1,1,-550.00,150.0000,-1625.0000,
08/10/2013 16:00:00,1.53715,15/10/2013 16:00:00,1.53395,@EC,1,1,-400.00,212.5000,-1325.0000,
16/10/2013 16:00:00,1.52595,21/10/2013 16:00:00,1.54635,@EC,-1,1,-2550.00,87.5000,-2812.5000,
28/10/2013 16:00:00,1.55535,31/10/2013 16:00:00,1.55165,@EC,-1,1,462.50,987.5000,-487.5000,
07/11/2013 16:00:00,1.52465,12/11/2013 16:00:00,1.51835,@EC,-1,1,787.50,2187.5000,0.0000,
20/11/2013 16:00:00,1.52655,25/11/2013 16:00:00,1.53315,@EC,-1,1,-825.00,1100.0000,-900.0000,
02/12/2013 16:00:00,1.53595,05/12/2013 16:00:00,1.53685,@EC,-1,1,-112.50,725.0000,-425.0000,
12/12/2013 16:00:00,1.55195,17/12/2013 16:00:00,1.55365,@EC,-1,1,-212.50,400.0000,-712.5000,
18/12/2013 16:00:00,1.55005,23/12/2013 16:00:00,1.54495,@EC,-1,1,637.50,1200.0000,-1125.0000,
24/12/2013 16:00:00,1.54495,27/12/2013 16:00:00,1.55295,@EC,-1,1,-1000.00,200.0000,-962.5000,
02/01/2014 16:00:00,1.55055,07/01/2014 16:00:00,1.54135,@EC,-1,1,1150.00,1937.5000,-12.5000,
08/01/2014 16:00:00,1.53755,13/01/2014 16:00:00,1.54455,@EC,-1,1,-875.00,612.5000,-1137.5000,
15/01/2014 16:00:00,1.54285,20/01/2014 16:00:00,1.53095,@EC,-1,1,1487.50,1675.0000,-50.0000,
21/01/2014 16:00:00,1.53465,28/01/2014 16:00:00,1.54535,@EC,1,1,1337.50,2162.5000,-475.0000,
29/01/2014 16:00:00,1.54075,03/02/2014 16:00:00,1.52675,@EC,-1,1,1750.00,1862.5000,-600.0000,
04/02/2014 16:00:00,1.53155,11/02/2014 16:00:00,1.54235,@EC,1,1,1350.00,1437.5000,-687.5000,
12/02/2014 16:00:00,1.54085,17/02/2014 16:00:00,1.54815,@EC,-1,1,-912.50,837.5000,-1087.5000,
20/02/2014 16:00:00,1.55045,25/02/2014 16:00:00,1.55145,@EC,-1,1,-125.00,562.5000,-600.0000,
26/02/2014 16:00:00,1.54945,03/03/2014 16:00:00,1.55655,@EC,-1,1,-887.50,900.0000,-1387.5000,
04/03/2014 16:00:00,1.55055,07/03/2014 16:00:00,1.56395,@EC,-1,1,-1675.00,237.5000,-1837.5000,
11/03/2014 16:00:00,1.56425,14/03/2014 16:00:00,1.56525,@EC,-1,1,-125.00,350.0000,-1325.0000,
18/03/2014 16:00:00,1.56605,21/03/2014 16:00:00,1.55625,@EC,-1,1,1225.00,1637.5000,-700.0000,
24/03/2014 16:00:00,1.55915,31/03/2014 16:00:00,1.55335,@EC,1,1,-725.00,825.0000,-1337.5000,
02/04/2014 16:00:00,1.55505,07/04/2014 16:00:00,1.54805,@EC,-1,1,875.00,1237.5000,-500.0000,
14/04/2014 16:00:00,1.56385,17/04/2014 16:00:00,1.55965,@EC,-1,1,525.00,862.5000,-75.0000,
21/04/2014 16:00:00,1.55915,24/04/2014 16:00:00,1.55965,@EC,-1,1,-62.50,337.5000,-562.5000,
28/04/2014 16:00:00,1.56075,01/05/2014 16:00:00,1.56475,@EC,-1,1,-500.00,712.5000,-662.5000,
02/05/2014 16:00:00,1.56445,06/05/2014 16:00:00,1.57285,@EC,-1,1,-1050.00,712.5000,-1025.0000,
08/05/2014 16:00:00,1.56905,13/05/2014 16:00:00,1.55395,@EC,-1,1,1887.50,2062.5000,-1062.5000,
15/05/2014 16:00:00,1.55125,22/05/2014 16:00:00,1.54675,@EC,1,1,-562.50,50.0000,-1225.0000,
27/05/2014 16:00:00,1.54365,03/06/2014 16:00:00,1.53795,@EC,1,1,-712.50,175.0000,-850.0000,
05/06/2014 16:00:00,1.53785,10/06/2014 16:00:00,1.53755,@EC,-1,1,37.50,1175.0000,-1012.5000,
12/06/2014 16:00:00,1.53395,19/06/2014 16:00:00,1.53715,@EC,1,1,400.00,612.5000,-525.0000,
20/06/2014 16:00:00,1.53695,25/06/2014 16:00:00,1.53885,@EC,-1,1,-237.50,275.0000,-537.5000,
26/06/2014 16:00:00,1.53845,01/07/2014 16:00:00,1.54775,@EC,-1,1,-1162.50,312.5000,-1225.0000,
02/07/2014 16:00:00,1.54595,07/07/2014 16:00:00,1.53795,@EC,-1,1,1000.00,1125.0000,-75.0000,
10/07/2014 16:00:00,1.53865,15/07/2014 16:00:00,1.54035,@EC,-1,1,-212.50,175.0000,-475.0000,
16/07/2014 16:00:00,1.53445,21/07/2014 16:00:00,1.53115,@EC,-1,1,412.50,887.5000,-100.0000,
22/07/2014 16:00:00,1.52955,25/07/2014 16:00:00,1.52455,@EC,-1,1,625.00,950.0000,0.0000,
29/07/2014 16:00:00,1.52265,05/08/2014 16:00:00,1.52045,@EC,1,1,-275.00,12.5000,-962.5000,
07/08/2014 16:00:00,1.51705,14/08/2014 16:00:00,1.51455,@EC,1,1,-312.50,562.5000,-650.0000,
18/08/2014 16:00:00,1.51405,21/08/2014 16:00:00,1.50385,@EC,-1,1,1275.00,1287.5000,-100.0000,
22/08/2014 16:00:00,1.50705,26/08/2014 16:00:00,1.49625,@EC,1,1,-1350.00,100.0000,-1312.5000,
27/08/2014 16:00:00,1.49465,01/09/2014 16:00:00,1.49105,@EC,-1,1,450.00,450.0000,-700.0000,
04/09/2014 16:00:00,1.49035,09/09/2014 16:00:00,1.46795,@EC,-1,1,2800.00,3012.5000,-212.5000,
15/09/2014 16:00:00,1.46875,18/09/2014 16:00:00,1.46285,@EC,-1,1,737.50,737.5000,-1100.0000,
22/09/2014 16:00:00,1.46035,25/09/2014 16:00:00,1.45565,@EC,-1,1,587.50,662.5000,-925.0000,
02/10/2014 16:00:00,1.44165,09/10/2014 16:00:00,1.45055,@EC,1,1,1112.50,1350.0000,-1762.5000,
10/10/2014 16:00:00,1.44375,15/10/2014 16:00:00,1.44315,@EC,-1,1,75.00,712.5000,-1237.5000,
20/10/2014 16:00:00,1.45185,23/10/2014 16:00:00,1.44195,@EC,-1,1,1237.50,1350.0000,-1200.0000,
24/10/2014 16:00:00,1.44495,31/10/2014 16:00:00,1.43855,@EC,1,1,-800.00,1187.5000,-1650.0000,
04/11/2014 16:00:00,1.42845,11/11/2014 16:00:00,1.41945,@EC,1,1,-1125.00,825.0000,-1925.0000,
14/11/2014 16:00:00,1.41985,19/11/2014 16:00:00,1.43055,@EC,-1,1,-1337.50,362.5000,-1900.0000,
20/11/2014 16:00:00,1.42835,25/11/2014 16:00:00,1.42105,@EC,-1,1,912.50,1850.0000,-725.0000,
28/11/2014 16:00:00,1.42345,03/12/2014 16:00:00,1.41535,@EC,-1,1,1012.50,1087.5000,-550.0000,
04/12/2014 16:00:00,1.41615,11/12/2014 16:00:00,1.42135,@EC,1,1,650.00,825.0000,-1825.0000,
17/12/2014 16:00:00,1.42035,22/12/2014 16:00:00,1.39915,@EC,-1,1,2650.00,2675.0000,-512.5000,
26/12/2014 16:00:00,1.39895,05/01/2015 16:00:00,1.37205,@EC,1,1,-3362.50,100.0000,-3362.5000,
07/01/2015 16:00:00,1.36445,12/01/2015 16:00:00,1.36305,@EC,-1,1,175.00,1537.5000,-250.0000,
13/01/2015 16:00:00,1.35525,16/01/2015 16:00:00,1.33975,@EC,-1,1,1937.50,2725.0000,-775.0000,
20/01/2015 16:00:00,1.33185,23/01/2015 16:00:00,1.31315,@EC,-1,1,2337.50,2962.5000,-1612.5000,
27/01/2015 16:00:00,1.30605,03/02/2015 16:00:00,1.31005,@EC,1,1,500.00,1600.0000,-425.0000,
05/02/2015 16:00:00,1.30805,10/02/2015 16:00:00,1.30885,@EC,-1,1,-100.00,562.5000,-2287.5000,
16/02/2015 16:00:00,1.31435,19/02/2015 16:00:00,1.31635,@EC,-1,1,-250.00,725.0000,-862.5000,
20/02/2015 16:00:00,1.31185,25/02/2015 16:00:00,1.31025,@EC,-1,1,200.00,962.5000,-950.0000,
26/02/2015 16:00:00,1.30985,03/03/2015 16:00:00,1.29425,@EC,-1,1,1950.00,2212.5000,-75.0000,
04/03/2015 16:00:00,1.29165,09/03/2015 16:00:00,1.25965,@EC,-1,1,4000.00,4000.0000,0.0000,
11/03/2015 16:00:00,1.24435,16/03/2015 16:00:00,1.22525,@EC,-1,1,2387.50,2700.0000,-512.5000,
17/03/2015 16:00:00,1.23865,19/03/2015 16:00:00,1.23865,@EC,1,1,0.00,4737.5000,-512.5000,
26/03/2015 16:00:00,1.26675,31/03/2015 16:00:00,1.25925,@EC,-1,1,937.50,1262.5000,-600.0000,
02/04/2015 16:00:00,1.25655,08/04/2015 16:00:00,1.25655,@EC,1,1,0.00,2950.0000,0.0000,
14/04/2015 16:00:00,1.23825,21/04/2015 16:00:00,1.25005,@EC,1,1,1475.00,2862.5000,-612.5000,
23/04/2015 16:00:00,1.24705,28/04/2015 16:00:00,1.26465,@EC,-1,1,-2200.00,550.0000,-2725.0000,
04/05/2015 16:00:00,1.29355,07/05/2015 16:00:00,1.31035,@EC,-1,1,-2100.00,1362.5000,-2450.0000,
08/05/2015 16:00:00,1.29975,13/05/2015 16:00:00,1.29785,@EC,-1,1,237.50,1337.5000,-750.0000,
15/05/2015 16:00:00,1.30985,20/05/2015 16:00:00,1.29055,@EC,-1,1,2412.50,2775.0000,-1600.0000,
21/05/2015 16:00:00,1.29105,26/05/2015 16:00:00,1.27065,@EC,1,1,-2550.00,700.0000,-2450.0000,
28/05/2015 16:00:00,1.26865,04/06/2015 16:00:00,1.30255,@EC,1,1,4237.50,4450.0000,-787.5000,
05/06/2015 16:00:00,1.29775,10/06/2015 16:00:00,1.30335,@EC,-1,1,-700.00,2162.5000,-1550.0000,
11/06/2015 16:00:00,1.30155,16/06/2015 16:00:00,1.30375,@EC,-1,1,-275.00,1375.0000,-462.5000,
19/06/2015 16:00:00,1.30825,24/06/2015 16:00:00,1.29195,@EC,-1,1,2037.50,2450.0000,-1025.0000,
26/06/2015 16:00:00,1.29055,29/06/2015 16:00:00,1.29055,@EC,-1,1,0.00,2537.5000,-300.0000,
01/07/2015 16:00:00,1.28645,06/07/2015 16:00:00,1.27525,@EC,-1,1,1400.00,1400.0000,-787.5000,
07/07/2015 16:00:00,1.27325,10/07/2015 16:00:00,1.27935,@EC,-1,1,-762.50,812.5000,-1800.0000,
13/07/2015 16:00:00,1.27935,16/07/2015 16:00:00,1.26935,@EC,-1,1,1250.00,1437.5000,-550.0000,
21/07/2015 16:00:00,1.26185,28/07/2015 16:00:00,1.28405,@EC,1,1,2775.00,3237.5000,-175.0000,
29/07/2015 16:00:00,1.27695,03/08/2015 16:00:00,1.27275,@EC,-1,1,525.00,1625.0000,-1150.0000,
04/08/2015 16:00:00,1.26875,07/08/2015 16:00:00,1.26695,@EC,-1,1,225.00,1187.5000,-587.5000,
17/08/2015 16:00:00,1.28425,20/08/2015 16:00:00,1.28665,@EC,-1,1,-300.00,1025.0000,-462.5000,
26/08/2015 16:00:00,1.31385,31/08/2015 16:00:00,1.29215,@EC,-1,1,2712.50,3000.0000,-525.0000,
03/09/2015 16:00:00,1.29585,08/09/2015 16:00:00,1.29055,@EC,-1,1,662.50,1625.0000,-337.5000,
09/09/2015 16:00:00,1.28925,14/09/2015 16:00:00,1.30765,@EC,-1,1,-2300.00,250.0000,-2475.0000,
15/09/2015 16:00:00,1.30245,18/09/2015 16:00:00,1.31555,@EC,-1,1,-1637.50,875.0000,-1937.5000,
21/09/2015 16:00:00,1.30075,24/09/2015 16:00:00,1.29235,@EC,-1,1,1050.00,2062.5000,-37.5000,
25/09/2015 16:00:00,1.29015,30/09/2015 16:00:00,1.29855,@EC,-1,1,-1050.00,612.5000,-1450.0000,
01/10/2015 16:00:00,1.28935,06/10/2015 16:00:00,1.29195,@EC,-1,1,-325.00,287.5000,-2000.0000,
13/10/2015 16:00:00,1.30875,16/10/2015 16:00:00,1.31115,@EC,-1,1,-300.00,125.0000,-1750.0000,
22/10/2015 16:00:00,1.30655,27/10/2015 16:00:00,1.27825,@EC,-1,1,3537.50,4237.5000,-212.5000,
28/10/2015 16:00:00,1.27595,02/11/2015 16:00:00,1.27595,@EC,-1,1,0.00,1662.5000,-837.5000,
03/11/2015 16:00:00,1.27285,06/11/2015 16:00:00,1.26095,@EC,-1,1,1487.50,2087.5000,-25.0000,
12/11/2015 16:00:00,1.24325,17/11/2015 16:00:00,1.24095,@EC,-1,1,287.50,400.0000,-1562.5000,
18/11/2015 16:00:00,1.24175,25/11/2015 16:00:00,1.23695,@EC,1,1,-600.00,900.0000,-1237.5000,
27/11/2015 16:00:00,1.23525,03/12/2015 16:00:00,1.26765,@EC,1,1,4050.00,4000.0000,-1750.0000,
07/12/2015 16:00:00,1.25595,10/12/2015 16:00:00,1.27435,@EC,-1,1,-2300.00,487.5000,-2587.5000,
11/12/2015 16:00:00,1.26505,16/12/2015 16:00:00,1.26565,@EC,-1,1,-75.00,262.5000,-1675.0000,
17/12/2015 16:00:00,1.26115,22/12/2015 16:00:00,1.26345,@EC,-1,1,-287.50,1087.5000,-625.0000,
23/12/2015 16:00:00,1.26245,29/12/2015 16:00:00,1.26925,@EC,-1,1,-850.00,437.5000,-1100.0000,
04/01/2016 16:00:00,1.25675,07/01/2016 16:00:00,1.24925,@EC,-1,1,937.50,1787.5000,-1187.5000,
12/01/2016 16:00:00,1.25615,15/01/2016 16:00:00,1.25765,@EC,-1,1,-187.50,550.0000,-1181.2500,
19/01/2016 16:00:00,1.25800,22/01/2016 16:00:00,1.25815,@EC,-1,1,-18.75,1181.2500,-1343.7500,
26/01/2016 16:00:00,1.25665,02/02/2016 16:00:00,1.25945,@EC,1,1,350.00,1375.0000,-612.5000,
08/02/2016 16:00:00,1.28150,11/02/2016 16:00:00,1.29855,@EC,-1,1,-2131.25,281.2500,-2875.0000,
12/02/2016 16:00:00,1.29790,17/02/2016 16:00:00,1.28445,@EC,-1,1,1681.25,1887.5000,-300.0000,
18/02/2016 16:00:00,1.28095,23/02/2016 16:00:00,1.27290,@EC,-1,1,1006.25,1306.2500,-400.0000,
26/02/2016 16:00:00,1.26880,02/03/2016 16:00:00,1.25680,@EC,-1,1,1500.00,1925.0000,-81.2500,
03/03/2016 16:00:00,1.25805,10/03/2016 16:00:00,1.26970,@EC,1,1,1456.25,2187.5000,-137.5000,
14/03/2016 16:00:00,1.27755,17/03/2016 16:00:00,1.29075,@EC,-1,1,-1650.00,293.7500,-2025.0000,
21/03/2016 16:00:00,1.29480,24/03/2016 16:00:00,1.28720,@EC,-1,1,950.00,1237.5000,-362.5000,
28/03/2016 16:00:00,1.28775,04/04/2016 16:00:00,1.30840,@EC,1,1,2581.25,3112.5000,-237.5000,
05/04/2016 16:00:00,1.30445,08/04/2016 16:00:00,1.30580,@EC,-1,1,-168.75,393.7500,-1193.7500,
12/04/2016 16:00:00,1.30565,15/04/2016 16:00:00,1.29415,@EC,-1,1,1437.50,1743.7500,-362.5000,
20/04/2016 16:00:00,1.29855,25/04/2016 16:00:00,1.29045,@EC,-1,1,1012.50,1093.7500,-1193.7500,
26/04/2016 16:00:00,1.29585,03/05/2016 16:00:00,1.32065,@EC,1,1,3100.00,3212.5000,-106.2500,
04/05/2016 16:00:00,1.31730,09/05/2016 16:00:00,1.30740,@EC,-1,1,1237.50,1387.5000,-431.2500,
10/05/2016 16:00:00,1.30510,13/05/2016 16:00:00,1.30490,@EC,-1,1,25.00,212.5000,-881.2500,
17/05/2016 16:00:00,1.30155,24/05/2016 16:00:00,1.28905,@EC,1,1,-1562.50,81.2500,-2056.2500,
25/05/2016 16:00:00,1.28030,30/05/2016 16:00:00,1.27820,@EC,-1,1,262.50,293.7500,-1037.5000,
31/05/2016 16:00:00,1.28135,07/06/2016 16:00:00,1.30200,@EC,1,1,2581.25,3068.7500,-393.7500,
09/06/2016 16:00:00,1.30200,14/06/2016 16:00:00,1.29515,@EC,-1,1,856.25,1568.7500,-168.7500,
16/06/2016 16:00:00,1.28535,21/06/2016 16:00:00,1.29735,@EC,-1,1,-1500.00,737.5000,-2393.7500,
22/06/2016 16:00:00,1.29010,27/06/2016 16:00:00,1.27125,@EC,-1,1,2356.25,4106.2500,-2275.0000,
28/06/2016 16:00:00,1.27420,05/07/2016 16:00:00,1.28030,@EC,1,1,762.50,1037.5000,-806.2500,
06/07/2016 16:00:00,1.27170,11/07/2016 16:00:00,1.27050,@EC,-1,1,150.00,775.0000,-725.0000,
13/07/2016 16:00:00,1.27055,18/07/2016 16:00:00,1.27050,@EC,-1,1,6.25,350.0000,-1400.0000,
20/07/2016 16:00:00,1.26510,25/07/2016 16:00:00,1.26210,@EC,-1,1,375.00,575.0000,-750.0000,
26/07/2016 16:00:00,1.26490,02/08/2016 16:00:00,1.28105,@EC,1,1,2018.75,2443.7500,-493.7500,
03/08/2016 16:00:00,1.28090,08/08/2016 16:00:00,1.27290,@EC,-1,1,1000.00,1493.7500,-212.5000,
09/08/2016 16:00:00,1.27490,16/08/2016 16:00:00,1.28225,@EC,1,1,918.75,1418.7500,-68.7500,
22/08/2016 16:00:00,1.29420,25/08/2016 16:00:00,1.28995,@EC,-1,1,531.25,750.0000,-625.0000,
26/08/2016 16:00:00,1.29335,01/09/2016 16:00:00,1.27655,@EC,1,1,-2100.00,550.0000,-2212.5000,
05/09/2016 16:00:00,1.27805,08/09/2016 16:00:00,1.28685,@EC,-1,1,-1100.00,143.7500,-1512.5000,
09/09/2016 16:00:00,1.28625,14/09/2016 16:00:00,1.28445,@EC,-1,1,225.00,450.0000,-450.0000,
16/09/2016 16:00:00,1.28450,21/09/2016 16:00:00,1.27775,@EC,-1,1,843.75,875.0000,-143.7500,
27/09/2016 16:00:00,1.28445,30/09/2016 16:00:00,1.28375,@EC,-1,1,87.50,487.5000,-337.5000,
04/10/2016 16:00:00,1.28270,07/10/2016 16:00:00,1.27620,@EC,-1,1,812.50,900.0000,-406.2500,
11/10/2016 16:00:00,1.27460,14/10/2016 16:00:00,1.26660,@EC,-1,1,1000.00,1850.0000,-75.0000,
17/10/2016 16:00:00,1.25820,20/10/2016 16:00:00,1.25825,@EC,-1,1,-6.25,212.5000,-700.0000,
21/10/2016 16:00:00,1.25245,26/10/2016 16:00:00,1.24965,@EC,-1,1,350.00,818.7500,0.0000,
07/11/2016 16:00:00,1.26825,10/11/2016 16:00:00,1.25240,@EC,-1,1,1981.25,2231.2500,-2731.2500,
17/11/2016 16:00:00,1.22635,22/11/2016 16:00:00,1.22240,@EC,-1,1,493.75,1243.7500,-168.7500,
23/11/2016 16:00:00,1.21775,28/11/2016 16:00:00,1.21925,@EC,-1,1,-187.50,831.2500,-537.5000,
30/11/2016 16:00:00,1.21575,05/12/2016 16:00:00,1.21340,@EC,-1,1,293.75,293.7500,-1531.2500,
08/12/2016 16:00:00,1.22985,13/12/2016 16:00:00,1.22300,@EC,-1,1,856.25,2331.2500,-56.2500,
14/12/2016 16:00:00,1.21905,19/12/2016 16:00:00,1.20315,@EC,-1,1,1987.50,2993.7500,0.0000,
20/12/2016 16:00:00,1.19775,23/12/2016 16:00:00,1.20170,@EC,-1,1,-493.75,512.5000,-1306.2500,
28/12/2016 16:00:00,1.20125,03/01/2017 16:00:00,1.20390,@EC,-1,1,-331.25,668.7500,-2743.7500,
04/01/2017 16:00:00,1.20625,11/01/2017 16:00:00,1.21205,@EC,1,1,725.00,1693.7500,-506.2500,
16/01/2017 16:00:00,1.21595,19/01/2017 16:00:00,1.21935,@EC,-1,1,-425.00,218.7500,-1550.0000,
25/01/2017 16:00:00,1.22795,30/01/2017 16:00:00,1.22675,@EC,-1,1,150.00,806.2500,-612.5000,
03/02/2017 16:00:00,1.23095,08/02/2017 16:00:00,1.22335,@EC,-1,1,950.00,1268.7500,-518.7500,
10/02/2017 16:00:00,1.22005,15/02/2017 16:00:00,1.21270,@EC,-1,1,918.75,1137.5000,-212.5000,
20/02/2017 16:00:00,1.21520,23/02/2017 16:00:00,1.21010,@EC,-1,1,637.50,1400.0000,-312.5000,
27/02/2017 16:00:00,1.21005,02/03/2017 16:00:00,1.20895,@EC,-1,1,137.50,550.0000,-925.0000,
03/03/2017 16:00:00,1.20930,10/03/2017 16:00:00,1.21120,@EC,1,1,237.50,1093.7500,-362.5000,
14/03/2017 16:00:00,1.21895,17/03/2017 16:00:00,1.23080,@EC,-1,1,-1481.25,643.7500,-1487.5000,
20/03/2017 16:00:00,1.22660,23/03/2017 16:00:00,1.23290,@EC,-1,1,-787.50,125.0000,-1187.5000,
24/03/2017 16:00:00,1.23395,31/03/2017 16:00:00,1.22095,@EC,1,1,-1625.00,1231.2500,-1756.2500,
05/04/2017 16:00:00,1.21620,10/04/2017 16:00:00,1.21040,@EC,-1,1,725.00,725.0000,-568.7500,
11/04/2017 16:00:00,1.21305,19/04/2017 16:00:00,1.22520,@EC,1,1,1518.75,1575.0000,-262.5000,
21/04/2017 16:00:00,1.22270,26/04/2017 16:00:00,1.24445,@EC,-1,1,-2718.75,331.2500,-3000.0000,
27/04/2017 16:00:00,1.23725,02/05/2017 16:00:00,1.24130,@EC,-1,1,-506.25,81.2500,-1118.7500,
03/05/2017 16:00:00,1.24020,08/05/2017 16:00:00,1.25245,@EC,-1,1,-1531.25,193.7500,-1531.2500,
09/05/2017 16:00:00,1.24265,12/05/2017 16:00:00,1.23685,@EC,-1,1,725.00,993.7500,-118.7500,
18/05/2017 16:00:00,1.25865,23/05/2017 16:00:00,1.27420,@EC,-1,1,-1943.75,75.0000,-2262.5000,
24/05/2017 16:00:00,1.26785,29/05/2017 16:00:00,1.26750,@EC,-1,1,43.75,212.5000,-912.5000,
30/05/2017 16:00:00,1.26905,06/06/2017 16:00:00,1.27520,@EC,1,1,768.75,1156.2500,-450.0000,
07/06/2017 16:00:00,1.27360,12/06/2017 16:00:00,1.26965,@EC,-1,1,493.75,956.2500,-531.2500,
13/06/2017 16:00:00,1.26855,16/06/2017 16:00:00,1.26355,@EC,-1,1,625.00,793.7500,-1281.2500,
19/06/2017 16:00:00,1.26915,26/06/2017 16:00:00,1.26785,@EC,1,1,-162.50,131.2500,-1050.0000,
03/07/2017 16:00:00,1.28725,06/07/2017 16:00:00,1.28285,@EC,-1,1,550.00,1025.0000,-62.5000,
11/07/2017 16:00:00,1.28940,18/07/2017 16:00:00,1.29505,@EC,1,1,706.25,881.2500,-631.2500,
20/07/2017 16:00:00,1.29810,25/07/2017 16:00:00,1.31060,@EC,-1,1,-1562.50,412.5000,-2143.7500,
26/07/2017 16:00:00,1.30990,31/07/2017 16:00:00,1.32170,@EC,-1,1,-1475.00,237.5000,-1793.7500,
04/08/2017 16:00:00,1.32920,09/08/2017 16:00:00,1.32090,@EC,-1,1,1037.50,1475.0000,-443.7500,
10/08/2017 16:00:00,1.32225,17/08/2017 16:00:00,1.32230,@EC,1,1,6.25,1018.7500,-1081.2500,
23/08/2017 16:00:00,1.31960,25/08/2017 16:00:00,1.33320,@EC,-1,1,-1700.00,68.7500,-1625.0000,
30/08/2017 16:00:00,1.33925,04/09/2017 16:00:00,1.33245,@EC,-1,1,850.00,1575.0000,-393.7500,
05/09/2017 16:00:00,1.33150,08/09/2017 16:00:00,1.34595,@EC,-1,1,-1806.25,56.2500,-2306.2500,
11/09/2017 16:00:00,1.34540,14/09/2017 16:00:00,1.33240,@EC,-1,1,1625.00,1800.0000,-181.2500,
15/09/2017 16:00:00,1.33580,22/09/2017 16:00:00,1.33720,@EC,1,1,175.00,1393.7500,-793.7500,
25/09/2017 16:00:00,1.33475,28/09/2017 16:00:00,1.31730,@EC,-1,1,2181.25,2500.0000,-256.2500,
02/10/2017 16:00:00,1.31980,05/10/2017 16:00:00,1.31790,@EC,-1,1,237.50,981.2500,-175.0000,
06/10/2017 16:00:00,1.31200,11/10/2017 16:00:00,1.32270,@EC,-1,1,-1337.50,387.5000,-1581.2500,
13/10/2017 16:00:00,1.32445,18/10/2017 16:00:00,1.31810,@EC,-1,1,793.75,1168.7500,-593.7500,
20/10/2017 16:00:00,1.31810,25/10/2017 16:00:00,1.31730,@EC,-1,1,100.00,556.2500,-293.7500,
26/10/2017 16:00:00,1.31640,31/10/2017 16:00:00,1.30565,@EC,-1,1,1343.75,2287.5000,-381.2500,
01/11/2017 16:00:00,1.30285,06/11/2017 16:00:00,1.30165,@EC,-1,1,150.00,331.2500,-887.5000,
09/11/2017 16:00:00,1.30125,14/11/2017 16:00:00,1.31665,@EC,1,1,1925.00,1868.7500,-300.0000,
16/11/2017 16:00:00,1.31790,21/11/2017 16:00:00,1.31270,@EC,-1,1,650.00,781.2500,-468.7500,
22/11/2017 16:00:00,1.31510,24/11/2017 16:00:00,1.33250,@EC,1,1,2175.00,2168.7500,-287.5000,
28/11/2017 16:00:00,1.32860,01/12/2017 16:00:00,1.32775,@EC,-1,1,106.25,1131.2500,-412.5000,
04/12/2017 16:00:00,1.32370,07/12/2017 16:00:00,1.31855,@EC,-1,1,643.75,900.0000,-343.7500,
12/12/2017 16:00:00,1.31450,15/12/2017 16:00:00,1.31525,@EC,-1,1,-93.75,568.7500,-1293.7500,
18/12/2017 16:00:00,1.32035,26/12/2017 16:00:00,1.32480,@EC,1,1,556.25,937.5000,-525.0000,
03/01/2018 16:00:00,1.33590,08/01/2018 16:00:00,1.33835,@EC,-1,1,-306.25,37.5000,-1050.0000,
10/01/2018 16:00:00,1.33260,17/01/2018 16:00:00,1.36040,@EC,1,1,3475.00,3987.5000,-612.5000,
18/01/2018 16:00:00,1.35150,23/01/2018 16:00:00,1.36030,@EC,-1,1,-1100.00,43.7500,-1556.2500,
29/01/2018 16:00:00,1.37125,01/02/2018 16:00:00,1.37500,@EC,-1,1,-468.75,481.2500,-1262.5000,
05/02/2018 16:00:00,1.37440,08/02/2018 16:00:00,1.35865,@EC,-1,1,1968.75,2075.0000,-312.5000,
14/02/2018 16:00:00,1.36135,16/02/2018 16:00:00,1.38635,@EC,-1,1,-3125.00,125.0000,-3031.2500,
19/02/2018 16:00:00,1.37180,22/02/2018 16:00:00,1.35975,@EC,-1,1,1506.25,1506.2500,-418.7500,
26/02/2018 16:00:00,1.35990,01/03/2018 16:00:00,1.35085,@EC,-1,1,1131.25,1181.2500,-937.5000,
08/03/2018 16:00:00,1.36955,13/03/2018 16:00:00,1.36410,@EC,-1,1,681.25,1431.2500,-756.2500,
15/03/2018 16:00:00,1.36560,20/03/2018 16:00:00,1.36365,@EC,-1,1,243.75,1200.0000,-93.7500,
28/03/2018 16:00:00,1.36650,03/04/2018 16:00:00,1.35865,@EC,-1,1,981.25,1243.7500,-387.5000,
05/04/2018 16:00:00,1.35405,10/04/2018 16:00:00,1.36010,@EC,-1,1,-756.25,587.5000,-868.7500,
12/04/2018 16:00:00,1.36240,17/04/2018 16:00:00,1.36515,@EC,-1,1,-343.75,631.2500,-550.0000,
19/04/2018 16:00:00,1.36120,24/04/2018 16:00:00,1.34715,@EC,-1,1,1756.25,1850.0000,-175.0000,
26/04/2018 16:00:00,1.34230,01/05/2018 16:00:00,1.33345,@EC,-1,1,1106.25,1356.2500,-612.5000,
04/05/2018 16:00:00,1.32015,09/05/2018 16:00:00,1.31100,@EC,-1,1,1143.75,1412.5000,-350.0000,
10/05/2018 16:00:00,1.31465,17/05/2018 16:00:00,1.30520,@EC,1,1,-1181.25,1193.7500,-1743.7500,
21/05/2018 16:00:00,1.29895,24/05/2018 16:00:00,1.29360,@EC,-1,1,668.75,956.2500,-993.7500,
28/05/2018 16:00:00,1.28800,31/05/2018 16:00:00,1.28965,@EC,-1,1,-206.25,1712.5000,-356.2500,
01/06/2018 16:00:00,1.28700,06/06/2018 16:00:00,1.29430,@EC,-1,1,-912.50,312.5000,-1281.2500,
08/06/2018 16:00:00,1.29985,13/06/2018 16:00:00,1.29645,@EC,-1,1,425.00,606.2500,-556.2500,
14/06/2018 16:00:00,1.29440,19/06/2018 16:00:00,1.28340,@EC,-1,1,1375.00,2356.2500,-187.5000,
21/06/2018 16:00:00,1.28100,28/06/2018 16:00:00,1.27590,@EC,1,1,-637.50,1475.0000,-812.5000,
29/06/2018 16:00:00,1.28025,06/07/2018 16:00:00,1.28830,@EC,1,1,1006.25,1412.5000,-168.7500,
10/07/2018 16:00:00,1.29265,13/07/2018 16:00:00,1.28565,@EC,-1,1,875.00,1112.5000,-293.7500,
17/07/2018 16:00:00,1.28625,20/07/2018 16:00:00,1.28250,@EC,-1,1,468.75,1331.2500,-43.7500,
24/07/2018 16:00:00,1.28645,27/07/2018 16:00:00,1.28165,@EC,-1,1,600.00,606.2500,-706.2500,
30/07/2018 16:00:00,1.28400,06/08/2018 16:00:00,1.27380,@EC,1,1,-1275.00,1043.7500,-1406.2500,
07/08/2018 16:00:00,1.27390,14/08/2018 16:00:00,1.25655,@EC,1,1,-2168.75,706.2500,-2643.7500,
15/08/2018 16:00:00,1.24905,20/08/2018 16:00:00,1.25945,@EC,-1,1,-1300.00,368.7500,-1393.7500,
23/08/2018 16:00:00,1.27075,28/08/2018 16:00:00,1.28305,@EC,-1,1,-1537.50,318.7500,-1718.7500,
29/08/2018 16:00:00,1.28130,03/09/2018 16:00:00,1.27425,@EC,-1,1,881.25,1037.5000,-650.0000,
07/09/2018 16:00:00,1.27465,12/09/2018 16:00:00,1.27390,@EC,-1,1,93.75,1031.2500,-450.0000,
17/09/2018 16:00:00,1.27550,20/09/2018 16:00:00,1.28040,@EC,-1,1,-612.50,43.7500,-1293.7500,
24/09/2018 16:00:00,1.28625,27/09/2018 16:00:00,1.28695,@EC,-1,1,-87.50,125.0000,-1025.0000,
04/10/2018 16:00:00,1.25830,09/10/2018 16:00:00,1.26065,@EC,-1,1,-293.75,112.5000,-1025.0000,
17/10/2018 16:00:00,1.26730,22/10/2018 16:00:00,1.26180,@EC,-1,1,687.50,1725.0000,-143.7500,
23/10/2018 16:00:00,1.25570,26/10/2018 16:00:00,1.24685,@EC,-1,1,1106.25,1306.2500,-462.5000,
30/10/2018 16:00:00,1.24560,02/11/2018 16:00:00,1.24950,@EC,-1,1,-487.50,768.7500,-731.2500,
05/11/2018 16:00:00,1.24610,08/11/2018 16:00:00,1.25105,@EC,-1,1,-618.75,256.2500,-1700.0000,
09/11/2018 16:00:00,1.24340,14/11/2018 16:00:00,1.23765,@EC,-1,1,718.75,1712.5000,-112.5000,
20/11/2018 16:00:00,1.24695,23/11/2018 16:00:00,1.24755,@EC,-1,1,-75.00,462.5000,-450.0000,
26/11/2018 16:00:00,1.24015,29/11/2018 16:00:00,1.24335,@EC,-1,1,-400.00,837.5000,-693.7500,
30/11/2018 16:00:00,1.24140,05/12/2018 16:00:00,1.24020,@EC,-1,1,150.00,556.2500,-850.0000,
10/12/2018 16:00:00,1.24185,13/12/2018 16:00:00,1.24220,@EC,-1,1,-43.75,712.5000,-475.0000,
14/12/2018 16:00:00,1.23805,19/12/2018 16:00:00,1.24150,@EC,-1,1,-431.25,768.7500,-868.7500,
21/12/2018 16:00:00,1.24230,27/12/2018 16:00:00,1.23940,@EC,-1,1,362.50,525.0000,-693.7500,
31/12/2018 16:00:00,1.24615,04/01/2019 16:00:00,1.24205,@EC,-1,1,512.50,1587.5000,-806.2500,
11/01/2019 16:00:00,1.25040,16/01/2019 16:00:00,1.24230,@EC,-1,1,1012.50,1325.0000,-112.5000,
18/01/2019 16:00:00,1.24175,25/01/2019 16:00:00,1.23090,@EC,1,1,-1356.25,50.0000,-1537.5000,
30/01/2019 16:00:00,1.24145,04/02/2019 16:00:00,1.24525,@EC,-1,1,-475.00,81.2500,-1237.5000,
05/02/2019 16:00:00,1.24220,08/02/2019 16:00:00,1.23300,@EC,-1,1,1150.00,1325.0000,-106.2500,
14/02/2019 16:00:00,1.22410,19/02/2019 16:00:00,1.22910,@EC,-1,1,-625.00,287.5000,-956.2500,
21/02/2019 16:00:00,1.23060,26/02/2019 16:00:00,1.23340,@EC,-1,1,-350.00,162.5000,-487.5000,
28/02/2019 16:00:00,1.23370,05/03/2019 16:00:00,1.23060,@EC,-1,1,387.50,737.5000,-537.5000,
11/03/2019 16:00:00,1.22105,18/03/2019 16:00:00,1.22810,@EC,1,1,881.25,1156.2500,-312.5000,
22/03/2019 16:00:00,1.22960,27/03/2019 16:00:00,1.22190,@EC,-1,1,962.50,1031.2500,0.0000,
01/04/2019 16:00:00,1.21915,08/04/2019 16:00:00,1.21535,@EC,1,1,-475.00,68.7500,-818.7500,
10/04/2019 16:00:00,1.21915,15/04/2019 16:00:00,1.22345,@EC,-1,1,-537.50,337.5000,-812.5000,
16/04/2019 16:00:00,1.22290,22/04/2019 16:00:00,1.21650,@EC,-1,1,800.00,981.2500,-256.2500,
24/04/2019 16:00:00,1.21155,29/04/2019 16:00:00,1.20635,@EC,-1,1,650.00,1100.0000,-206.2500,
02/05/2019 16:00:00,1.21035,07/05/2019 16:00:00,1.21055,@EC,-1,1,-25.00,712.5000,-206.2500,
09/05/2019 16:00:00,1.20905,14/05/2019 16:00:00,1.21275,@EC,-1,1,-462.50,150.0000,-962.5000,
15/05/2019 16:00:00,1.21040,20/05/2019 16:00:00,1.20560,@EC,-1,1,600.00,637.5000,-281.2500,
21/05/2019 16:00:00,1.20720,28/05/2019 16:00:00,1.20840,@EC,1,1,150.00,418.7500,-931.2500,
31/05/2019 16:00:00,1.20290,07/06/2019 16:00:00,1.21555,@EC,1,1,1581.25,2000.0000,-93.7500,
12/06/2019 16:00:00,1.21790,17/06/2019 16:00:00,1.20840,@EC,-1,1,1187.50,1318.7500,0.0000,
25/06/2019 16:00:00,1.22355,28/06/2019 16:00:00,1.22280,@EC,-1,1,93.75,356.2500,-243.7500,
01/07/2019 16:00:00,1.22090,04/07/2019 16:00:00,1.21330,@EC,-1,1,950.00,1068.7500,-118.7500,
05/07/2019 16:00:00,1.21255,10/07/2019 16:00:00,1.20585,@EC,-1,1,837.50,1012.5000,-37.5000,
12/07/2019 16:00:00,1.20925,17/07/2019 16:00:00,1.20535,@EC,-1,1,487.50,575.0000,-462.5000,
18/07/2019 16:00:00,1.20770,23/07/2019 16:00:00,1.19990,@EC,1,1,-975.00,550.0000,-950.0000,
25/07/2019 16:00:00,1.19930,01/08/2019 16:00:00,1.19010,@EC,1,1,-1150.00,362.5000,-1275.0000,
02/08/2019 16:00:00,1.19235,09/08/2019 16:00:00,1.20110,@EC,1,1,1093.75,1881.2500,-243.7500,
12/08/2019 16:00:00,1.20030,15/08/2019 16:00:00,1.19560,@EC,-1,1,587.50,687.5000,-587.5000,
19/08/2019 16:00:00,1.19260,26/08/2019 16:00:00,1.19550,@EC,1,1,362.50,443.7500,-837.5000,
27/08/2019 16:00:00,1.19015,30/08/2019 16:00:00,1.18580,@EC,-1,1,543.75,725.0000,-143.7500,
09/09/2019 16:00:00,1.18155,12/09/2019 16:00:00,1.17980,@EC,-1,1,218.75,475.0000,-600.0000,
16/09/2019 16:00:00,1.18440,19/09/2019 16:00:00,1.18180,@EC,-1,1,325.00,806.2500,-225.0000,
23/09/2019 16:00:00,1.17770,26/09/2019 16:00:00,1.17230,@EC,-1,1,675.00,743.7500,-368.7500,
30/09/2019 16:00:00,1.16800,03/10/2019 16:00:00,1.17290,@EC,-1,1,-612.50,343.7500,-687.5000,
08/10/2019 16:00:00,1.17285,11/10/2019 16:00:00,1.17710,@EC,-1,1,-531.25,275.0000,-856.2500,
15/10/2019 16:00:00,1.17735,18/10/2019 16:00:00,1.18850,@EC,-1,1,-1393.75,281.2500,-1550.0000,
22/10/2019 16:00:00,1.18945,25/10/2019 16:00:00,1.18565,@EC,-1,1,475.00,631.2500,-243.7500,
29/10/2019 16:00:00,1.18265,01/11/2019 16:00:00,1.18980,@EC,-1,1,-893.75,56.2500,-1187.5000,
04/11/2019 16:00:00,1.18725,07/11/2019 16:00:00,1.18075,@EC,-1,1,812.50,850.0000,-131.2500,
08/11/2019 16:00:00,1.17750,13/11/2019 16:00:00,1.17475,@EC,-1,1,343.75,443.7500,-75.0000,
14/11/2019 16:00:00,1.17570,21/11/2019 16:00:00,1.18055,@EC,1,1,606.25,831.2500,-112.5000,
22/11/2019 16:00:00,1.17810,27/11/2019 16:00:00,1.17490,@EC,-1,1,400.00,618.7500,-193.7500,
29/11/2019 16:00:00,1.17425,06/12/2019 16:00:00,1.18235,@EC,1,1,1012.50,1193.7500,-206.2500,
10/12/2019 16:00:00,1.17970,17/12/2019 16:00:00,1.18560,@EC,1,1,737.50,1406.2500,-106.2500,
18/12/2019 16:00:00,1.18445,23/12/2019 16:00:00,1.17865,@EC,-1,1,725.00,850.0000,-156.2500,
02/01/2020 16:00:00,1.18975,07/01/2020 16:00:00,1.18920,@EC,-1,1,68.75,975.0000,-162.5000,
08/01/2020 16:00:00,1.18270,13/01/2020 16:00:00,1.18075,@EC,-1,1,243.75,650.0000,-137.5000,
14/01/2020 16:00:00,1.18025,17/01/2020 16:00:00,1.18220,@EC,-1,1,-243.75,125.0000,-700.0000,
21/01/2020 16:00:00,1.17865,28/01/2020 16:00:00,1.16970,@EC,1,1,-1118.75,193.7500,-1225.0000,
29/01/2020 16:00:00,1.17040,05/02/2020 16:00:00,1.17175,@EC,1,1,168.75,837.5000,-425.0000,
12/02/2020 16:00:00,1.15935,18/02/2020 16:00:00,1.14995,@EC,1,1,-1175.00,0.0000,-1268.7500,
20/02/2020 16:00:00,1.14750,27/02/2020 16:00:00,1.15395,@EC,1,1,806.25,1156.2500,-450.0000,
04/03/2020 16:00:00,1.17500,06/03/2020 16:00:00,1.20060,@EC,-1,1,-3200.00,12.5000,-3137.5000,
10/03/2020 16:00:00,1.19860,13/03/2020 16:00:00,1.18115,@EC,-1,1,2181.25,3450.0000,-818.7500,
16/03/2020 16:00:00,1.18680,17/03/2020 16:00:00,1.16120,@EC,1,1,-3200.00,181.2500,-3193.7500,
18/03/2020 16:00:00,1.16095,23/03/2020 16:00:00,1.13360,@EC,-1,1,3418.75,4125.0000,-737.5000,
31/03/2020 16:00:00,1.16510,03/04/2020 16:00:00,1.14850,@EC,-1,1,2075.00,2531.2500,-287.5000,
07/04/2020 16:00:00,1.14615,15/04/2020 16:00:00,1.16045,@EC,1,1,1787.50,1850.0000,-125.0000,
16/04/2020 16:00:00,1.14770,21/04/2020 16:00:00,1.14870,@EC,-1,1,-125.00,568.7500,-562.5000,
22/04/2020 16:00:00,1.14350,27/04/2020 16:00:00,1.14370,@EC,-1,1,-25.00,1143.7500,-362.5000,
28/04/2020 16:00:00,1.14280,01/05/2020 16:00:00,1.15655,@EC,-1,1,-1718.75,37.5000,-1987.5000,
04/05/2020 16:00:00,1.15480,07/05/2020 16:00:00,1.14060,@EC,-1,1,1775.00,1918.7500,-181.2500,
11/05/2020 16:00:00,1.14270,14/05/2020 16:00:00,1.14290,@EC,-1,1,-25.00,393.7500,-1025.0000,
15/05/2020 16:00:00,1.14345,22/05/2020 16:00:00,1.15570,@EC,1,1,1531.25,2300.0000,-312.5000,
26/05/2020 16:00:00,1.15240,02/06/2020 16:00:00,1.17390,@EC,1,1,2687.50,2975.0000,-12.5000,
08/06/2020 16:00:00,1.18850,11/06/2020 16:00:00,1.19840,@EC,-1,1,-1237.50,475.0000,-1787.5000,
12/06/2020 16:00:00,1.18945,17/06/2020 16:00:00,1.18655,@EC,-1,1,362.50,962.5000,-800.0000,
22/06/2020 16:00:00,1.17705,25/06/2020 16:00:00,1.18550,@EC,-1,1,-1056.25,0.0000,-2268.7500,
29/06/2020 16:00:00,1.18400,06/07/2020 16:00:00,1.18410,@EC,1,1,12.50,768.7500,-712.5000,
10/07/2020 16:00:00,1.18770,15/07/2020 16:00:00,1.20005,@EC,-1,1,-1543.75,325.0000,-1606.2500,
16/07/2020 16:00:00,1.19875,21/07/2020 16:00:00,1.20410,@EC,-1,1,-668.75,275.0000,-937.5000,
03/08/2020 16:00:00,1.23535,06/08/2020 16:00:00,1.24550,@EC,-1,1,-1268.75,825.0000,-1781.2500,
07/08/2020 16:00:00,1.24075,12/08/2020 16:00:00,1.23290,@EC,-1,1,981.25,1206.2500,-356.2500,
14/08/2020 16:00:00,1.23725,19/08/2020 16:00:00,1.25215,@EC,-1,1,-1862.50,37.5000,-2268.7500,
20/08/2020 16:00:00,1.24170,25/08/2020 16:00:00,1.23745,@EC,-1,1,531.25,968.7500,-650.0000,
26/08/2020 16:00:00,1.23700,31/08/2020 16:00:00,1.24950,@EC,-1,1,-1562.50,293.7500,-1681.2500,
02/09/2020 16:00:00,1.24855,07/09/2020 16:00:00,1.24250,@EC,-1,1,756.25,1512.5000,-150.0000,
16/09/2020 16:00:00,1.24200,21/09/2020 16:00:00,1.24255,@EC,-1,1,-68.75,1287.5000,-537.5000,
22/09/2020 16:00:00,1.23095,25/09/2020 16:00:00,1.22455,@EC,-1,1,800.00,1325.0000,-456.2500,
02/10/2020 16:00:00,1.22930,07/10/2020 16:00:00,1.23085,@EC,-1,1,-193.75,281.2500,-1125.0000,
13/10/2020 16:00:00,1.23600,16/10/2020 16:00:00,1.22805,@EC,-1,1,993.75,1250.0000,-156.2500,
19/10/2020 16:00:00,1.23185,26/10/2020 16:00:00,1.24280,@EC,1,1,1368.75,1675.0000,0.0000,
27/10/2020 16:00:00,1.23730,30/10/2020 16:00:00,1.22420,@EC,-1,1,1637.50,1925.0000,-456.2500,
03/11/2020 16:00:00,1.22250,10/11/2020 16:00:00,1.23830,@EC,1,1,1975.00,3281.2500,-681.2500,
19/11/2020 16:00:00,1.24140,24/11/2020 16:00:00,1.24050,@EC,-1,1,112.50,643.7500,-700.0000,
07/12/2020 16:00:00,1.26700,10/12/2020 16:00:00,1.26410,@EC,-1,1,362.50,650.0000,-718.7500,
21/12/2020 16:00:00,1.27835,24/12/2020 16:00:00,1.27455,@EC,-1,1,475.00,1218.7500,-437.5000,
31/12/2020 16:00:00,1.27990,06/01/2021 16:00:00,1.28440,@EC,-1,1,-562.50,525.0000,-731.2500,
07/01/2021 16:00:00,1.28115,12/01/2021 16:00:00,1.26995,@EC,-1,1,1400.00,1687.5000,-231.2500,
13/01/2021 16:00:00,1.27540,19/01/2021 16:00:00,1.26160,@EC,1,1,-1725.00,168.7500,-1981.2500,
25/01/2021 16:00:00,1.26925,28/01/2021 16:00:00,1.26485,@EC,-1,1,550.00,1187.5000,-306.2500,
29/01/2021 16:00:00,1.26825,04/02/2021 16:00:00,1.24965,@EC,1,1,-2325.00,168.7500,-2281.2500,
12/02/2021 16:00:00,1.26485,17/02/2021 16:00:00,1.26385,@EC,-1,1,125.00,412.5000,-700.0000,
19/02/2021 16:00:00,1.26285,26/02/2021 16:00:00,1.27130,@EC,1,1,1056.25,1856.2500,-162.5000,
01/03/2021 16:00:00,1.25940,04/03/2021 16:00:00,1.25950,@EC,-1,1,-12.50,893.7500,-625.0000,
10/03/2021 16:00:00,1.24440,17/03/2021 16:00:00,1.24310,@EC,1,1,-162.50,925.0000,-443.7500,
19/03/2021 16:00:00,1.24315,24/03/2021 16:00:00,1.23725,@EC,-1,1,737.50,806.2500,-512.5000,
30/03/2021 16:00:00,1.22830,02/04/2021 16:00:00,1.22985,@EC,-1,1,-193.75,725.0000,-225.0000,
05/04/2021 16:00:00,1.22695,08/04/2021 16:00:00,1.23910,@EC,-1,1,-1518.75,156.2500,-2068.7500,
16/04/2021 16:00:00,1.24740,21/04/2021 16:00:00,1.25540,@EC,-1,1,-1000.00,181.2500,-1537.5000,
22/04/2021 16:00:00,1.25155,27/04/2021 16:00:00,1.26050,@EC,-1,1,-1118.75,68.7500,-1462.5000,
28/04/2021 16:00:00,1.26085,05/05/2021 16:00:00,1.25230,@EC,1,1,-1068.75,706.2500,-1206.2500,
06/05/2021 16:00:00,1.25395,13/05/2021 16:00:00,1.25825,@EC,1,1,537.50,1918.7500,-81.2500,
14/05/2021 16:00:00,1.26165,21/05/2021 16:00:00,1.27385,@EC,1,1,1525.00,1731.2500,-62.5000,
26/05/2021 16:00:00,1.27200,31/05/2021 16:00:00,1.27040,@EC,-1,1,200.00,1006.2500,-112.5000,
02/06/2021 16:00:00,1.27180,07/06/2021 16:00:00,1.26710,@EC,-1,1,587.50,1362.5000,-81.2500,
10/06/2021 16:00:00,1.26765,15/06/2021 16:00:00,1.26235,@EC,-1,1,662.50,1000.0000,-287.5000,
16/06/2021 16:00:00,1.26040,21/06/2021 16:00:00,1.23640,@EC,-1,1,3000.00,3187.5000,0.0000,
28/06/2021 16:00:00,1.24270,01/07/2021 16:00:00,1.23560,@EC,-1,1,887.50,1031.2500,-231.2500,
06/07/2021 16:00:00,1.23495,09/07/2021 16:00:00,1.23420,@EC,-1,1,93.75,881.2500,-200.0000,
13/07/2021 16:00:00,1.23330,16/07/2021 16:00:00,1.23065,@EC,-1,1,331.25,818.7500,-181.2500,
19/07/2021 16:00:00,1.23175,26/07/2021 16:00:00,1.22650,@EC,1,1,-656.25,87.5000,-893.7500,
03/08/2021 16:00:00,1.23505,06/08/2021 16:00:00,1.23245,@EC,-1,1,325.00,400.0000,-506.2500,
11/08/2021 16:00:00,1.22325,18/08/2021 16:00:00,1.21995,@EC,1,1,-412.50,762.5000,-462.5000,
20/08/2021 16:00:00,1.21525,25/08/2021 16:00:00,1.22440,@EC,-1,1,-1143.75,18.7500,-1237.5000,
27/08/2021 16:00:00,1.22315,01/09/2021 16:00:00,1.22950,@EC,-1,1,-793.75,150.0000,-1243.7500,
06/09/2021 16:00:00,1.23500,09/09/2021 16:00:00,1.23020,@EC,-1,1,600.00,806.2500,-231.2500,
10/09/2021 16:00:00,1.23245,17/09/2021 16:00:00,1.22470,@EC,1,1,-968.75,112.5000,-1168.7500,
21/09/2021 16:00:00,1.22170,28/09/2021 16:00:00,1.21760,@EC,1,1,-512.50,237.5000,-693.7500,
05/10/2021 16:00:00,1.20645,08/10/2021 16:00:00,1.20300,@EC,-1,1,431.25,737.5000,-318.7500,
12/10/2021 16:00:00,1.20230,15/10/2021 16:00:00,1.20745,@EC,-1,1,-643.75,306.2500,-937.5000,
18/10/2021 16:00:00,1.20615,21/10/2021 16:00:00,1.21195,@EC,-1,1,-725.00,206.2500,-1012.5000,
25/10/2021 16:00:00,1.20930,28/10/2021 16:00:00,1.20745,@EC,-1,1,231.25,462.5000,-75.0000,
29/10/2021 16:00:00,1.20525,03/11/2021 16:00:00,1.20485,@EC,-1,1,50.00,587.5000,-393.7500,
04/11/2021 16:00:00,1.20320,09/11/2021 16:00:00,1.20550,@EC,-1,1,-287.50,631.2500,-400.0000,
10/11/2021 16:00:00,1.20375,15/11/2021 16:00:00,1.19110,@EC,-1,1,1581.25,1718.7500,-162.5000,
16/11/2021 16:00:00,1.18230,19/11/2021 16:00:00,1.18380,@EC,-1,1,-187.50,1168.7500,-231.2500,
22/11/2021 16:00:00,1.17150,25/11/2021 16:00:00,1.16640,@EC,-1,1,637.50,800.0000,-306.2500,
26/11/2021 16:00:00,1.16940,03/12/2021 16:00:00,1.17650,@EC,1,1,887.50,1912.5000,-31.2500,
07/12/2021 16:00:00,1.17300,10/12/2021 16:00:00,1.17530,@EC,-1,1,-287.50,487.5000,-1075.0000,
14/12/2021 16:00:00,1.17205,17/12/2021 16:00:00,1.17915,@EC,-1,1,-887.50,487.5000,-1268.7500,
20/12/2021 16:00:00,1.16940,23/12/2021 16:00:00,1.17805,@EC,-1,1,-1081.25,18.7500,-1300.0000,
28/12/2021 16:00:00,1.17570,31/12/2021 16:00:00,1.17740,@EC,-1,1,-212.50,387.5000,-843.7500,
03/01/2022 16:00:00,1.17540,06/01/2022 16:00:00,1.17585,@EC,-1,1,-56.25,412.5000,-525.0000,
10/01/2022 16:00:00,1.17385,13/01/2022 16:00:00,1.18900,@EC,-1,1,-1893.75,68.7500,-2037.5000,
14/01/2022 16:00:00,1.18830,19/01/2022 16:00:00,1.17755,@EC,-1,1,1343.75,1512.5000,-181.2500,
20/01/2022 16:00:00,1.18035,27/01/2022 16:00:00,1.16860,@EC,1,1,-1468.75,143.7500,-1550.0000,
31/01/2022 16:00:00,1.16175,03/02/2022 16:00:00,1.18755,@EC,1,1,3225.00,3200.0000,-343.7500,
08/02/2022 16:00:00,1.18575,11/02/2022 16:00:00,1.18710,@EC,-1,1,-168.75,525.0000,-1000.0000,
14/02/2022 16:00:00,1.17700,17/02/2022 16:00:00,1.18140,@EC,-1,1,-550.00,606.2500,-825.0000,
18/02/2022 16:00:00,1.17625,23/02/2022 16:00:00,1.17655,@EC,-1,1,-37.50,443.7500,-850.0000,
24/02/2022 16:00:00,1.17395,01/03/2022 16:00:00,1.16575,@EC,-1,1,1025.00,2437.5000,-93.7500,
02/03/2022 16:00:00,1.15275,07/03/2022 16:00:00,1.13590,@EC,-1,1,2106.25,2575.0000,-656.2500,
08/03/2022 16:00:00,1.13680,15/03/2022 16:00:00,1.13765,@EC,1,1,106.25,2343.7500,-543.7500,
18/03/2022 16:00:00,1.14380,23/03/2022 16:00:00,1.14600,@EC,-1,1,-275.00,600.0000,-806.2500,
25/03/2022 16:00:00,1.14430,01/04/2022 16:00:00,1.14915,@EC,1,1,606.25,2106.2500,-875.0000,
08/04/2022 16:00:00,1.12875,13/04/2022 16:00:00,1.12465,@EC,-1,1,512.50,562.5000,-850.0000,
14/04/2022 16:00:00,1.12290,20/04/2022 16:00:00,1.12070,@EC,-1,1,275.00,650.0000,-331.2500,
22/04/2022 16:00:00,1.12410,27/04/2022 16:00:00,1.10565,@EC,-1,1,2306.25,2350.0000,-275.0000,
29/04/2022 16:00:00,1.09805,06/05/2022 16:00:00,1.09520,@EC,1,1,-356.25,925.0000,-943.7500,
11/05/2022 16:00:00,1.09365,16/05/2022 16:00:00,1.08095,@EC,-1,1,1587.50,2237.5000,-643.7500,
19/05/2022 16:00:00,1.08675,24/05/2022 16:00:00,1.10980,@EC,-1,1,-2881.25,6.2500,-2943.7500,
25/05/2022 16:00:00,1.10660,30/05/2022 16:00:00,1.11370,@EC,-1,1,-887.50,243.7500,-1275.0000,
31/05/2022 16:00:00,1.11285,03/06/2022 16:00:00,1.11480,@EC,-1,1,-243.75,1250.0000,-275.0000,
06/06/2022 16:00:00,1.11030,09/06/2022 16:00:00,1.11170,@EC,-1,1,-175.00,656.2500,-556.2500,
10/06/2022 16:00:00,1.10075,15/06/2022 16:00:00,1.08185,@EC,-1,1,2362.50,2606.2500,-393.7500,
21/06/2022 16:00:00,1.09465,28/06/2022 16:00:00,1.09795,@EC,1,1,412.50,837.5000,-962.5000,
29/06/2022 16:00:00,1.08990,04/07/2022 16:00:00,1.08165,@EC,-1,1,1031.25,1793.7500,-400.0000,
06/07/2022 16:00:00,1.06245,11/07/2022 16:00:00,1.05635,@EC,-1,1,762.50,2100.0000,-162.5000,
12/07/2022 16:00:00,1.04185,15/07/2022 16:00:00,1.04025,@EC,-1,1,200.00,1043.7500,-1112.5000,
21/07/2022 16:00:00,1.05350,26/07/2022 16:00:00,1.05940,@EC,-1,1,-737.50,381.2500,-1225.0000,
27/07/2022 16:00:00,1.04815,01/08/2022 16:00:00,1.05930,@EC,-1,1,-1393.75,150.0000,-1787.5000,
02/08/2022 16:00:00,1.05745,05/08/2022 16:00:00,1.06120,@EC,-1,1,-468.75,1062.5000,-556.2500,
09/08/2022 16:00:00,1.05860,16/08/2022 16:00:00,1.05165,@EC,1,1,-868.75,1818.7500,-912.5000,
17/08/2022 16:00:00,1.05525,22/08/2022 16:00:00,1.02985,@EC,1,1,-3175.00,93.7500,-3112.5000,
26/08/2022 16:00:00,1.02985,31/08/2022 16:00:00,1.03635,@EC,-1,1,-812.50,462.5000,-1756.2500,
01/09/2022 16:00:00,1.03175,06/09/2022 16:00:00,1.02750,@EC,-1,1,531.25,1212.5000,-750.0000,
13/09/2022 16:00:00,1.03980,16/09/2022 16:00:00,1.03360,@EC,-1,1,775.00,1281.2500,-87.5000,
20/09/2022 16:00:00,1.03035,23/09/2022 16:00:00,1.01690,@EC,-1,1,1681.25,2043.7500,-418.7500,
26/09/2022 16:00:00,0.99995,29/09/2022 16:00:00,1.00635,@EC,-1,1,-800.00,1700.0000,-1006.2500,
06/10/2022 16:00:00,1.01585,11/10/2022 16:00:00,1.00250,@EC,-1,1,1668.75,1962.5000,-168.7500,
12/10/2022 16:00:00,0.99900,17/10/2022 16:00:00,1.00390,@EC,-1,1,-612.50,543.7500,-1712.5000,
19/10/2022 16:00:00,1.01285,24/10/2022 16:00:00,1.01920,@EC,-1,1,-793.75,1393.7500,-793.7500,
28/10/2022 16:00:00,1.02660,02/11/2022 16:00:00,1.01835,@EC,-1,1,1031.25,1337.5000,-500.0000,
03/11/2022 16:00:00,1.01175,08/11/2022 16:00:00,1.03205,@EC,-1,1,-2537.50,1068.7500,-2731.2500,
10/11/2022 16:00:00,1.02915,11/11/2022 16:00:00,1.05475,@EC,-1,1,-3200.00,725.0000,-3131.2500,
17/11/2022 16:00:00,1.06275,22/11/2022 16:00:00,1.05350,@EC,-1,1,1156.25,1406.2500,-775.0000,
23/11/2022 16:00:00,1.05995,30/11/2022 16:00:00,1.06170,@EC,1,1,218.75,2318.7500,-150.0000,
06/12/2022 16:00:00,1.07630,09/12/2022 16:00:00,1.08350,@EC,-1,1,-900.00,487.5000,-1018.7500,
15/12/2022 16:00:00,1.08945,20/12/2022 16:00:00,1.08800,@EC,-1,1,181.25,581.2500,-1462.5000,
22/12/2022 16:00:00,1.08595,28/12/2022 16:00:00,1.09040,@EC,-1,1,-556.25,262.5000,-956.2500,
29/12/2022 16:00:00,1.08695,04/01/2023 16:00:00,1.08045,@EC,-1,1,812.50,1187.5000,-1275.0000,
06/01/2023 16:00:00,1.07665,11/01/2023 16:00:00,1.09840,@EC,-1,1,-2718.75,412.5000,-3125.0000,
12/01/2023 16:00:00,1.09750,17/01/2023 16:00:00,1.10665,@EC,-1,1,-1143.75,156.2500,-1818.7500,
18/01/2023 16:00:00,1.10190,23/01/2023 16:00:00,1.11050,@EC,-1,1,-1075.00,112.5000,-1412.5000,
24/01/2023 16:00:00,1.10865,27/01/2023 16:00:00,1.11285,@EC,-1,1,-525.00,150.0000,-993.7500,
30/01/2023 16:00:00,1.11360,06/02/2023 16:00:00,1.10260,@EC,1,1,-1375.00,1593.7500,-1437.5000,
09/02/2023 16:00:00,1.09355,14/02/2023 16:00:00,1.09470,@EC,-1,1,-143.75,712.5000,-1000.0000,
15/02/2023 16:00:00,1.09290,20/02/2023 16:00:00,1.09105,@EC,-1,1,231.25,1225.0000,-318.7500,
21/02/2023 16:00:00,1.08885,24/02/2023 16:00:00,1.08100,@EC,-1,1,981.25,1212.5000,-343.7500,
27/02/2023 16:00:00,1.07500,02/03/2023 16:00:00,1.08820,@EC,-1,1,-1650.00,43.7500,-1925.0000,
06/03/2023 16:00:00,1.08485,13/03/2023 16:00:00,1.08850,@EC,1,1,456.25,787.5000,-1456.2500,
15/03/2023 16:00:00,1.08815,20/03/2023 16:00:00,1.08750,@EC,-1,1,81.25,2000.0000,-62.5000,
24/03/2023 16:00:00,1.10185,29/03/2023 16:00:00,1.10365,@EC,-1,1,-225.00,1368.7500,-287.5000,
03/04/2023 16:00:00,1.10260,06/04/2023 16:00:00,1.10930,@EC,-1,1,-837.50,618.7500,-1681.2500,
10/04/2023 16:00:00,1.10610,13/04/2023 16:00:00,1.11735,@EC,-1,1,-1406.25,568.7500,-1531.2500,
14/04/2023 16:00:00,1.11575,19/04/2023 16:00:00,1.11530,@EC,-1,1,56.25,868.7500,-275.0000,
25/04/2023 16:00:00,1.11415,28/04/2023 16:00:00,1.11995,@EC,-1,1,-725.00,31.2500,-1606.2500,
02/05/2023 16:00:00,1.11360,05/05/2023 16:00:00,1.11815,@EC,-1,1,-568.75,287.5000,-1581.2500,
08/05/2023 16:00:00,1.12170,15/05/2023 16:00:00,1.10095,@EC,1,1,-2593.75,56.2500,-2593.7500,
16/05/2023 16:00:00,1.10535,23/05/2023 16:00:00,1.09705,@EC,1,1,-1037.50,168.7500,-1681.2500,
24/05/2023 16:00:00,1.09180,29/05/2023 16:00:00,1.08795,@EC,-1,1,481.25,768.7500,-506.2500,
30/05/2023 16:00:00,1.08585,02/06/2023 16:00:00,1.09135,@EC,-1,1,-687.50,881.2500,-762.5000,
05/06/2023 16:00:00,1.08550,08/06/2023 16:00:00,1.08465,@EC,-1,1,106.25,493.7500,-412.5000,
12/06/2023 16:00:00,1.08885,15/06/2023 16:00:00,1.09770,@EC,-1,1,-1106.25,125.0000,-1487.5000,
19/06/2023 16:00:00,1.10580,22/06/2023 16:00:00,1.11235,@EC,-1,1,-818.75,337.5000,-887.5000,
23/06/2023 16:00:00,1.10840,28/06/2023 16:00:00,1.10955,@EC,-1,1,-143.75,1312.5000,-331.2500,
29/06/2023 16:00:00,1.10295,04/07/2023 16:00:00,1.10430,@EC,-1,1,-168.75,818.7500,-537.5000,
05/07/2023 16:00:00,1.10055,10/07/2023 16:00:00,1.10930,@EC,-1,1,-1093.75,575.0000,-1187.5000,
17/07/2023 16:00:00,1.13285,20/07/2023 16:00:00,1.13235,@EC,-1,1,62.50,406.2500,-875.0000,
24/07/2023 16:00:00,1.12640,31/07/2023 16:00:00,1.11325,@EC,1,1,-1643.75,18.7500,-2575.0000,
01/08/2023 16:00:00,1.11075,04/08/2023 16:00:00,1.10600,@EC,-1,1,593.75,1056.2500,-293.7500,
08/08/2023 16:00:00,1.10755,11/08/2023 16:00:00,1.10900,@EC,-1,1,-181.25,462.5000,-1218.7500,
14/08/2023 16:00:00,1.10495,17/08/2023 16:00:00,1.09840,@EC,-1,1,818.75,912.5000,-206.2500,
18/08/2023 16:00:00,1.09595,23/08/2023 16:00:00,1.09455,@EC,-1,1,175.00,312.5000,-912.5000,
24/08/2023 16:00:00,1.09730,31/08/2023 16:00:00,1.10250,@EC,1,1,650.00,881.2500,-1356.2500,
01/09/2023 16:00:00,1.09305,06/09/2023 16:00:00,1.08165,@EC,-1,1,1425.00,1625.0000,-587.5000,
12/09/2023 16:00:00,1.07990,15/09/2023 16:00:00,1.07275,@EC,-1,1,893.75,1012.5000,-712.5000,
18/09/2023 16:00:00,1.07735,25/09/2023 16:00:00,1.07275,@EC,1,1,-575.00,593.7500,-968.7500,
02/10/2023 16:00:00,1.06360,05/10/2023 16:00:00,1.05830,@EC,-1,1,662.50,1387.5000,-425.0000,
06/10/2023 16:00:00,1.05745,11/10/2023 16:00:00,1.06780,@EC,-1,1,-1293.75,218.7500,-1493.7500,
12/10/2023 16:00:00,1.06540,17/10/2023 16:00:00,1.06315,@EC,-1,1,281.25,1093.7500,-143.7500,
18/10/2023 16:00:00,1.06030,23/10/2023 16:00:00,1.06620,@EC,-1,1,-737.50,131.2500,-1018.7500,
25/10/2023 16:00:00,1.06500,30/10/2023 16:00:00,1.06285,@EC,-1,1,268.75,806.2500,-162.5000,
01/11/2023 16:00:00,1.06210,06/11/2023 16:00:00,1.07900,@EC,-1,1,-2112.50,518.7500,-2343.7500,
07/11/2023 16:00:00,1.07775,10/11/2023 16:00:00,1.07270,@EC,-1,1,631.25,731.2500,-81.2500,
13/11/2023 16:00:00,1.07515,14/11/2023 16:00:00,1.09215,@EC,1,1,2125.00,2125.0000,-450.0000,
16/11/2023 16:00:00,1.08890,21/11/2023 16:00:00,1.09965,@EC,-1,1,-1343.75,106.2500,-1481.2500,
22/11/2023 16:00:00,1.09545,27/11/2023 16:00:00,1.09975,@EC,-1,1,-537.50,593.7500,-550.0000,
30/11/2023 16:00:00,1.10115,05/12/2023 16:00:00,1.08820,@EC,-1,1,1618.75,1987.5000,0.0000,
07/12/2023 16:00:00,1.08525,14/12/2023 16:00:00,1.09250,@EC,1,1,906.25,1118.7500,-1031.2500,
19/12/2023 16:00:00,1.09745,27/12/2023 16:00:00,1.10830,@EC,1,1,1356.25,1381.2500,-62.5000,
29/12/2023 16:00:00,1.10905,04/01/2024 16:00:00,1.09560,@EC,-1,1,1681.25,2056.2500,-306.2500,
05/01/2024 16:00:00,1.09475,10/01/2024 16:00:00,1.09600,@EC,-1,1,-156.25,493.7500,-1043.7500,
15/01/2024 16:00:00,1.09645,18/01/2024 16:00:00,1.09100,@EC,-1,1,681.25,1168.7500,-281.2500,
23/01/2024 16:00:00,1.09040,26/01/2024 16:00:00,1.08685,@EC,-1,1,443.75,750.0000,-650.0000,
31/01/2024 16:00:00,1.08330,05/02/2024 16:00:00,1.08000,@EC,-1,1,412.50,425.0000,-1050.0000,
07/02/2024 16:00:00,1.07800,14/02/2024 16:00:00,1.07225,@EC,1,1,-718.75,625.0000,-818.7500,
15/02/2024 16:00:00,1.07485,22/02/2024 16:00:00,1.08310,@EC,1,1,1031.25,1275.0000,-100.0000,
