22/01/2010 10:00:00,1.59075,26/01/2010 13:00:00,1.58945,@EC,-1,1,162.50,912.5000,-1000.0000,
28/01/2010 08:00:00,1.58045,01/02/2010 11:00:00,1.56885,@EC,-1,1,1450.00,1987.5000,-62.5000,
09/02/2010 16:00:00,1.55725,11/02/2010 20:00:00,1.54575,@EC,-1,1,1437.50,2300.0000,-425.0000,
12/02/2010 08:00:00,1.53545,16/02/2010 11:00:00,1.55465,@EC,-1,1,-2400.00,125.0000,-2350.0000,
17/02/2010 23:00:00,1.53705,22/02/2010 02:00:00,1.54145,@EC,-1,1,-550.00,1675.0000,-987.5000,
03/03/2010 19:00:00,1.54935,07/03/2010 22:00:00,1.54795,@EC,-1,1,175.00,2112.5000,-175.0000,
12/03/2010 15:00:00,1.55535,16/03/2010 19:00:00,1.55605,@EC,-1,1,-87.50,1475.0000,-350.0000,
16/03/2010 21:00:00,1.55645,19/03/2010,1.54225,@EC,-1,1,1775.00,2262.5000,-637.5000,
23/03/2010 05:00:00,1.53205,25/03/2010 08:00:00,1.51565,@EC,-1,1,2050.00,3000.0000,-512.5000,
25/03/2010 13:00:00,1.51395,29/03/2010 16:00:00,1.52765,@EC,-1,1,-1712.50,962.5000,-2037.5000,
02/04/2010 02:00:00,1.53665,06/04/2010 10:00:00,1.51685,@EC,-1,1,2475.00,2662.5000,-125.0000,
06/04/2010 23:00:00,1.51835,09/04/2010 02:00:00,1.51475,@EC,-1,1,450.00,1300.0000,-200.0000,
15/04/2010,1.54485,19/04/2010 03:00:00,1.52445,@EC,-1,1,2550.00,2675.0000,0.0000,
20/04/2010 15:00:00,1.52375,22/04/2010 19:00:00,1.50665,@EC,-1,1,2137.50,2275.0000,-100.0000,
27/04/2010 20:00:00,1.49775,29/04/2010 23:00:00,1.50345,@EC,-1,1,-712.50,800.0000,-1250.0000,
05/05/2010,1.47575,06/05/2010 14:00:00,1.43975,@EC,-1,1,4500.00,4350.0000,-475.0000,
13/05/2010 08:00:00,1.43935,16/05/2010 22:00:00,1.40335,@EC,-1,1,4500.00,4425.0000,-125.0000,
18/05/2010 10:00:00,1.42115,20/05/2010 13:00:00,1.41415,@EC,-1,1,875.00,3437.5000,-312.5000,
31/05/2010 05:00:00,1.40985,02/06/2010 12:00:00,1.40035,@EC,-1,1,1187.50,2375.0000,-687.5000,
07/06/2010 20:00:00,1.37245,09/06/2010 23:00:00,1.37725,@EC,-1,1,-600.00,300.0000,-1825.0000,
11/06/2010 04:00:00,1.39095,15/06/2010 07:00:00,1.40495,@EC,-1,1,-1750.00,850.0000,-2325.0000,
22/06/2010 19:00:00,1.40655,24/06/2010 22:00:00,1.41195,@EC,-1,1,-675.00,775.0000,-1462.5000,
28/06/2010 01:00:00,1.41765,30/06/2010 04:00:00,1.40235,@EC,-1,1,1912.50,2900.0000,-50.0000,
02/07/2010 04:00:00,1.42905,06/07/2010 11:00:00,1.44385,@EC,-1,1,-1850.00,250.0000,-1887.5000,
06/07/2010 18:00:00,1.44145,08/07/2010 21:00:00,1.44635,@EC,-1,1,-612.50,887.5000,-1225.0000,
12/07/2010 01:00:00,1.43865,14/07/2010 04:00:00,1.45045,@EC,-1,1,-1475.00,937.5000,-1762.5000,
14/07/2010 18:00:00,1.45295,15/07/2010 15:00:00,1.47215,@EC,-1,1,-2400.00,425.0000,-2275.0000,
20/07/2010 19:00:00,1.46795,22/07/2010 22:00:00,1.46755,@EC,-1,1,50.00,2012.5000,-512.5000,
28/07/2010 06:00:00,1.47915,30/07/2010 09:00:00,1.48165,@EC,-1,1,-312.50,450.0000,-1275.0000,
02/08/2010 06:00:00,1.48555,03/08/2010 06:00:00,1.50475,@EC,-1,1,-2400.00,62.5000,-2350.0000,
03/08/2010 23:00:00,1.50125,06/08/2010 02:00:00,1.49775,@EC,-1,1,437.50,1337.5000,-125.0000,
09/08/2010 16:00:00,1.50145,11/08/2010 11:00:00,1.46545,@EC,-1,1,4500.00,4475.0000,-100.0000,
12/08/2010 18:00:00,1.46135,16/08/2010 21:00:00,1.46055,@EC,-1,1,100.00,1175.0000,-1000.0000,
17/08/2010 09:00:00,1.46615,19/08/2010 12:00:00,1.46235,@EC,-1,1,475.00,1300.0000,-600.0000,
23/08/2010 14:00:00,1.44585,25/08/2010 18:00:00,1.44495,@EC,-1,1,112.50,1050.0000,-700.0000,
02/09/2010 01:00:00,1.45805,06/09/2010 04:00:00,1.46855,@EC,-1,1,-1312.50,225.0000,-1575.0000,
14/09/2010 09:00:00,1.46385,16/09/2010 04:00:00,1.48305,@EC,-1,1,-2400.00,50.0000,-2337.5000,
22/09/2010 01:00:00,1.50835,24/09/2010 04:00:00,1.51035,@EC,-1,1,-250.00,337.5000,-1825.0000,
27/09/2010 21:00:00,1.52335,29/09/2010 03:00:00,1.54255,@EC,-1,1,-2400.00,800.0000,-2387.5000,
15/10/2010 13:00:00,1.57975,19/10/2010 16:00:00,1.55115,@EC,-1,1,3575.00,3775.0000,0.0000,
19/10/2010 19:00:00,1.55215,20/10/2010 10:00:00,1.57135,@EC,-1,1,-2400.00,512.5000,-2300.0000,
21/10/2010 18:00:00,1.57115,25/10/2010 21:00:00,1.57475,@EC,-1,1,-450.00,862.5000,-1912.5000,
05/11/2010 05:00:00,1.59835,09/11/2010 03:00:00,1.56235,@EC,-1,1,4500.00,4500.0000,-125.0000,
09/11/2010 20:00:00,1.55615,11/11/2010 23:00:00,1.54125,@EC,-1,1,1862.50,2150.0000,-637.5000,
22/11/2010 04:00:00,1.55385,23/11/2010 11:00:00,1.51785,@EC,-1,1,4500.00,4375.0000,-75.0000,
03/12/2010,1.49945,03/12/2010 11:00:00,1.51865,@EC,-1,1,-2400.00,50.0000,-2275.0000,
06/12/2010,1.51535,08/12/2010 03:00:00,1.50095,@EC,-1,1,1800.00,2062.5000,-562.5000,
13/12/2010 19:00:00,1.51935,15/12/2010 22:00:00,1.50195,@EC,-1,1,2175.00,2300.0000,-1312.5000,
21/12/2010 07:00:00,1.49575,23/12/2010 10:00:00,1.48685,@EC,-1,1,1112.50,1275.0000,-462.5000,
03/01/2011,1.50985,05/01/2011 03:00:00,1.50725,@EC,-1,1,325.00,562.5000,-1725.0000,
07/01/2011 02:00:00,1.47925,11/01/2011 05:00:00,1.47295,@EC,-1,1,787.50,1462.5000,-450.0000,
14/01/2011 14:00:00,1.51495,18/01/2011 22:00:00,1.52395,@EC,-1,1,-1125.00,1375.0000,-1475.0000,
02/02/2011 10:00:00,1.56025,04/02/2011 13:00:00,1.53805,@EC,-1,1,2775.00,3237.5000,-300.0000,
09/02/2011 05:00:00,1.54405,11/02/2011 08:00:00,1.53325,@EC,-1,1,1350.00,1637.5000,-1300.0000,
01/03/2011 21:00:00,1.55775,03/03/2011 08:00:00,1.57695,@EC,-1,1,-2400.00,375.0000,-2275.0000,
07/03/2011 15:00:00,1.57675,09/03/2011 19:00:00,1.57045,@EC,-1,1,787.50,1387.5000,-275.0000,
15/03/2011 22:00:00,1.57815,18/03/2011 01:00:00,1.58745,@EC,-1,1,-1162.50,1387.5000,-1362.5000,
23/03/2011 20:00:00,1.59085,27/03/2011 23:00:00,1.58665,@EC,-1,1,525.00,1075.0000,-1450.0000,
29/03/2011 10:00:00,1.58785,31/03/2011 13:00:00,1.59945,@EC,-1,1,-1450.00,312.5000,-1975.0000,
05/04/2011 18:00:00,1.60245,07/04/2011 21:00:00,1.61135,@EC,-1,1,-1112.50,62.5000,-1587.5000,
15/04/2011 08:00:00,1.62595,19/04/2011 11:00:00,1.61165,@EC,-1,1,1787.50,3750.0000,-25.0000,
09/05/2011 12:00:00,1.61105,11/05/2011 15:00:00,1.60045,@EC,-1,1,1325.00,1587.5000,-1562.5000,
12/05/2011 18:00:00,1.60535,16/05/2011 21:00:00,1.59725,@EC,-1,1,1012.50,2412.5000,-1237.5000,
31/05/2011 02:00:00,1.62005,02/06/2011 05:00:00,1.62295,@EC,-1,1,-362.50,750.0000,-1000.0000,
02/06/2011 22:00:00,1.63115,07/06/2011 01:00:00,1.64225,@EC,-1,1,-1387.50,512.5000,-2062.5000,
08/06/2011 18:00:00,1.64055,12/06/2011 21:00:00,1.61735,@EC,-1,1,2900.00,3312.5000,-937.5000,
13/06/2011 20:00:00,1.62355,15/06/2011 23:00:00,1.60155,@EC,-1,1,2750.00,3212.5000,-1012.5000,
27/06/2011 04:00:00,1.59655,27/06/2011 18:00:00,1.61575,@EC,-1,1,-2400.00,125.0000,-2100.0000,
05/07/2011 19:00:00,1.62535,07/07/2011 22:00:00,1.61905,@EC,-1,1,787.50,2525.0000,-550.0000,
14/07/2011 14:00:00,1.60055,18/07/2011 18:00:00,1.59385,@EC,-1,1,837.50,1962.5000,-350.0000,
22/07/2011 06:00:00,1.62405,26/07/2011 09:00:00,1.63135,@EC,-1,1,-912.50,1000.0000,-1512.5000,
01/08/2011 14:00:00,1.60895,03/08/2011 18:00:00,1.62065,@EC,-1,1,-1462.50,1225.0000,-1462.5000,
04/08/2011 07:00:00,1.61005,08/08/2011 10:00:00,1.60365,@EC,-1,1,800.00,2487.5000,-1912.5000,
09/08/2011 23:00:00,1.62055,12/08/2011 02:00:00,1.60505,@EC,-1,1,1937.50,3087.5000,-625.0000,
15/08/2011 03:00:00,1.61515,17/08/2011 06:00:00,1.62865,@EC,-1,1,-1687.50,437.5000,-2262.5000,
17/08/2011 14:00:00,1.62995,21/08/2011 18:00:00,1.62325,@EC,-1,1,837.50,2325.0000,-150.0000,
24/08/2011 14:00:00,1.62795,28/08/2011 18:00:00,1.63505,@EC,-1,1,-887.50,1212.5000,-1012.5000,
29/08/2011 15:00:00,1.63635,31/08/2011 19:00:00,1.62305,@EC,-1,1,1662.50,1850.0000,-337.5000,
02/09/2011 01:00:00,1.61265,06/09/2011 08:00:00,1.59705,@EC,-1,1,1950.00,2875.0000,-262.5000,
11/09/2011 23:00:00,1.54485,14/09/2011 02:00:00,1.54875,@EC,-1,1,-487.50,1100.0000,-1800.0000,
16/09/2011 06:00:00,1.56575,20/09/2011 09:00:00,1.55635,@EC,-1,1,1175.00,2750.0000,-450.0000,
20/09/2011 15:00:00,1.55375,22/09/2011 19:00:00,1.53355,@EC,-1,1,2525.00,3712.5000,-1425.0000,
27/09/2011 03:00:00,1.53895,29/09/2011 06:00:00,1.55085,@EC,-1,1,-1487.50,675.0000,-1937.5000,
29/09/2011 09:00:00,1.54845,03/10/2011 11:00:00,1.51245,@EC,-1,1,4500.00,4450.0000,-450.0000,
13/10/2011 08:00:00,1.55855,17/10/2011 11:00:00,1.56175,@EC,-1,1,-400.00,612.5000,-2250.0000,
18/10/2011 18:00:00,1.55875,20/10/2011 21:00:00,1.56335,@EC,-1,1,-575.00,975.0000,-1687.5000,
21/10/2011 01:00:00,1.56325,25/10/2011 04:00:00,1.57815,@EC,-1,1,-1862.50,937.5000,-2212.5000,
31/10/2011 20:00:00,1.57145,02/11/2011 23:00:00,1.55375,@EC,-1,1,2212.50,3125.0000,-150.0000,
11/11/2011 16:00:00,1.56155,15/11/2011 20:00:00,1.53755,@EC,-1,1,3000.00,3300.0000,-487.5000,
21/11/2011 16:00:00,1.53615,23/11/2011 20:00:00,1.52195,@EC,-1,1,1775.00,2275.0000,-850.0000,
24/11/2011 12:00:00,1.52005,28/11/2011 23:00:00,1.51955,@EC,-1,1,62.50,1600.0000,-762.5000,
30/11/2011 05:00:00,1.51445,30/11/2011 08:00:00,1.53365,@EC,-1,1,-2400.00,112.5000,-2050.0000,
02/12/2011 09:00:00,1.53655,06/12/2011 12:00:00,1.52565,@EC,-1,1,1362.50,2150.0000,-50.0000,
07/12/2011 20:00:00,1.52675,11/12/2011 23:00:00,1.52095,@EC,-1,1,725.00,1575.0000,-675.0000,
12/12/2011 08:00:00,1.51355,14/12/2011 11:00:00,1.48195,@EC,-1,1,3950.00,4012.5000,-50.0000,
22/12/2011 15:00:00,1.49075,28/12/2011 07:00:00,1.49305,@EC,-1,1,-287.50,225.0000,-637.5000,
06/01/2012 12:00:00,1.45785,10/01/2012 15:00:00,1.46445,@EC,-1,1,-825.00,700.0000,-1187.5000,
17/01/2012 12:00:00,1.45915,19/01/2012 11:00:00,1.47835,@EC,-1,1,-2400.00,275.0000,-2375.0000,
20/01/2012 03:00:00,1.48195,24/01/2012 06:00:00,1.48485,@EC,-1,1,-362.50,1125.0000,-1200.0000,
26/01/2012 18:00:00,1.49565,30/01/2012 21:00:00,1.50115,@EC,-1,1,-687.50,362.5000,-1625.0000,
31/01/2012 14:00:00,1.49285,02/02/2012 18:00:00,1.49965,@EC,-1,1,-850.00,650.0000,-1775.0000,
07/02/2012 01:00:00,1.49555,09/02/2012 01:00:00,1.51475,@EC,-1,1,-2400.00,112.5000,-2300.0000,
09/02/2012 18:00:00,1.51375,13/02/2012 21:00:00,1.50095,@EC,-1,1,1600.00,1762.5000,-50.0000,
15/02/2012 12:00:00,1.49375,17/02/2012 15:00:00,1.50095,@EC,-1,1,-900.00,1412.5000,-1387.5000,
24/02/2012,1.52205,28/02/2012 03:00:00,1.52935,@EC,-1,1,-912.50,162.5000,-1462.5000,
08/03/2012 16:00:00,1.51155,12/03/2012 20:00:00,1.50175,@EC,-1,1,1225.00,2375.0000,-212.5000,
20/03/2012 15:00:00,1.50765,22/03/2012 19:00:00,1.50445,@EC,-1,1,400.00,1212.5000,-687.5000,
03/04/2012 06:00:00,1.51885,05/04/2012 09:00:00,1.48935,@EC,-1,1,3687.50,3825.0000,-50.0000,
05/04/2012 15:00:00,1.49075,10/04/2012,1.49765,@EC,-1,1,-862.50,387.5000,-1025.0000,
10/04/2012 19:00:00,1.49245,12/04/2012 22:00:00,1.50265,@EC,-1,1,-1275.00,162.5000,-1662.5000,
16/04/2012,1.48645,18/04/2012 03:00:00,1.49625,@EC,-1,1,-1225.00,312.5000,-1912.5000,
18/04/2012 08:00:00,1.49255,20/04/2012 11:00:00,1.50505,@EC,-1,1,-1562.50,312.5000,-1787.5000,
23/04/2012,1.50355,25/04/2012 03:00:00,1.50465,@EC,-1,1,-137.50,1112.5000,-325.0000,
25/04/2012 07:00:00,1.50555,27/04/2012 10:00:00,1.50925,@EC,-1,1,-462.50,700.0000,-712.5000,
04/05/2012 03:00:00,1.49925,08/05/2012 06:00:00,1.48565,@EC,-1,1,1700.00,2450.0000,-362.5000,
09/05/2012 01:00:00,1.48105,11/05/2012 04:00:00,1.47675,@EC,-1,1,537.50,812.5000,-362.5000,
23/05/2012 14:00:00,1.44125,27/05/2012 18:00:00,1.44095,@EC,-1,1,37.50,962.5000,-612.5000,
29/05/2012 09:00:00,1.43745,31/05/2012 12:00:00,1.42025,@EC,-1,1,2150.00,2475.0000,-250.0000,
03/06/2012 23:00:00,1.42355,06/06/2012 02:00:00,1.43255,@EC,-1,1,-1125.00,12.5000,-1837.5000,
07/06/2012 20:00:00,1.44075,11/06/2012 23:00:00,1.43145,@EC,-1,1,1162.50,1662.5000,-1187.5000,
17/06/2012 18:00:00,1.45765,19/06/2012 21:00:00,1.45015,@EC,-1,1,937.50,2337.5000,-62.5000,
20/06/2012 23:00:00,1.45035,25/06/2012 02:00:00,1.43565,@EC,-1,1,1837.50,1912.5000,-350.0000,
28/06/2012 09:00:00,1.42665,28/06/2012 23:00:00,1.44585,@EC,-1,1,-2400.00,250.0000,-1037.5000,
29/06/2012 15:00:00,1.44915,03/07/2012 19:00:00,1.44385,@EC,-1,1,662.50,1237.5000,-162.5000,
05/07/2012 07:00:00,1.43465,09/07/2012 10:00:00,1.41255,@EC,-1,1,2762.50,3225.0000,-175.0000,
10/07/2012 02:00:00,1.41255,12/07/2012 05:00:00,1.40485,@EC,-1,1,962.50,1062.5000,-525.0000,
13/07/2012 14:00:00,1.40695,17/07/2012 18:00:00,1.41225,@EC,-1,1,-662.50,787.5000,-1000.0000,
19/07/2012 04:00:00,1.41265,23/07/2012 07:00:00,1.39655,@EC,-1,1,2012.50,2675.0000,-312.5000,
23/07/2012 21:00:00,1.39525,26/07/2012,1.39605,@EC,-1,1,-100.00,987.5000,-612.5000,
29/07/2012 18:00:00,1.41325,31/07/2012 21:00:00,1.41195,@EC,-1,1,162.50,962.5000,-350.0000,
01/08/2012 14:00:00,1.41285,05/08/2012 18:00:00,1.42205,@EC,-1,1,-1150.00,2075.0000,-1337.5000,
15/08/2012 10:00:00,1.41095,17/08/2012 13:00:00,1.41445,@EC,-1,1,-437.50,362.5000,-1237.5000,
28/08/2012 10:00:00,1.43755,30/08/2012 13:00:00,1.43255,@EC,-1,1,625.00,812.5000,-337.5000,
04/09/2012 18:00:00,1.43905,06/09/2012 21:00:00,1.44535,@EC,-1,1,-787.50,812.5000,-1075.0000,
06/09/2012 22:00:00,1.44525,11/09/2012 01:00:00,1.45925,@EC,-1,1,-1750.00,37.5000,-2375.0000,
18/09/2012 16:00:00,1.48605,20/09/2012 20:00:00,1.47955,@EC,-1,1,812.50,1487.5000,-600.0000,
23/09/2012 21:00:00,1.47955,26/09/2012,1.47215,@EC,-1,1,925.00,1075.0000,-12.5000,
28/09/2012 13:00:00,1.46975,02/10/2012 16:00:00,1.47395,@EC,-1,1,-525.00,912.5000,-1162.5000,
02/10/2012 19:00:00,1.47395,04/10/2012 22:00:00,1.48385,@EC,-1,1,-1237.50,500.0000,-1412.5000,
17/10/2012 04:00:00,1.49165,19/10/2012 07:00:00,1.48695,@EC,-1,1,587.50,762.5000,-525.0000,
23/10/2012 01:00:00,1.48745,25/10/2012 04:00:00,1.48295,@EC,-1,1,562.50,1712.5000,-25.0000,
31/10/2012 14:00:00,1.47865,04/11/2012 18:00:00,1.46375,@EC,-1,1,1862.50,1862.5000,-162.5000,
05/11/2012 06:00:00,1.46155,07/11/2012 09:00:00,1.45705,@EC,-1,1,562.50,787.5000,-962.5000,
11/11/2012 22:00:00,1.45375,14/11/2012 01:00:00,1.45345,@EC,-1,1,37.50,762.5000,-212.5000,
14/11/2012 15:00:00,1.45615,18/11/2012 19:00:00,1.45735,@EC,-1,1,-150.00,712.5000,-712.5000,
26/11/2012 15:00:00,1.47775,28/11/2012 19:00:00,1.47645,@EC,-1,1,162.50,1062.5000,-575.0000,
04/12/2012 21:00:00,1.49135,07/12/2012,1.47805,@EC,-1,1,1662.50,1887.5000,-350.0000,
11/12/2012 18:00:00,1.48155,13/12/2012 21:00:00,1.48935,@EC,-1,1,-975.00,112.5000,-1187.5000,
16/12/2012 19:00:00,1.49765,18/12/2012 22:00:00,1.50595,@EC,-1,1,-1037.50,275.0000,-1125.0000,
19/12/2012 15:00:00,1.50575,23/12/2012 19:00:00,1.49895,@EC,-1,1,850.00,1112.5000,-612.5000,
26/12/2012 21:00:00,1.50405,31/12/2012,1.50045,@EC,-1,1,450.00,837.5000,-662.5000,
03/01/2013 01:00:00,1.49445,07/01/2013 04:00:00,1.48305,@EC,-1,1,1425.00,1762.5000,-400.0000,
08/01/2013 23:00:00,1.48805,10/01/2013 16:00:00,1.50725,@EC,-1,1,-2400.00,475.0000,-2387.5000,
16/01/2013,1.50955,18/01/2013 03:00:00,1.51985,@EC,-1,1,-1287.50,437.5000,-1337.5000,
28/01/2013 01:00:00,1.52595,30/01/2013 04:00:00,1.53085,@EC,-1,1,-612.50,537.5000,-775.0000,
30/01/2013 18:00:00,1.53695,03/02/2013 21:00:00,1.54275,@EC,-1,1,-725.00,325.0000,-1800.0000,
04/02/2013 08:00:00,1.53735,06/02/2013 11:00:00,1.53395,@EC,-1,1,425.00,1412.5000,-337.5000,
08/02/2013 15:00:00,1.51635,12/02/2013 19:00:00,1.52535,@EC,-1,1,-1125.00,62.5000,-1437.5000,
14/02/2013 08:00:00,1.51415,18/02/2013 19:00:00,1.51495,@EC,-1,1,-100.00,437.5000,-662.5000,
19/02/2013 09:00:00,1.51475,21/02/2013 12:00:00,1.50055,@EC,-1,1,1775.00,2262.5000,-1100.0000,
24/02/2013 18:00:00,1.49935,26/02/2013 21:00:00,1.48475,@EC,-1,1,1825.00,2187.5000,-1575.0000,
28/02/2013 19:00:00,1.48605,04/03/2013 22:00:00,1.48275,@EC,-1,1,412.50,1187.5000,-512.5000,
06/03/2013 08:00:00,1.48345,08/03/2013 11:00:00,1.47805,@EC,-1,1,675.00,1012.5000,-1237.5000,
08/03/2013 12:00:00,1.47915,12/03/2013 15:00:00,1.48195,@EC,-1,1,-350.00,450.0000,-950.0000,
15/03/2013 02:00:00,1.48095,19/03/2013 05:00:00,1.47275,@EC,-1,1,1025.00,1662.5000,-1125.0000,
19/03/2013 15:00:00,1.46675,21/03/2013 19:00:00,1.46915,@EC,-1,1,-300.00,212.5000,-1312.5000,
21/03/2013 20:00:00,1.46955,25/03/2013 23:00:00,1.46585,@EC,-1,1,462.50,925.0000,-2237.5000,
26/03/2013 15:00:00,1.46495,31/03/2013 19:00:00,1.46005,@EC,-1,1,612.50,1337.5000,-112.5000,
04/04/2013 08:00:00,1.46025,05/04/2013 08:00:00,1.47945,@EC,-1,1,-2400.00,837.5000,-1850.0000,
09/04/2013 10:00:00,1.48375,11/04/2013 13:00:00,1.49145,@EC,-1,1,-962.50,237.5000,-1150.0000,
19/04/2013 14:00:00,1.48645,23/04/2013 18:00:00,1.47915,@EC,-1,1,912.50,1287.5000,-125.0000,
25/04/2013 09:00:00,1.48595,29/04/2013 12:00:00,1.48775,@EC,-1,1,-225.00,1025.0000,-575.0000,
06/05/2013 13:00:00,1.48625,08/05/2013 16:00:00,1.49435,@EC,-1,1,-1012.50,87.5000,-1500.0000,
09/05/2013 19:00:00,1.48265,13/05/2013 22:00:00,1.48025,@EC,-1,1,300.00,1300.0000,-150.0000,
14/05/2013 09:00:00,1.47595,16/05/2013 12:00:00,1.46835,@EC,-1,1,950.00,1625.0000,-275.0000,
16/05/2013 20:00:00,1.46705,20/05/2013 23:00:00,1.46755,@EC,-1,1,-62.50,1100.0000,-250.0000,
21/05/2013 16:00:00,1.46915,23/05/2013 20:00:00,1.47085,@EC,-1,1,-212.50,1050.0000,-1162.5000,
28/05/2013 14:00:00,1.46505,30/05/2013 10:00:00,1.48425,@EC,-1,1,-2400.00,337.5000,-2312.5000,
30/05/2013 22:00:00,1.48305,04/06/2013 01:00:00,1.48475,@EC,-1,1,-212.50,1262.5000,-787.5000,
05/06/2013 09:00:00,1.48565,06/06/2013 11:00:00,1.50485,@EC,-1,1,-2400.00,150.0000,-2150.0000,
12/06/2013 04:00:00,1.50985,14/06/2013 07:00:00,1.51095,@EC,-1,1,-137.50,537.5000,-1037.5000,
17/06/2013 03:00:00,1.51135,19/06/2013 06:00:00,1.51785,@EC,-1,1,-812.50,62.5000,-1162.5000,
19/06/2013 07:00:00,1.51815,21/06/2013 10:00:00,1.49525,@EC,-1,1,2862.50,3087.5000,-325.0000,
26/06/2013 14:00:00,1.47935,30/06/2013 18:00:00,1.47975,@EC,-1,1,-50.00,187.5000,-1225.0000,
02/07/2013 08:00:00,1.48155,04/07/2013 11:00:00,1.46995,@EC,-1,1,1450.00,1812.5000,-137.5000,
04/07/2013 12:00:00,1.47045,08/07/2013 20:00:00,1.46475,@EC,-1,1,712.50,1412.5000,-200.0000,
10/07/2013 09:00:00,1.46075,10/07/2013 18:00:00,1.47995,@EC,-1,1,-2400.00,87.5000,-2400.0000,
12/07/2013 07:00:00,1.48305,16/07/2013 10:00:00,1.49105,@EC,-1,1,-1000.00,637.5000,-1175.0000,
06/08/2013 20:00:00,1.50915,08/08/2013 23:00:00,1.51655,@EC,-1,1,-925.00,512.5000,-1175.0000,
12/08/2013 22:00:00,1.50805,15/08/2013 01:00:00,1.50765,@EC,-1,1,50.00,775.0000,-287.5000,
15/08/2013 20:00:00,1.51355,19/08/2013 23:00:00,1.51215,@EC,-1,1,175.00,500.0000,-375.0000,
27/08/2013 01:00:00,1.51585,29/08/2013 04:00:00,1.50475,@EC,-1,1,1387.50,1512.5000,-312.5000,
06/09/2013 09:00:00,1.49145,10/09/2013 12:00:00,1.50415,@EC,-1,1,-1587.50,62.5000,-1850.0000,
11/09/2013 03:00:00,1.50355,13/09/2013 06:00:00,1.50715,@EC,-1,1,-450.00,12.5000,-887.5000,
16/09/2013 19:00:00,1.51185,18/09/2013 16:00:00,1.53105,@EC,-1,1,-2400.00,150.0000,-2325.0000,
26/09/2013 14:00:00,1.52585,30/09/2013 18:00:00,1.53015,@EC,-1,1,-537.50,50.0000,-1075.0000,
01/10/2013 14:00:00,1.53095,03/10/2013 18:00:00,1.54015,@EC,-1,1,-1150.00,312.5000,-1462.5000,
09/10/2013 01:00:00,1.53485,11/10/2013 04:00:00,1.53405,@EC,-1,1,100.00,1037.5000,-12.5000,
17/10/2013 23:00:00,1.54435,22/10/2013 02:00:00,1.54475,@EC,-1,1,-50.00,162.5000,-512.5000,
07/11/2013 11:00:00,1.51605,11/11/2013 14:00:00,1.51865,@EC,-1,1,-325.00,812.5000,-875.0000,
13/11/2013 08:00:00,1.51965,15/11/2013 11:00:00,1.52515,@EC,-1,1,-687.50,350.0000,-1100.0000,
18/11/2013 02:00:00,1.52695,20/11/2013 05:00:00,1.53005,@EC,-1,1,-387.50,50.0000,-1125.0000,
28/11/2013 09:00:00,1.53725,02/12/2013 20:00:00,1.53135,@EC,-1,1,737.50,862.5000,-350.0000,
03/12/2013 19:00:00,1.53695,05/12/2013 22:00:00,1.54445,@EC,-1,1,-937.50,800.0000,-1075.0000,
10/12/2013 14:00:00,1.55515,12/12/2013 18:00:00,1.55275,@EC,-1,1,300.00,450.0000,-475.0000,
13/12/2013 08:00:00,1.55085,17/12/2013 11:00:00,1.55095,@EC,-1,1,-12.50,225.0000,-850.0000,
29/12/2013 18:00:00,1.55385,02/01/2014 09:00:00,1.54295,@EC,-1,1,1362.50,1550.0000,-750.0000,
02/01/2014 23:00:00,1.54375,07/01/2014 02:00:00,1.53995,@EC,-1,1,475.00,1087.5000,-100.0000,
16/01/2014 02:00:00,1.53985,20/01/2014 05:00:00,1.53325,@EC,-1,1,825.00,1412.5000,-375.0000,
21/01/2014 03:00:00,1.53245,23/01/2014 06:00:00,1.54155,@EC,-1,1,-1137.50,375.0000,-1275.0000,
23/01/2014 23:00:00,1.54635,28/01/2014 02:00:00,1.54645,@EC,-1,1,-12.50,400.0000,-700.0000,
02/02/2014 19:00:00,1.52655,04/02/2014 22:00:00,1.52965,@EC,-1,1,-387.50,125.0000,-662.5000,
07/02/2014 09:00:00,1.53725,11/02/2014 12:00:00,1.54315,@EC,-1,1,-737.50,225.0000,-1125.0000,
13/02/2014 09:00:00,1.54465,17/02/2014 12:00:00,1.54845,@EC,-1,1,-475.00,50.0000,-725.0000,
26/02/2014 03:00:00,1.55205,28/02/2014 06:00:00,1.55715,@EC,-1,1,-637.50,1225.0000,-912.5000,
07/03/2014 02:00:00,1.56395,11/03/2014 05:00:00,1.56405,@EC,-1,1,-12.50,137.5000,-687.5000,
14/03/2014 16:00:00,1.56885,18/03/2014 20:00:00,1.57105,@EC,-1,1,-275.00,350.0000,-512.5000,
20/03/2014 10:00:00,1.55485,24/03/2014 13:00:00,1.55675,@EC,-1,1,-237.50,237.5000,-912.5000,
26/03/2014 14:00:00,1.55685,30/03/2014 18:00:00,1.55335,@EC,-1,1,437.50,1050.0000,-125.0000,
31/03/2014 01:00:00,1.55315,02/04/2014 04:00:00,1.55835,@EC,-1,1,-650.00,400.0000,-862.5000,
02/04/2014 08:00:00,1.55735,04/04/2014 11:00:00,1.54735,@EC,-1,1,1250.00,1525.0000,-212.5000,
10/04/2014 20:00:00,1.56675,14/04/2014 23:00:00,1.55975,@EC,-1,1,875.00,987.5000,-225.0000,
16/04/2014 19:00:00,1.55985,21/04/2014 22:00:00,1.55735,@EC,-1,1,312.50,387.5000,-600.0000,
29/04/2014 15:00:00,1.55905,01/05/2014 19:00:00,1.56505,@EC,-1,1,-750.00,500.0000,-1000.0000,
05/05/2014 20:00:00,1.56565,07/05/2014 23:00:00,1.56975,@EC,-1,1,-512.50,37.5000,-950.0000,
09/05/2014 16:00:00,1.55345,13/05/2014 20:00:00,1.54885,@EC,-1,1,575.00,812.5000,-262.5000,
15/05/2014 08:00:00,1.54435,19/05/2014 11:00:00,1.54995,@EC,-1,1,-700.00,200.0000,-912.5000,
22/05/2014 15:00:00,1.54325,26/05/2014 23:00:00,1.54435,@EC,-1,1,-137.50,450.0000,-225.0000,
27/05/2014 07:00:00,1.54275,29/05/2014 10:00:00,1.53835,@EC,-1,1,550.00,737.5000,-37.5000,
03/06/2014 18:00:00,1.54085,05/06/2014 21:00:00,1.54405,@EC,-1,1,-400.00,1550.0000,-562.5000,
06/06/2014 13:00:00,1.54205,10/06/2014 16:00:00,1.53285,@EC,-1,1,1150.00,1312.5000,-375.0000,
11/06/2014 13:00:00,1.53185,13/06/2014 16:00:00,1.53235,@EC,-1,1,-62.50,275.0000,-562.5000,
16/06/2014 21:00:00,1.53635,19/06/2014,1.53745,@EC,-1,1,-137.50,525.0000,-312.5000,
19/06/2014 18:00:00,1.53915,23/06/2014 21:00:00,1.53855,@EC,-1,1,75.00,550.0000,-337.5000,
26/06/2014 03:00:00,1.54195,30/06/2014 06:00:00,1.54375,@EC,-1,1,-225.00,750.0000,-337.5000,
30/06/2014 20:00:00,1.54755,02/07/2014 23:00:00,1.54355,@EC,-1,1,500.00,650.0000,-125.0000,
03/07/2014 12:00:00,1.53935,07/07/2014 20:00:00,1.53905,@EC,-1,1,37.50,425.0000,-37.5000,
09/07/2014 03:00:00,1.54015,11/07/2014 06:00:00,1.53885,@EC,-1,1,162.50,362.5000,-412.5000,
20/07/2014 23:00:00,1.53135,23/07/2014 02:00:00,1.52475,@EC,-1,1,825.00,925.0000,-237.5000,
30/07/2014 12:00:00,1.51595,01/08/2014 15:00:00,1.52105,@EC,-1,1,-637.50,112.5000,-850.0000,
18/08/2014 13:00:00,1.51445,20/08/2014 16:00:00,1.50435,@EC,-1,1,1262.50,1337.5000,-50.0000,
22/08/2014 14:00:00,1.50195,26/08/2014 22:00:00,1.49445,@EC,-1,1,937.50,1075.0000,-300.0000,
28/08/2014 05:00:00,1.49885,01/09/2014 08:00:00,1.49175,@EC,-1,1,887.50,1100.0000,-100.0000,
02/09/2014 01:00:00,1.49015,04/09/2014 04:00:00,1.49235,@EC,-1,1,-275.00,125.0000,-500.0000,
04/09/2014 14:00:00,1.47335,08/09/2014 18:00:00,1.46795,@EC,-1,1,675.00,887.5000,-487.5000,
10/09/2014 02:00:00,1.47075,12/09/2014 05:00:00,1.47035,@EC,-1,1,50.00,550.0000,-437.5000,
15/09/2014 08:00:00,1.47015,17/09/2014 11:00:00,1.47375,@EC,-1,1,-450.00,175.0000,-925.0000,
22/09/2014 23:00:00,1.46295,25/09/2014 02:00:00,1.45415,@EC,-1,1,1100.00,1137.5000,-600.0000,
30/09/2014 09:00:00,1.43725,02/10/2014 12:00:00,1.44445,@EC,-1,1,-900.00,162.5000,-1187.5000,
13/10/2014 23:00:00,1.45015,16/10/2014 02:00:00,1.45905,@EC,-1,1,-1112.50,1275.0000,-2012.5000,
16/10/2014 09:00:00,1.45235,20/10/2014 12:00:00,1.45575,@EC,-1,1,-425.00,225.0000,-1137.5000,
21/10/2014 13:00:00,1.45065,23/10/2014 16:00:00,1.44235,@EC,-1,1,1037.50,1500.0000,-112.5000,
24/10/2014 14:00:00,1.44465,28/10/2014 18:00:00,1.45065,@EC,-1,1,-750.00,125.0000,-1150.0000,
28/10/2014 19:00:00,1.45095,30/10/2014 22:00:00,1.43735,@EC,-1,1,1700.00,2400.0000,-437.5000,
04/11/2014 05:00:00,1.42845,06/11/2014 08:00:00,1.42935,@EC,-1,1,-112.50,687.5000,-825.0000,
11/11/2014 19:00:00,1.42485,13/11/2014 22:00:00,1.42255,@EC,-1,1,287.50,712.5000,-275.0000,
17/11/2014 08:00:00,1.42685,19/11/2014 11:00:00,1.43135,@EC,-1,1,-562.50,675.0000,-925.0000,
19/11/2014 18:00:00,1.43195,23/11/2014 21:00:00,1.41575,@EC,-1,1,2025.00,2300.0000,-337.5000,
25/11/2014 15:00:00,1.42425,27/11/2014 23:00:00,1.42185,@EC,-1,1,300.00,350.0000,-762.5000,
28/11/2014 01:00:00,1.42205,02/12/2014 07:00:00,1.42105,@EC,-1,1,125.00,375.0000,-725.0000,
02/12/2014 16:00:00,1.41515,04/12/2014 20:00:00,1.41585,@EC,-1,1,-87.50,1312.5000,-950.0000,
05/12/2014 12:00:00,1.40735,09/12/2014 15:00:00,1.41445,@EC,-1,1,-887.50,725.0000,-1800.0000,
11/12/2014 12:00:00,1.41655,15/12/2014 15:00:00,1.42045,@EC,-1,1,-487.50,350.0000,-1100.0000,
17/12/2014 14:00:00,1.41835,21/12/2014 18:00:00,1.39915,@EC,-1,1,2400.00,2425.0000,-762.5000,
23/12/2014 12:00:00,1.39485,28/12/2014 19:00:00,1.39375,@EC,-1,1,137.50,162.5000,-612.5000,
29/12/2014 06:00:00,1.39595,31/12/2014 09:00:00,1.39005,@EC,-1,1,737.50,837.5000,-312.5000,
31/12/2014 14:00:00,1.38685,05/01/2015 18:00:00,1.37025,@EC,-1,1,2075.00,2662.5000,-62.5000,
05/01/2015 19:00:00,1.37055,07/01/2015 22:00:00,1.35885,@EC,-1,1,1462.50,1700.0000,-400.0000,
08/01/2015 18:00:00,1.35585,12/01/2015 21:00:00,1.36115,@EC,-1,1,-662.50,362.5000,-1000.0000,
14/01/2015 16:00:00,1.35575,18/01/2015 20:00:00,1.33275,@EC,-1,1,2875.00,4125.0000,-12.5000,
20/01/2015 16:00:00,1.33165,22/01/2015 20:00:00,1.31275,@EC,-1,1,2362.50,2937.5000,-1637.5000,
28/01/2015 20:00:00,1.30545,01/02/2015 23:00:00,1.30745,@EC,-1,1,-250.00,350.0000,-975.0000,
03/02/2015 21:00:00,1.32305,06/02/2015,1.32345,@EC,-1,1,-50.00,2025.0000,-412.5000,
06/02/2015 05:00:00,1.32185,10/02/2015 08:00:00,1.30525,@EC,-1,1,2075.00,2287.5000,-162.5000,
10/02/2015 09:00:00,1.30605,12/02/2015 12:00:00,1.31725,@EC,-1,1,-1400.00,212.5000,-1587.5000,
17/02/2015 23:00:00,1.31685,20/02/2015 02:00:00,1.31225,@EC,-1,1,575.00,887.5000,-575.0000,
22/02/2015 20:00:00,1.31425,24/02/2015 23:00:00,1.31125,@EC,-1,1,375.00,1150.0000,-187.5000,
25/02/2015 09:00:00,1.31115,27/02/2015 12:00:00,1.29595,@EC,-1,1,1900.00,2175.0000,-387.5000,
02/03/2015 14:00:00,1.29545,04/03/2015 18:00:00,1.28425,@EC,-1,1,1400.00,1637.5000,-312.5000,
10/03/2015 03:00:00,1.25645,12/03/2015 06:00:00,1.23655,@EC,-1,1,2487.50,3800.0000,-337.5000,
13/03/2015,1.23805,17/03/2015 03:00:00,1.23485,@EC,-1,1,400.00,1912.5000,-262.5000,
18/03/2015 21:00:00,1.26525,23/03/2015,1.25755,@EC,-1,1,962.50,3412.5000,-25.0000,
24/03/2015 13:00:00,1.26895,26/03/2015 16:00:00,1.26515,@EC,-1,1,475.00,850.0000,-1612.5000,
27/03/2015 07:00:00,1.25955,31/03/2015 10:00:00,1.25035,@EC,-1,1,1150.00,1462.5000,-1500.0000,
06/04/2015 20:00:00,1.26995,08/04/2015 23:00:00,1.25465,@EC,-1,1,1912.50,2200.0000,-250.0000,
15/04/2015 11:00:00,1.23725,16/04/2015 14:00:00,1.25645,@EC,-1,1,-2400.00,325.0000,-2375.0000,
20/04/2015 16:00:00,1.25005,22/04/2015 20:00:00,1.24865,@EC,-1,1,175.00,987.5000,-787.5000,
01/05/2015,1.29685,05/05/2015 03:00:00,1.28505,@EC,-1,1,1475.00,1512.5000,-1037.5000,
11/05/2015 11:00:00,1.29085,13/05/2015 10:00:00,1.31005,@EC,-1,1,-2400.00,225.0000,-2312.5000,
18/05/2015 18:00:00,1.30745,20/05/2015 21:00:00,1.28755,@EC,-1,1,2487.50,3175.0000,-137.5000,
24/05/2015 18:00:00,1.27415,27/05/2015 01:00:00,1.26465,@EC,-1,1,1187.50,1512.5000,-325.0000,
05/06/2015 12:00:00,1.28635,08/06/2015 16:00:00,1.30555,@EC,-1,1,-2400.00,300.0000,-2325.0000,
11/06/2015 21:00:00,1.30075,16/06/2015,1.30335,@EC,-1,1,-325.00,1275.0000,-562.5000,
18/06/2015 11:00:00,1.31555,22/06/2015 14:00:00,1.30945,@EC,-1,1,762.50,1375.0000,-437.5000,
26/06/2015,1.29395,30/06/2015 03:00:00,1.29155,@EC,-1,1,300.00,2962.5000,-1162.5000,
30/06/2015 14:00:00,1.29015,02/07/2015 20:00:00,1.28375,@EC,-1,1,800.00,1475.0000,-325.0000,
02/07/2015 21:00:00,1.28375,07/07/2015 04:00:00,1.27585,@EC,-1,1,987.50,1312.5000,-400.0000,
08/07/2015 15:00:00,1.28125,12/07/2015 19:00:00,1.28695,@EC,-1,1,-712.50,887.5000,-1925.0000,
13/07/2015 18:00:00,1.27555,15/07/2015 21:00:00,1.26835,@EC,-1,1,900.00,962.5000,-1025.0000,
15/07/2015 23:00:00,1.26815,20/07/2015 02:00:00,1.25775,@EC,-1,1,1300.00,1412.5000,-200.0000,
20/07/2015 16:00:00,1.25845,22/07/2015 20:00:00,1.26725,@EC,-1,1,-1100.00,337.5000,-1662.5000,
24/07/2015 07:00:00,1.27015,28/07/2015 10:00:00,1.27875,@EC,-1,1,-1075.00,362.5000,-2200.0000,
28/07/2015 11:00:00,1.27865,30/07/2015 14:00:00,1.26625,@EC,-1,1,1550.00,1837.5000,-562.5000,
04/08/2015 19:00:00,1.26345,06/08/2015 22:00:00,1.26715,@EC,-1,1,-462.50,525.0000,-700.0000,
11/08/2015 15:00:00,1.27765,13/08/2015 19:00:00,1.28995,@EC,-1,1,-1537.50,100.0000,-2300.0000,
19/08/2015 10:00:00,1.27835,20/08/2015 16:00:00,1.29755,@EC,-1,1,-2400.00,137.5000,-2275.0000,
24/08/2015 14:00:00,1.33185,26/08/2015 18:00:00,1.30565,@EC,-1,1,3275.00,3550.0000,-625.0000,
02/09/2015,1.30175,04/09/2015 03:00:00,1.28735,@EC,-1,1,1800.00,2362.5000,-237.5000,
09/09/2015 10:00:00,1.28865,11/09/2015 11:00:00,1.30785,@EC,-1,1,-2400.00,100.0000,-2275.0000,
15/09/2015 18:00:00,1.30045,17/09/2015 21:00:00,1.31415,@EC,-1,1,-1712.50,625.0000,-2187.5000,
23/09/2015 20:00:00,1.29255,27/09/2015 23:00:00,1.29355,@EC,-1,1,-125.00,912.5000,-1350.0000,
29/09/2015 20:00:00,1.29895,01/10/2015 23:00:00,1.29255,@EC,-1,1,800.00,1487.5000,-100.0000,
07/10/2015 21:00:00,1.29725,12/10/2015,1.31075,@EC,-1,1,-1687.50,25.0000,-1850.0000,
15/10/2015 18:00:00,1.31115,19/10/2015 21:00:00,1.30655,@EC,-1,1,575.00,937.5000,-200.0000,
22/10/2015 07:00:00,1.30445,26/10/2015 10:00:00,1.27645,@EC,-1,1,3500.00,3975.0000,-162.5000,
28/10/2015 19:00:00,1.26585,01/11/2015 22:00:00,1.27575,@EC,-1,1,-1237.50,350.0000,-1787.5000,
03/11/2015 08:00:00,1.27065,05/11/2015 11:00:00,1.25925,@EC,-1,1,1425.00,1812.5000,-50.0000,
06/11/2015 12:00:00,1.24735,10/11/2015 15:00:00,1.24335,@EC,-1,1,500.00,900.0000,-550.0000,
12/11/2015 14:00:00,1.24965,16/11/2015 18:00:00,1.24095,@EC,-1,1,1087.50,1200.0000,-762.5000,
23/11/2015,1.23395,25/11/2015 03:00:00,1.24055,@EC,-1,1,-825.00,262.5000,-950.0000,
01/12/2015 01:00:00,1.23065,03/12/2015 04:00:00,1.22995,@EC,-1,1,87.50,387.5000,-700.0000,
03/12/2015 22:00:00,1.26435,08/12/2015 01:00:00,1.25835,@EC,-1,1,750.00,1537.5000,-400.0000,
21/12/2015,1.25915,23/12/2015 03:00:00,1.26575,@EC,-1,1,-825.00,262.5000,-1450.0000,
28/12/2015 15:00:00,1.26945,30/12/2015 19:00:00,1.26505,@EC,-1,1,550.00,962.5000,-200.0000,
31/12/2015 14:00:00,1.25865,05/01/2016 18:00:00,1.24665,@EC,-1,1,1500.00,2025.0000,-950.0000,
08/01/2016 07:00:00,1.25865,12/01/2016 10:00:00,1.25615,@EC,-1,1,312.50,975.0000,-1218.7500,
13/01/2016 14:00:00,1.25700,17/01/2016 18:00:00,1.26265,@EC,-1,1,-706.25,293.7500,-1587.5000,
17/01/2016 19:00:00,1.26295,20/01/2016 02:00:00,1.26665,@EC,-1,1,-462.50,731.2500,-568.7500,
20/01/2016 22:00:00,1.25870,25/01/2016 01:00:00,1.25260,@EC,-1,1,762.50,1268.7500,-562.5000,
26/01/2016 09:00:00,1.25355,28/01/2016 12:00:00,1.26600,@EC,-1,1,-1556.25,50.0000,-1612.5000,
02/02/2016 22:00:00,1.26305,03/02/2016 13:00:00,1.28225,@EC,-1,1,-2400.00,250.0000,-1968.7500,
05/02/2016,1.29020,09/02/2016 03:00:00,1.28880,@EC,-1,1,175.00,1368.7500,-806.2500,
15/02/2016,1.29265,17/02/2016 07:00:00,1.28490,@EC,-1,1,968.75,1300.0000,-93.7500,
26/02/2016 07:00:00,1.27230,01/03/2016 10:00:00,1.25505,@EC,-1,1,2156.25,2181.2500,-112.5000,
03/03/2016 02:00:00,1.25585,07/03/2016 05:00:00,1.26520,@EC,-1,1,-1168.75,12.5000,-2300.0000,
10/03/2016 21:00:00,1.28790,15/03/2016,1.28045,@EC,-1,1,931.25,1331.2500,-118.7500,
18/03/2016 16:00:00,1.29670,22/03/2016 20:00:00,1.29110,@EC,-1,1,700.00,1087.5000,-125.0000,
31/03/2016 01:00:00,1.30065,04/04/2016 04:00:00,1.30620,@EC,-1,1,-693.75,100.0000,-1500.0000,
06/04/2016 20:00:00,1.30860,10/04/2016 23:00:00,1.30945,@EC,-1,1,-106.25,800.0000,-675.0000,
11/04/2016 15:00:00,1.30960,13/04/2016 19:00:00,1.29660,@EC,-1,1,1625.00,1800.0000,-675.0000,
18/04/2016 18:00:00,1.29970,20/04/2016 21:00:00,1.29795,@EC,-1,1,218.75,312.5000,-912.5000,
22/04/2016 15:00:00,1.29080,26/04/2016 19:00:00,1.29790,@EC,-1,1,-887.50,100.0000,-1406.2500,
02/05/2016 09:00:00,1.31620,04/05/2016 12:00:00,1.31625,@EC,-1,1,-6.25,231.2500,-1656.2500,
06/05/2016 09:00:00,1.31120,10/05/2016 12:00:00,1.30605,@EC,-1,1,643.75,975.0000,-75.0000,
10/05/2016 21:00:00,1.30480,13/05/2016,1.30480,@EC,-1,1,0.00,93.7500,-918.7500,
16/05/2016 02:00:00,1.29810,18/05/2016 05:00:00,1.29350,@EC,-1,1,575.00,662.5000,-512.5000,
18/05/2016 19:00:00,1.28950,22/05/2016 22:00:00,1.29005,@EC,-1,1,-68.75,550.0000,-162.5000,
26/05/2016 14:00:00,1.28520,30/05/2016 22:00:00,1.28135,@EC,-1,1,481.25,1068.7500,-218.7500,
31/05/2016 18:00:00,1.27985,02/06/2016 21:00:00,1.28100,@EC,-1,1,-143.75,206.2500,-1112.5000,
03/06/2016 08:00:00,1.28110,03/06/2016 10:00:00,1.30030,@EC,-1,1,-2400.00,6.2500,-2356.2500,
06/06/2016 20:00:00,1.30285,08/06/2016 23:00:00,1.30765,@EC,-1,1,-600.00,306.2500,-631.2500,
10/06/2016,1.29620,14/06/2016 03:00:00,1.29245,@EC,-1,1,468.75,843.7500,-287.5000,
14/06/2016 08:00:00,1.28890,16/06/2016 11:00:00,1.28105,@EC,-1,1,981.25,1181.2500,-931.2500,
17/06/2016 12:00:00,1.29170,21/06/2016 15:00:00,1.29195,@EC,-1,1,-31.25,156.2500,-1600.0000,
23/06/2016 14:00:00,1.30195,23/06/2016 23:00:00,1.26595,@EC,-1,1,4500.00,4431.2500,-762.5000,
24/06/2016 02:00:00,1.26860,28/06/2016 05:00:00,1.27115,@EC,-1,1,-318.75,712.5000,-2100.0000,
29/06/2016 04:00:00,1.27290,01/07/2016 07:00:00,1.27790,@EC,-1,1,-625.00,643.7500,-1012.5000,
05/07/2016,1.27875,07/07/2016 03:00:00,1.27330,@EC,-1,1,681.25,1281.2500,-675.0000,
08/07/2016 13:00:00,1.27085,12/07/2016 16:00:00,1.27155,@EC,-1,1,-87.50,500.0000,-900.0000,
13/07/2016 20:00:00,1.27475,17/07/2016 23:00:00,1.27150,@EC,-1,1,406.25,875.0000,-875.0000,
20/07/2016 12:00:00,1.26560,22/07/2016 15:00:00,1.26115,@EC,-1,1,556.25,637.5000,-687.5000,
28/07/2016 16:00:00,1.27235,01/08/2016 20:00:00,1.28135,@EC,-1,1,-1125.00,62.5000,-1512.5000,
03/08/2016 18:00:00,1.27945,07/08/2016 21:00:00,1.27280,@EC,-1,1,831.25,1312.5000,-143.7500,
08/08/2016 13:00:00,1.27215,10/08/2016 16:00:00,1.28180,@EC,-1,1,-1206.25,93.7500,-1393.7500,
11/08/2016 07:00:00,1.27895,15/08/2016 10:00:00,1.28305,@EC,-1,1,-512.50,218.7500,-912.5000,
15/08/2016 16:00:00,1.28255,17/08/2016 20:00:00,1.29380,@EC,-1,1,-1406.25,100.0000,-1718.7500,
24/08/2016 05:00:00,1.29315,26/08/2016 08:00:00,1.29265,@EC,-1,1,62.50,618.7500,-143.7500,
30/08/2016 01:00:00,1.28055,01/09/2016 04:00:00,1.27605,@EC,-1,1,562.50,612.5000,-75.0000,
15/09/2016 09:00:00,1.28735,19/09/2016 12:00:00,1.28050,@EC,-1,1,856.25,1225.0000,-143.7500,
20/09/2016 08:00:00,1.28115,22/09/2016 11:00:00,1.28640,@EC,-1,1,-656.25,793.7500,-887.5000,
22/09/2016 18:00:00,1.28320,26/09/2016 21:00:00,1.28695,@EC,-1,1,-468.75,193.7500,-900.0000,
29/09/2016 16:00:00,1.28385,03/10/2016 20:00:00,1.28320,@EC,-1,1,81.25,787.5000,-450.0000,
10/10/2016 01:00:00,1.28055,12/10/2016 04:00:00,1.26700,@EC,-1,1,1693.75,2006.2500,-18.7500,
12/10/2016 08:00:00,1.26380,14/10/2016 11:00:00,1.26145,@EC,-1,1,293.75,500.0000,-418.7500,
18/10/2016 18:00:00,1.25895,20/10/2016 21:00:00,1.25290,@EC,-1,1,756.25,812.5000,-743.7500,
24/10/2016,1.24760,26/10/2016 03:00:00,1.25140,@EC,-1,1,-475.00,212.5000,-581.2500,
30/10/2016 20:00:00,1.25880,01/11/2016 23:00:00,1.26695,@EC,-1,1,-1018.75,575.0000,-1081.2500,
03/11/2016 03:00:00,1.27175,07/11/2016 06:00:00,1.26725,@EC,-1,1,562.50,837.5000,-368.7500,
11/11/2016 13:00:00,1.24580,15/11/2016 16:00:00,1.23265,@EC,-1,1,1643.75,1893.7500,-25.0000,
16/11/2016 16:00:00,1.22810,20/11/2016 20:00:00,1.21925,@EC,-1,1,1106.25,1462.5000,-750.0000,
23/11/2016 12:00:00,1.21525,27/11/2016 23:00:00,1.22435,@EC,-1,1,-1137.50,518.7500,-1575.0000,
28/11/2016 10:00:00,1.21780,30/11/2016 13:00:00,1.21905,@EC,-1,1,-156.25,431.2500,-1006.2500,
15/12/2016 09:00:00,1.20220,19/12/2016 12:00:00,1.20295,@EC,-1,1,-93.75,887.5000,-525.0000,
20/12/2016 19:00:00,1.19755,22/12/2016 22:00:00,1.20230,@EC,-1,1,-593.75,112.5000,-1331.2500,
28/12/2016 11:00:00,1.19790,29/12/2016 18:00:00,1.21710,@EC,-1,1,-2400.00,250.0000,-1437.5000,
29/12/2016 21:00:00,1.21205,04/01/2017,1.19735,@EC,-1,1,1837.50,2606.2500,-600.0000,
06/01/2017 12:00:00,1.21270,10/01/2017 15:00:00,1.21235,@EC,-1,1,43.75,612.5000,-837.5000,
24/01/2017 11:00:00,1.23120,26/01/2017 14:00:00,1.22540,@EC,-1,1,725.00,1212.5000,-206.2500,
31/01/2017 04:00:00,1.22535,02/02/2017 07:00:00,1.23650,@EC,-1,1,-1393.75,93.7500,-1493.7500,
08/02/2017 16:00:00,1.22390,12/02/2017 20:00:00,1.21705,@EC,-1,1,856.25,1025.0000,-256.2500,
14/02/2017 14:00:00,1.21190,16/02/2017 18:00:00,1.22175,@EC,-1,1,-1231.25,618.7500,-1350.0000,
01/03/2017 02:00:00,1.21005,03/03/2017 05:00:00,1.20580,@EC,-1,1,531.25,800.0000,-181.2500,
07/03/2017 16:00:00,1.21100,09/03/2017 20:00:00,1.21265,@EC,-1,1,-206.25,575.0000,-556.2500,
14/03/2017 19:00:00,1.21470,16/03/2017 22:00:00,1.23075,@EC,-1,1,-2006.25,6.2500,-2062.5000,
23/03/2017 20:00:00,1.23170,27/03/2017 23:00:00,1.23910,@EC,-1,1,-925.00,281.2500,-1512.5000,
28/03/2017 02:00:00,1.23950,30/03/2017 05:00:00,1.22610,@EC,-1,1,1675.00,1706.2500,-106.2500,
04/04/2017 22:00:00,1.22050,07/04/2017 01:00:00,1.21710,@EC,-1,1,425.00,650.0000,-118.7500,
07/04/2017 10:00:00,1.21535,11/04/2017 13:00:00,1.21335,@EC,-1,1,250.00,750.0000,-37.5000,
13/04/2017 16:00:00,1.21390,18/04/2017 20:00:00,1.22475,@EC,-1,1,-1356.25,200.0000,-1468.7500,
26/04/2017 23:00:00,1.24250,01/05/2017 02:00:00,1.24020,@EC,-1,1,287.50,737.5000,-462.5000,
17/05/2017 06:00:00,1.26020,19/05/2017 09:00:00,1.26835,@EC,-1,1,-1018.75,268.7500,-1106.2500,
22/05/2017 14:00:00,1.27460,24/05/2017 18:00:00,1.27155,@EC,-1,1,381.25,937.5000,-318.7500,
26/05/2017 11:00:00,1.26855,30/05/2017 19:00:00,1.26730,@EC,-1,1,156.25,956.2500,-250.0000,
31/05/2017 23:00:00,1.27400,05/06/2017 02:00:00,1.27610,@EC,-1,1,-262.50,518.7500,-537.5000,
06/06/2017 07:00:00,1.27455,08/06/2017 10:00:00,1.27130,@EC,-1,1,406.25,712.5000,-437.5000,
09/06/2017 07:00:00,1.26740,13/06/2017 10:00:00,1.27005,@EC,-1,1,-331.25,181.2500,-637.5000,
13/06/2017 14:00:00,1.26945,15/06/2017 18:00:00,1.26355,@EC,-1,1,737.50,906.2500,-1168.7500,
20/06/2017 14:00:00,1.26140,22/06/2017 18:00:00,1.26355,@EC,-1,1,-268.75,18.7500,-618.7500,
23/06/2017 05:00:00,1.26570,27/06/2017 08:00:00,1.27545,@EC,-1,1,-1218.75,125.0000,-1293.7500,
28/06/2017 03:00:00,1.28370,30/06/2017 06:00:00,1.28895,@EC,-1,1,-656.25,768.7500,-1131.2500,
05/07/2017 08:00:00,1.28110,07/07/2017 11:00:00,1.28680,@EC,-1,1,-712.50,187.5000,-1318.7500,
12/07/2017 13:00:00,1.28950,14/07/2017 16:00:00,1.29430,@EC,-1,1,-600.00,643.7500,-612.5000,
17/07/2017,1.29355,19/07/2017 03:00:00,1.30005,@EC,-1,1,-812.50,350.0000,-1512.5000,
19/07/2017 13:00:00,1.29920,21/07/2017 16:00:00,1.31375,@EC,-1,1,-1818.75,550.0000,-2006.2500,
28/07/2017 09:00:00,1.31815,01/08/2017 12:00:00,1.32620,@EC,-1,1,-1006.25,18.7500,-1606.2500,
01/08/2017 19:00:00,1.32690,03/08/2017 22:00:00,1.33375,@EC,-1,1,-856.25,150.0000,-1312.5000,
09/08/2017 04:00:00,1.32010,11/08/2017 07:00:00,1.32160,@EC,-1,1,-187.50,675.0000,-525.0000,
17/08/2017 15:00:00,1.31925,21/08/2017 19:00:00,1.32605,@EC,-1,1,-850.00,406.2500,-1093.7500,
21/08/2017 22:00:00,1.32640,24/08/2017 01:00:00,1.32505,@EC,-1,1,168.75,918.7500,-118.7500,
24/08/2017 06:00:00,1.32395,28/08/2017 09:00:00,1.33825,@EC,-1,1,-1787.50,231.2500,-2093.7500,
31/08/2017 01:00:00,1.33225,04/09/2017 04:00:00,1.33420,@EC,-1,1,-243.75,700.0000,-1268.7500,
04/09/2017 21:00:00,1.33425,07/09/2017,1.33660,@EC,-1,1,-293.75,400.0000,-625.0000,
13/09/2017 16:00:00,1.33210,17/09/2017 20:00:00,1.33720,@EC,-1,1,-637.50,612.5000,-1275.0000,
22/09/2017 10:00:00,1.33995,26/09/2017 13:00:00,1.32125,@EC,-1,1,2337.50,2650.0000,-200.0000,
02/10/2017 01:00:00,1.32020,04/10/2017 04:00:00,1.31800,@EC,-1,1,275.00,1031.2500,-18.7500,
10/10/2017 02:00:00,1.31900,12/10/2017 05:00:00,1.32805,@EC,-1,1,-1131.25,100.0000,-1350.0000,
12/10/2017 19:00:00,1.32515,16/10/2017 22:00:00,1.31915,@EC,-1,1,750.00,768.7500,-506.2500,
17/10/2017 23:00:00,1.31870,20/10/2017 02:00:00,1.32210,@EC,-1,1,-425.00,537.5000,-1056.2500,
24/10/2017 11:00:00,1.31735,26/10/2017 14:00:00,1.30720,@EC,-1,1,1268.75,1325.0000,-900.0000,
27/10/2017 13:00:00,1.29975,31/10/2017 16:00:00,1.30560,@EC,-1,1,-731.25,68.7500,-887.5000,
03/11/2017 09:00:00,1.30580,07/11/2017 12:00:00,1.29785,@EC,-1,1,993.75,1281.2500,-56.2500,
10/11/2017 14:00:00,1.30595,14/11/2017 18:00:00,1.31935,@EC,-1,1,-1675.00,300.0000,-1793.7500,
15/11/2017 14:00:00,1.31990,19/11/2017 18:00:00,1.31640,@EC,-1,1,437.50,587.5000,-218.7500,
27/11/2017 05:00:00,1.33205,29/11/2017 08:00:00,1.32255,@EC,-1,1,1187.50,1293.7500,-393.7500,
29/11/2017 20:00:00,1.32420,03/12/2017 23:00:00,1.32565,@EC,-1,1,-181.25,581.2500,-1062.5000,
07/12/2017 14:00:00,1.31790,11/12/2017 18:00:00,1.31515,@EC,-1,1,343.75,843.7500,-162.5000,
14/12/2017 13:00:00,1.31740,18/12/2017 16:00:00,1.31675,@EC,-1,1,81.25,531.2500,-593.7500,
18/12/2017 19:00:00,1.31695,20/12/2017 22:00:00,1.32510,@EC,-1,1,-1018.75,100.0000,-1362.5000,
28/12/2017 20:00:00,1.33005,02/01/2018 23:00:00,1.34015,@EC,-1,1,-1262.50,93.7500,-1712.5000,
03/01/2018,1.34055,05/01/2018 03:00:00,1.34100,@EC,-1,1,-56.25,618.7500,-468.7500,
05/01/2018 09:00:00,1.34050,09/01/2018 12:00:00,1.32720,@EC,-1,1,1662.50,1731.2500,-43.7500,
14/01/2018 21:00:00,1.35465,17/01/2018 04:00:00,1.35735,@EC,-1,1,-337.50,75.0000,-1556.2500,
19/01/2018 14:00:00,1.35770,23/01/2018 18:00:00,1.36400,@EC,-1,1,-787.50,243.7500,-906.2500,
02/02/2018 07:00:00,1.38260,06/02/2018 10:00:00,1.36705,@EC,-1,1,1943.75,2125.0000,-100.0000,
08/02/2018 03:00:00,1.35985,12/02/2018 06:00:00,1.35985,@EC,-1,1,0.00,781.2500,-387.5000,
20/02/2018 07:00:00,1.36720,22/02/2018 10:00:00,1.36475,@EC,-1,1,306.25,1156.2500,-168.7500,
27/02/2018 14:00:00,1.35610,01/03/2018 18:00:00,1.35860,@EC,-1,1,-312.50,1156.2500,-337.5000,
06/03/2018 01:00:00,1.36610,08/03/2018 04:00:00,1.37015,@EC,-1,1,-506.25,262.5000,-1287.5000,
11/03/2018 20:00:00,1.36160,13/03/2018 23:00:00,1.37165,@EC,-1,1,-1256.25,218.7500,-1312.5000,
19/03/2018,1.35735,21/03/2018 03:00:00,1.35705,@EC,-1,1,37.50,412.5000,-1112.5000,
22/03/2018 05:00:00,1.36525,26/03/2018 08:00:00,1.37020,@EC,-1,1,-618.75,887.5000,-750.0000,
27/03/2018 19:00:00,1.36935,01/04/2018 22:00:00,1.36110,@EC,-1,1,1031.25,1556.2500,-187.5000,
03/04/2018 13:00:00,1.35505,05/04/2018 16:00:00,1.35155,@EC,-1,1,437.50,643.7500,-612.5000,
11/04/2018 10:00:00,1.36520,13/04/2018 13:00:00,1.36160,@EC,-1,1,450.00,981.2500,-225.0000,
22/04/2018 18:00:00,1.35465,24/04/2018 21:00:00,1.34940,@EC,-1,1,656.25,1243.7500,-118.7500,
27/04/2018 06:00:00,1.33415,01/05/2018 09:00:00,1.32825,@EC,-1,1,737.50,831.2500,-700.0000,
02/05/2018 13:00:00,1.32235,04/05/2018 16:00:00,1.32090,@EC,-1,1,181.25,768.7500,-737.5000,
08/05/2018 03:00:00,1.31680,10/05/2018 06:00:00,1.31235,@EC,-1,1,556.25,1193.7500,-137.5000,
21/05/2018,1.29910,23/05/2018 03:00:00,1.30030,@EC,-1,1,-150.00,431.2500,-975.0000,
24/05/2018 20:00:00,1.29565,29/05/2018 03:00:00,1.28275,@EC,-1,1,1612.50,1725.0000,-156.2500,
06/06/2018 03:00:00,1.29485,08/06/2018 06:00:00,1.29880,@EC,-1,1,-493.75,93.7500,-1456.2500,
14/06/2018 23:00:00,1.27785,19/06/2018 02:00:00,1.28345,@EC,-1,1,-700.00,287.5000,-987.5000,
06/07/2018 01:00:00,1.28800,10/07/2018 04:00:00,1.29375,@EC,-1,1,-718.75,25.0000,-1312.5000,
10/07/2018 23:00:00,1.29215,13/07/2018 02:00:00,1.28505,@EC,-1,1,887.50,1050.0000,-356.2500,
17/07/2018 15:00:00,1.28495,19/07/2018 19:00:00,1.28270,@EC,-1,1,281.25,1168.7500,-150.0000,
24/07/2018 02:00:00,1.28645,26/07/2018 05:00:00,1.28900,@EC,-1,1,-318.75,375.0000,-706.2500,
27/07/2018 08:00:00,1.28015,31/07/2018 11:00:00,1.28750,@EC,-1,1,-918.75,68.7500,-1525.0000,
31/07/2018 13:00:00,1.28790,02/08/2018 16:00:00,1.27585,@EC,-1,1,1506.25,1568.7500,-6.2500,
06/08/2018 10:00:00,1.27115,08/08/2018 13:00:00,1.27615,@EC,-1,1,-625.00,0.0000,-1050.0000,
10/08/2018 15:00:00,1.25620,14/08/2018 19:00:00,1.25095,@EC,-1,1,656.25,893.7500,-412.5000,
20/08/2018,1.25870,22/08/2018 03:00:00,1.27200,@EC,-1,1,-1662.50,462.5000,-2131.2500,
28/08/2018 19:00:00,1.28445,30/08/2018 22:00:00,1.28130,@EC,-1,1,393.75,712.5000,-256.2500,
13/09/2018 20:00:00,1.28260,17/09/2018 23:00:00,1.28140,@EC,-1,1,150.00,931.2500,-387.5000,
18/09/2018 07:00:00,1.28165,20/09/2018 10:00:00,1.28875,@EC,-1,1,-887.50,431.2500,-1143.7500,
24/09/2018,1.28705,26/09/2018 03:00:00,1.28890,@EC,-1,1,-231.25,218.7500,-925.0000,
27/09/2018 05:00:00,1.28355,01/10/2018 08:00:00,1.27200,@EC,-1,1,1443.75,1787.5000,-112.5000,
01/10/2018 14:00:00,1.26960,03/10/2018 18:00:00,1.25965,@EC,-1,1,1243.75,1412.5000,-206.2500,
05/10/2018 01:00:00,1.26240,09/10/2018 04:00:00,1.25875,@EC,-1,1,456.25,625.0000,-512.5000,
09/10/2018 09:00:00,1.25625,11/10/2018 12:00:00,1.26745,@EC,-1,1,-1400.00,81.2500,-1843.7500,
16/10/2018 16:00:00,1.26880,18/10/2018 20:00:00,1.25565,@EC,-1,1,1643.75,1693.7500,-18.7500,
21/10/2018 18:00:00,1.26180,23/10/2018 21:00:00,1.25680,@EC,-1,1,625.00,981.2500,-425.0000,
24/10/2018 13:00:00,1.24925,26/10/2018 16:00:00,1.25040,@EC,-1,1,-143.75,762.5000,-468.7500,
29/10/2018 11:00:00,1.24800,31/10/2018 14:00:00,1.23990,@EC,-1,1,1012.50,1068.7500,-200.0000,
02/11/2018 15:00:00,1.24750,06/11/2018 19:00:00,1.25270,@EC,-1,1,-650.00,431.2500,-675.0000,
07/11/2018 21:00:00,1.25160,12/11/2018,1.24055,@EC,-1,1,1381.25,1475.0000,-175.0000,
14/11/2018 20:00:00,1.23965,18/11/2018 23:00:00,1.24815,@EC,-1,1,-1062.50,606.2500,-1268.7500,
20/11/2018 07:00:00,1.25055,22/11/2018 10:00:00,1.24755,@EC,-1,1,375.00,912.5000,-50.0000,
23/11/2018 09:00:00,1.24215,27/11/2018 15:00:00,1.23630,@EC,-1,1,731.25,943.7500,-406.2500,
29/11/2018 07:00:00,1.24320,03/12/2018 10:00:00,1.24060,@EC,-1,1,325.00,781.2500,-437.5000,
11/12/2018 14:00:00,1.23750,13/12/2018 18:00:00,1.24050,@EC,-1,1,-375.00,93.7500,-881.2500,
14/12/2018 10:00:00,1.23325,18/12/2018 13:00:00,1.24075,@EC,-1,1,-937.50,0.0000,-1468.7500,
19/12/2018 19:00:00,1.24325,24/12/2018,1.24305,@EC,-1,1,25.00,462.5000,-1243.7500,
09/01/2019 04:00:00,1.24855,11/01/2019 07:00:00,1.25510,@EC,-1,1,-818.75,306.2500,-1300.0000,
11/01/2019 13:00:00,1.25010,15/01/2019 16:00:00,1.24300,@EC,-1,1,887.50,1287.5000,-75.0000,
16/01/2019 09:00:00,1.24065,18/01/2019 12:00:00,1.23740,@EC,-1,1,406.25,525.0000,-250.0000,
28/01/2019 19:00:00,1.24330,30/01/2019 22:00:00,1.25025,@EC,-1,1,-868.75,312.5000,-893.7500,
05/02/2019 13:00:00,1.24050,07/02/2019 16:00:00,1.23340,@EC,-1,1,887.50,1112.5000,-100.0000,
18/02/2019 19:00:00,1.22935,20/02/2019 22:00:00,1.23165,@EC,-1,1,-287.50,450.0000,-750.0000,
27/02/2019 14:00:00,1.23505,03/03/2019 18:00:00,1.23450,@EC,-1,1,68.75,331.2500,-537.5000,
12/03/2019 21:00:00,1.22500,15/03/2019,1.22775,@EC,-1,1,-343.75,143.7500,-631.2500,
15/03/2019 03:00:00,1.22770,19/03/2019 06:00:00,1.23090,@EC,-1,1,-400.00,237.5000,-493.7500,
20/03/2019 03:00:00,1.23025,22/03/2019 06:00:00,1.22575,@EC,-1,1,562.50,781.2500,-1287.5000,
25/03/2019 16:00:00,1.22660,27/03/2019 20:00:00,1.21970,@EC,-1,1,862.50,937.5000,-143.7500,
28/03/2019 19:00:00,1.21725,01/04/2019 22:00:00,1.21460,@EC,-1,1,331.25,431.2500,-268.7500,
02/04/2019 14:00:00,1.21370,04/04/2019 18:00:00,1.21600,@EC,-1,1,-287.50,37.5000,-750.0000,
04/04/2019 21:00:00,1.21610,09/04/2019,1.22040,@EC,-1,1,-537.50,162.5000,-643.7500,
12/04/2019 16:00:00,1.22310,16/04/2019 20:00:00,1.22100,@EC,-1,1,262.50,331.2500,-268.7500,
18/04/2019 16:00:00,1.21540,23/04/2019 20:00:00,1.21465,@EC,-1,1,93.75,481.2500,-412.5000,
24/04/2019 16:00:00,1.20780,28/04/2019 20:00:00,1.20655,@EC,-1,1,156.25,631.2500,-187.5000,
29/04/2019 03:00:00,1.20755,01/05/2019 06:00:00,1.21515,@EC,-1,1,-950.00,168.7500,-1012.5000,
01/05/2019 19:00:00,1.21165,05/05/2019 22:00:00,1.21025,@EC,-1,1,175.00,875.0000,-187.5000,
09/05/2019,1.20960,13/05/2019 03:00:00,1.21340,@EC,-1,1,-475.00,218.7500,-781.2500,
14/05/2019 19:00:00,1.21085,16/05/2019 22:00:00,1.20765,@EC,-1,1,400.00,543.7500,-225.0000,
20/05/2019 20:00:00,1.20635,22/05/2019 23:00:00,1.20430,@EC,-1,1,256.25,325.0000,-268.7500,
23/05/2019 18:00:00,1.20735,28/05/2019 01:00:00,1.20715,@EC,-1,1,25.00,68.7500,-400.0000,
29/05/2019 06:00:00,1.20450,31/05/2019 09:00:00,1.20410,@EC,-1,1,50.00,543.7500,-75.0000,
03/06/2019 20:00:00,1.21285,05/06/2019 23:00:00,1.21060,@EC,-1,1,281.25,337.5000,-756.2500,
11/06/2019 04:00:00,1.21975,13/06/2019 07:00:00,1.21600,@EC,-1,1,468.75,512.5000,-268.7500,
13/06/2019 12:00:00,1.21475,17/06/2019 15:00:00,1.20875,@EC,-1,1,750.00,925.0000,-168.7500,
18/06/2019 18:00:00,1.20635,20/06/2019 21:00:00,1.21590,@EC,-1,1,-1193.75,100.0000,-1493.7500,
24/06/2019 03:00:00,1.22430,26/06/2019 06:00:00,1.22230,@EC,-1,1,250.00,443.7500,-400.0000,
27/06/2019 21:00:00,1.22290,02/07/2019,1.21355,@EC,-1,1,1168.75,1225.0000,-300.0000,
02/07/2019 07:00:00,1.21545,04/07/2019 10:00:00,1.21310,@EC,-1,1,293.75,387.5000,-168.7500,
23/07/2019 14:00:00,1.19910,25/07/2019 18:00:00,1.19785,@EC,-1,1,156.25,706.2500,-387.5000,
02/08/2019 02:00:00,1.19050,06/08/2019 05:00:00,1.20230,@EC,-1,1,-1475.00,12.5000,-2112.5000,
08/08/2019 11:00:00,1.20205,12/08/2019 14:00:00,1.20325,@EC,-1,1,-150.00,493.7500,-368.7500,
13/08/2019 02:00:00,1.20120,15/08/2019 05:00:00,1.19635,@EC,-1,1,606.25,800.0000,-450.0000,
18/08/2019 19:00:00,1.19080,20/08/2019 22:00:00,1.19085,@EC,-1,1,-6.25,387.5000,-237.5000,
21/08/2019 02:00:00,1.19070,23/08/2019 05:00:00,1.18750,@EC,-1,1,400.00,487.5000,-187.5000,
26/08/2019 07:00:00,1.19275,28/08/2019 10:00:00,1.18865,@EC,-1,1,512.50,606.2500,-50.0000,
30/08/2019 06:00:00,1.18415,03/09/2019 13:00:00,1.17700,@EC,-1,1,893.75,1456.2500,-118.7500,
19/09/2019 20:00:00,1.18275,23/09/2019 23:00:00,1.17705,@EC,-1,1,712.50,1025.0000,-293.7500,
30/09/2019 20:00:00,1.16730,02/10/2019 23:00:00,1.17270,@EC,-1,1,-675.00,256.2500,-775.0000,
04/10/2019 12:00:00,1.17415,08/10/2019 15:00:00,1.17200,@EC,-1,1,268.75,437.5000,-325.0000,
22/10/2019 19:00:00,1.18850,24/10/2019 22:00:00,1.18525,@EC,-1,1,406.25,512.5000,-362.5000,
25/10/2019 15:00:00,1.18305,29/10/2019 19:00:00,1.18605,@EC,-1,1,-375.00,106.2500,-462.5000,
04/11/2019 11:00:00,1.18985,06/11/2019 14:00:00,1.18095,@EC,-1,1,1112.50,1175.0000,-31.2500,
07/11/2019 14:00:00,1.17850,11/11/2019 18:00:00,1.17710,@EC,-1,1,175.00,381.2500,-125.0000,
11/11/2019 19:00:00,1.17720,13/11/2019 22:00:00,1.17370,@EC,-1,1,437.50,500.0000,-43.7500,
19/11/2019 06:00:00,1.18015,21/11/2019 09:00:00,1.18055,@EC,-1,1,-50.00,212.5000,-318.7500,
22/11/2019 04:00:00,1.17990,26/11/2019 07:00:00,1.17440,@EC,-1,1,687.50,843.7500,0.0000,
02/12/2019,1.17425,04/12/2019 03:00:00,1.17995,@EC,-1,1,-712.50,206.2500,-931.2500,
06/12/2019 13:00:00,1.17740,10/12/2019 16:00:00,1.18150,@EC,-1,1,-512.50,50.0000,-543.7500,
13/12/2019 15:00:00,1.18365,17/12/2019 19:00:00,1.18655,@EC,-1,1,-362.50,112.5000,-668.7500,
19/12/2019 10:00:00,1.18340,23/12/2019 13:00:00,1.18000,@EC,-1,1,425.00,718.7500,-93.7500,
02/01/2020 02:00:00,1.19045,06/01/2020 05:00:00,1.18880,@EC,-1,1,206.25,1062.5000,-75.0000,
06/01/2020 23:00:00,1.18865,09/01/2020 02:00:00,1.18035,@EC,-1,1,1037.50,1150.0000,-18.7500,
13/01/2020 07:00:00,1.18105,15/01/2020 10:00:00,1.18400,@EC,-1,1,-368.75,225.0000,-512.5000,
15/01/2020 21:00:00,1.18385,20/01/2020,1.17805,@EC,-1,1,725.00,843.7500,-250.0000,
29/01/2020 11:00:00,1.16765,31/01/2020 14:00:00,1.17550,@EC,-1,1,-981.25,31.2500,-1118.7500,
05/02/2020 08:00:00,1.16950,07/02/2020 11:00:00,1.16335,@EC,-1,1,768.75,968.7500,-12.5000,
07/02/2020 15:00:00,1.16160,11/02/2020 19:00:00,1.15870,@EC,-1,1,362.50,706.2500,-137.5000,
12/02/2020 16:00:00,1.15425,16/02/2020 20:00:00,1.15005,@EC,-1,1,525.00,631.2500,-143.7500,
18/02/2020 19:00:00,1.14580,20/02/2020 22:00:00,1.14505,@EC,-1,1,93.75,237.5000,-306.2500,
24/02/2020 07:00:00,1.14810,26/02/2020 10:00:00,1.15185,@EC,-1,1,-468.75,100.0000,-1081.2500,
27/02/2020 13:00:00,1.16365,02/03/2020 12:00:00,1.18285,@EC,-1,1,-2400.00,362.5000,-2337.5000,
03/03/2020 19:00:00,1.18305,05/03/2020 22:00:00,1.18830,@EC,-1,1,-656.25,1018.7500,-862.5000,
08/03/2020 23:00:00,1.20475,11/03/2020 02:00:00,1.19955,@EC,-1,1,650.00,1556.2500,-1093.7500,
11/03/2020 14:00:00,1.19330,15/03/2020 18:00:00,1.18185,@EC,-1,1,1431.25,2787.5000,-581.2500,
19/03/2020,1.15565,23/03/2020 03:00:00,1.13895,@EC,-1,1,2087.50,3512.5000,-606.2500,
24/03/2020 16:00:00,1.14165,26/03/2020 07:00:00,1.16085,@EC,-1,1,-2400.00,143.7500,-2312.5000,
27/03/2020 07:00:00,1.16580,31/03/2020 10:00:00,1.15910,@EC,-1,1,837.50,1181.2500,-1675.0000,
02/04/2020 06:00:00,1.15630,06/04/2020 09:00:00,1.14200,@EC,-1,1,1787.50,2037.5000,-37.5000,
07/04/2020 13:00:00,1.15255,09/04/2020 16:00:00,1.15595,@EC,-1,1,-425.00,875.0000,-631.2500,
13/04/2020 04:00:00,1.15705,15/04/2020 07:00:00,1.15285,@EC,-1,1,525.00,675.0000,-512.5000,
21/04/2020 15:00:00,1.14715,23/04/2020 19:00:00,1.13965,@EC,-1,1,937.50,1237.5000,-400.0000,
28/04/2020 14:00:00,1.14515,30/04/2020 18:00:00,1.15655,@EC,-1,1,-1425.00,225.0000,-1693.7500,
04/05/2020 23:00:00,1.15210,07/05/2020 02:00:00,1.14050,@EC,-1,1,1450.00,1581.2500,-231.2500,
11/05/2020 11:00:00,1.14365,13/05/2020 14:00:00,1.14285,@EC,-1,1,100.00,512.5000,-906.2500,
19/05/2020 20:00:00,1.15360,21/05/2020 23:00:00,1.15500,@EC,-1,1,-175.00,0.0000,-1031.2500,
22/05/2020 07:00:00,1.15120,26/05/2020 14:00:00,1.15875,@EC,-1,1,-943.75,418.7500,-1106.2500,
29/05/2020 15:00:00,1.17070,02/06/2020 19:00:00,1.17805,@EC,-1,1,-918.75,162.5000,-1212.5000,
03/06/2020 16:00:00,1.18495,07/06/2020 20:00:00,1.19220,@EC,-1,1,-906.25,606.2500,-1756.2500,
10/06/2020 03:00:00,1.19575,12/06/2020 06:00:00,1.19275,@EC,-1,1,375.00,950.0000,-881.2500,
19/06/2020 10:00:00,1.18215,23/06/2020 13:00:00,1.19120,@EC,-1,1,-1131.25,637.5000,-1631.2500,
23/06/2020 19:00:00,1.19105,25/06/2020 22:00:00,1.18200,@EC,-1,1,1131.25,1493.7500,-218.7500,
01/07/2020 18:00:00,1.18485,06/07/2020 01:00:00,1.18900,@EC,-1,1,-518.75,387.5000,-662.5000,
07/07/2020 20:00:00,1.18730,09/07/2020 23:00:00,1.18695,@EC,-1,1,43.75,162.5000,-1181.2500,
16/07/2020 18:00:00,1.19780,20/07/2020 21:00:00,1.20510,@EC,-1,1,-912.50,68.7500,-1056.2500,
27/07/2020 15:00:00,1.23435,29/07/2020 19:00:00,1.23820,@EC,-1,1,-481.25,637.5000,-706.2500,
05/08/2020 18:00:00,1.24550,09/08/2020 21:00:00,1.23835,@EC,-1,1,893.75,1375.0000,-650.0000,
10/08/2020 19:00:00,1.23305,12/08/2020 22:00:00,1.23970,@EC,-1,1,-831.25,381.2500,-956.2500,
18/08/2020 13:00:00,1.25235,20/08/2020 16:00:00,1.24480,@EC,-1,1,943.75,1687.5000,-212.5000,
27/08/2020,1.24180,31/08/2020 03:00:00,1.24910,@EC,-1,1,-912.50,893.7500,-1200.0000,
06/09/2020 22:00:00,1.24200,09/09/2020 05:00:00,1.23470,@EC,-1,1,912.50,1000.0000,-150.0000,
09/09/2020 15:00:00,1.23915,13/09/2020 19:00:00,1.24275,@EC,-1,1,-450.00,106.2500,-1350.0000,
18/09/2020 01:00:00,1.24280,22/09/2020 04:00:00,1.23020,@EC,-1,1,1575.00,1618.7500,-293.7500,
22/09/2020 14:00:00,1.22885,24/09/2020 18:00:00,1.22455,@EC,-1,1,537.50,1062.5000,-106.2500,
28/09/2020 04:00:00,1.22065,30/09/2020 07:00:00,1.22860,@EC,-1,1,-993.75,50.0000,-1562.5000,
26/10/2020 04:00:00,1.24035,28/10/2020 07:00:00,1.23075,@EC,-1,1,1200.00,1206.2500,-75.0000,
28/10/2020 19:00:00,1.23175,01/11/2020 22:00:00,1.22125,@EC,-1,1,1312.50,1387.5000,-125.0000,
20/11/2020 14:00:00,1.24210,24/11/2020 18:00:00,1.24560,@EC,-1,1,-437.50,731.2500,-612.5000,
02/12/2020 07:00:00,1.26130,04/12/2020 10:00:00,1.27165,@EC,-1,1,-1293.75,150.0000,-1550.0000,
04/12/2020 14:00:00,1.27020,08/12/2020 18:00:00,1.26670,@EC,-1,1,437.50,787.5000,-318.7500,
11/12/2020 02:00:00,1.27150,15/12/2020 05:00:00,1.27145,@EC,-1,1,6.25,637.5000,-237.5000,
21/12/2020 01:00:00,1.27495,23/12/2020 04:00:00,1.27470,@EC,-1,1,31.25,793.7500,-862.5000,
24/12/2020 02:00:00,1.27625,29/12/2020 08:00:00,1.28085,@EC,-1,1,-575.00,368.7500,-643.7500,
29/12/2020 14:00:00,1.27990,03/01/2021 18:00:00,1.27800,@EC,-1,1,237.50,525.0000,-737.5000,
11/01/2021 08:00:00,1.27105,13/01/2021 11:00:00,1.27035,@EC,-1,1,87.50,425.0000,-712.5000,
13/01/2021 18:00:00,1.27025,17/01/2021 21:00:00,1.26215,@EC,-1,1,1012.50,1187.5000,-256.2500,
18/01/2021 06:00:00,1.26100,20/01/2021 13:00:00,1.26495,@EC,-1,1,-493.75,181.2500,-1150.0000,
21/01/2021 13:00:00,1.26905,25/01/2021 16:00:00,1.26825,@EC,-1,1,100.00,418.7500,-506.2500,
28/01/2021 13:00:00,1.26650,01/02/2021 16:00:00,1.25950,@EC,-1,1,875.00,881.2500,-387.5000,
07/02/2021 23:00:00,1.25755,10/02/2021 02:00:00,1.26625,@EC,-1,1,-1087.50,237.5000,-1131.2500,
12/02/2021,1.26575,16/02/2021 07:00:00,1.27000,@EC,-1,1,-531.25,525.0000,-568.7500,
16/02/2021 11:00:00,1.26535,18/02/2021 14:00:00,1.26145,@EC,-1,1,487.50,1200.0000,-62.5000,
23/02/2021 07:00:00,1.26865,25/02/2021 10:00:00,1.27735,@EC,-1,1,-1087.50,562.5000,-1112.5000,
04/03/2021 18:00:00,1.25030,08/03/2021 21:00:00,1.23675,@EC,-1,1,1693.75,1731.2500,-25.0000,
12/03/2021 01:00:00,1.24905,16/03/2021 04:00:00,1.24425,@EC,-1,1,600.00,668.7500,-43.7500,
19/03/2021 09:00:00,1.24245,23/03/2021 12:00:00,1.23970,@EC,-1,1,343.75,481.2500,-600.0000,
31/03/2021 18:00:00,1.22480,05/04/2021 02:00:00,1.22700,@EC,-1,1,-275.00,187.5000,-743.7500,
05/04/2021 05:00:00,1.22680,07/04/2021 08:00:00,1.24095,@EC,-1,1,-1768.75,137.5000,-1875.0000,
07/04/2021 19:00:00,1.23900,11/04/2021 22:00:00,1.24080,@EC,-1,1,-225.00,131.2500,-706.2500,
12/04/2021,1.24120,14/04/2021 03:00:00,1.24875,@EC,-1,1,-943.75,281.2500,-956.2500,
15/04/2021 06:00:00,1.24970,19/04/2021 09:00:00,1.25580,@EC,-1,1,-762.50,468.7500,-862.5000,
20/04/2021 21:00:00,1.25515,23/04/2021,1.25370,@EC,-1,1,181.25,518.7500,-437.5000,
29/04/2021 06:00:00,1.26330,03/05/2021 09:00:00,1.25570,@EC,-1,1,950.00,1331.2500,-212.5000,
04/05/2021 07:00:00,1.25240,06/05/2021 10:00:00,1.25745,@EC,-1,1,-631.25,318.7500,-756.2500,
10/05/2021 19:00:00,1.26510,12/05/2021 22:00:00,1.25965,@EC,-1,1,681.25,956.2500,-525.0000,
20/05/2021 03:00:00,1.26935,24/05/2021 06:00:00,1.27205,@EC,-1,1,-337.50,300.0000,-693.7500,
25/05/2021 09:00:00,1.27625,27/05/2021 12:00:00,1.27010,@EC,-1,1,768.75,1006.2500,-106.2500,
01/06/2021 20:00:00,1.27240,03/06/2021 23:00:00,1.26260,@EC,-1,1,1225.00,1306.2500,-112.5000,
09/06/2021 03:00:00,1.26855,11/06/2021 06:00:00,1.26580,@EC,-1,1,343.75,581.2500,-475.0000,
17/06/2021 15:00:00,1.24125,21/06/2021 19:00:00,1.24155,@EC,-1,1,-37.50,793.7500,-181.2500,
22/06/2021 19:00:00,1.24410,24/06/2021 22:00:00,1.24430,@EC,-1,1,-25.00,356.2500,-387.5000,
28/06/2021 16:00:00,1.24250,30/06/2021 20:00:00,1.23545,@EC,-1,1,881.25,1006.2500,-62.5000,
01/07/2021 16:00:00,1.23450,06/07/2021,1.23715,@EC,-1,1,-331.25,493.7500,-425.0000,
06/07/2021 20:00:00,1.23200,08/07/2021 23:00:00,1.23335,@EC,-1,1,-168.75,512.5000,-568.7500,
09/07/2021,1.23365,13/07/2021 03:00:00,1.23510,@EC,-1,1,-181.25,181.2500,-518.7500,
13/07/2021 19:00:00,1.22745,15/07/2021 22:00:00,1.22975,@EC,-1,1,-287.50,87.5000,-893.7500,
16/07/2021 10:00:00,1.22970,20/07/2021 13:00:00,1.22725,@EC,-1,1,306.25,587.5000,-287.5000,
30/07/2021 14:00:00,1.23525,03/08/2021 18:00:00,1.23540,@EC,-1,1,-18.75,100.0000,-450.0000,
06/08/2021 14:00:00,1.22500,10/08/2021 18:00:00,1.22095,@EC,-1,1,506.25,637.5000,-112.5000,
11/08/2021 19:00:00,1.22305,15/08/2021 22:00:00,1.22860,@EC,-1,1,-693.75,231.2500,-787.5000,
17/08/2021 02:00:00,1.22585,19/08/2021 05:00:00,1.21735,@EC,-1,1,1062.50,1325.0000,-175.0000,
29/08/2021 18:00:00,1.22830,31/08/2021 21:00:00,1.22875,@EC,-1,1,-56.25,187.5000,-600.0000,
01/09/2021 20:00:00,1.23250,05/09/2021 23:00:00,1.23580,@EC,-1,1,-412.50,87.5000,-856.2500,
09/09/2021 03:00:00,1.22985,13/09/2021 06:00:00,1.22730,@EC,-1,1,318.75,537.5000,-437.5000,
17/09/2021 04:00:00,1.22540,21/09/2021 07:00:00,1.22155,@EC,-1,1,481.25,918.7500,-200.0000,
22/09/2021 19:00:00,1.21735,26/09/2021 22:00:00,1.22025,@EC,-1,1,-362.50,143.7500,-700.0000,
28/09/2021 12:00:00,1.21590,30/09/2021 15:00:00,1.20610,@EC,-1,1,1225.00,1500.0000,-118.7500,
05/10/2021 19:00:00,1.20750,07/10/2021 22:00:00,1.20310,@EC,-1,1,550.00,868.7500,0.0000,
19/10/2021 14:00:00,1.21135,21/10/2021 18:00:00,1.20975,@EC,-1,1,200.00,300.0000,-331.2500,
26/10/2021 14:00:00,1.20660,28/10/2021 18:00:00,1.21530,@EC,-1,1,-1087.50,168.7500,-1218.7500,
29/10/2021 14:00:00,1.20260,02/11/2021 18:00:00,1.20485,@EC,-1,1,-281.25,118.7500,-725.0000,
04/11/2021 08:00:00,1.20230,08/11/2021 11:00:00,1.20575,@EC,-1,1,-431.25,518.7500,-506.2500,
10/11/2021 19:00:00,1.19520,14/11/2021 22:00:00,1.19265,@EC,-1,1,318.75,650.0000,-37.5000,
17/11/2021 08:00:00,1.17830,19/11/2021 11:00:00,1.17825,@EC,-1,1,6.25,850.0000,-712.5000,
24/11/2021 07:00:00,1.16820,28/11/2021 18:00:00,1.17610,@EC,-1,1,-987.50,387.5000,-1300.0000,
01/12/2021 07:00:00,1.17845,03/12/2021 10:00:00,1.17555,@EC,-1,1,362.50,506.2500,-462.5000,
13/12/2021 01:00:00,1.17580,15/12/2021 04:00:00,1.17335,@EC,-1,1,306.25,550.0000,-337.5000,
16/12/2021 13:00:00,1.17785,20/12/2021 16:00:00,1.17345,@EC,-1,1,550.00,1075.0000,-381.2500,
20/12/2021 19:00:00,1.17335,22/12/2021 22:00:00,1.17955,@EC,-1,1,-775.00,225.0000,-806.2500,
27/12/2021 07:00:00,1.17685,29/12/2021 10:00:00,1.18010,@EC,-1,1,-406.25,531.2500,-456.2500,
05/01/2022 19:00:00,1.17595,09/01/2022 22:00:00,1.17880,@EC,-1,1,-356.25,337.5000,-681.2500,
20/01/2022 04:00:00,1.18005,24/01/2022 07:00:00,1.17495,@EC,-1,1,637.50,675.0000,-68.7500,
24/01/2022 19:00:00,1.17690,26/01/2022 22:00:00,1.16705,@EC,-1,1,1231.25,1237.5000,-6.2500,
03/02/2022 19:00:00,1.18780,07/02/2022 22:00:00,1.18720,@EC,-1,1,75.00,300.0000,-606.2500,
13/02/2022 18:00:00,1.17855,15/02/2022 21:00:00,1.17925,@EC,-1,1,-87.50,800.0000,-312.5000,
16/02/2022 11:00:00,1.18060,18/02/2022 14:00:00,1.17695,@EC,-1,1,456.25,662.5000,-375.0000,
22/02/2022 19:00:00,1.17675,24/02/2022 22:00:00,1.16515,@EC,-1,1,1450.00,2787.5000,-381.2500,
25/02/2022 07:00:00,1.16235,01/03/2022 10:00:00,1.15885,@EC,-1,1,437.50,568.7500,-1112.5000,
04/03/2022 05:00:00,1.14495,08/03/2022 08:00:00,1.13400,@EC,-1,1,1368.75,2600.0000,-68.7500,
10/03/2022 09:00:00,1.14995,14/03/2022 12:00:00,1.14120,@EC,-1,1,1093.75,2087.5000,-50.0000,
17/03/2022 21:00:00,1.15305,22/03/2022,1.14320,@EC,-1,1,1231.25,1500.0000,-37.5000,
29/03/2022 15:00:00,1.15165,31/03/2022 19:00:00,1.14980,@EC,-1,1,231.25,381.2500,-1187.5000,
04/04/2022 16:00:00,1.13945,06/04/2022 20:00:00,1.13205,@EC,-1,1,925.00,1200.0000,-231.2500,
10/04/2022 20:00:00,1.13075,12/04/2022 23:00:00,1.12550,@EC,-1,1,656.25,956.2500,-600.0000,
18/04/2022 03:00:00,1.12140,20/04/2022 06:00:00,1.12740,@EC,-1,1,-750.00,418.7500,-900.0000,
21/04/2022 14:00:00,1.12675,25/04/2022 18:00:00,1.11295,@EC,-1,1,1725.00,1918.7500,-25.0000,
02/05/2022 04:00:00,1.09475,04/05/2022 07:00:00,1.09445,@EC,-1,1,37.50,531.2500,-556.2500,
11/05/2022 15:00:00,1.09415,15/05/2022 19:00:00,1.08135,@EC,-1,1,1600.00,2300.0000,-6.2500,
15/05/2022 22:00:00,1.08130,18/05/2022 01:00:00,1.09370,@EC,-1,1,-1550.00,200.0000,-1975.0000,
18/05/2022 10:00:00,1.09255,20/05/2022 13:00:00,1.09545,@EC,-1,1,-362.50,731.2500,-1100.0000,
24/05/2022 16:00:00,1.11355,26/05/2022 20:00:00,1.11355,@EC,-1,1,0.00,1112.5000,-100.0000,
27/05/2022 14:00:00,1.11205,31/05/2022 18:00:00,1.11345,@EC,-1,1,-175.00,493.7500,-862.5000,
31/05/2022 19:00:00,1.11380,02/06/2022 22:00:00,1.11595,@EC,-1,1,-268.75,1368.7500,-306.2500,
08/06/2022 18:00:00,1.11170,12/06/2022 21:00:00,1.08835,@EC,-1,1,2918.75,2975.0000,-681.2500,
12/06/2022 23:00:00,1.08875,15/06/2022 02:00:00,1.08675,@EC,-1,1,250.00,1106.2500,-75.0000,
15/06/2022 21:00:00,1.08550,20/06/2022,1.09295,@EC,-1,1,-931.25,918.7500,-1850.0000,
20/06/2022 16:00:00,1.09130,22/06/2022 20:00:00,1.09640,@EC,-1,1,-637.50,543.7500,-1187.5000,
28/06/2022 03:00:00,1.09805,30/06/2022 06:00:00,1.08225,@EC,-1,1,1975.00,2037.5000,-168.7500,
07/07/2022 10:00:00,1.05710,11/07/2022 13:00:00,1.04480,@EC,-1,1,1537.50,1687.5000,-75.0000,
11/07/2022 20:00:00,1.04300,13/07/2022 23:00:00,1.04050,@EC,-1,1,312.50,612.5000,-968.7500,
19/07/2022,1.05080,21/07/2022 03:00:00,1.05835,@EC,-1,1,-943.75,31.2500,-1806.2500,
25/07/2022 14:00:00,1.05950,27/07/2022 18:00:00,1.05695,@EC,-1,1,318.75,1568.7500,-375.0000,
05/08/2022 12:00:00,1.05335,09/08/2022 15:00:00,1.05675,@EC,-1,1,-425.00,137.5000,-962.5000,
17/08/2022 13:00:00,1.05225,19/08/2022 16:00:00,1.03940,@EC,-1,1,1606.25,1712.5000,-468.7500,
22/08/2022 15:00:00,1.02865,24/08/2022 19:00:00,1.03175,@EC,-1,1,-387.50,443.7500,-1050.0000,
05/09/2022 16:00:00,1.02735,07/09/2022 20:00:00,1.03380,@EC,-1,1,-806.25,843.7500,-1000.0000,
26/09/2022 18:00:00,0.99390,28/09/2022 21:00:00,1.00160,@EC,-1,1,-962.50,943.7500,-1762.5000,
29/09/2022,1.00125,03/10/2022 03:00:00,1.01230,@EC,-1,1,-1381.25,637.5000,-2093.7500,
10/10/2022 19:00:00,1.00290,12/10/2022 22:00:00,1.00230,@EC,-1,1,75.00,518.7500,-825.0000,
25/10/2022 23:00:00,1.02635,28/10/2022 02:00:00,1.02810,@EC,-1,1,-218.75,18.7500,-1743.7500,
31/10/2022 14:00:00,1.01935,02/11/2022 18:00:00,1.01175,@EC,-1,1,950.00,950.0000,-1118.7500,
03/11/2022 16:00:00,1.00545,04/11/2022 14:00:00,1.02465,@EC,-1,1,-2400.00,125.0000,-2375.0000,
09/11/2022 12:00:00,1.03345,11/11/2022 01:00:00,1.05265,@EC,-1,1,-2400.00,1262.5000,-2331.2500,
15/11/2022 13:00:00,1.06825,17/11/2022 16:00:00,1.06620,@EC,-1,1,256.25,1318.7500,-656.2500,
28/11/2022 19:00:00,1.06305,30/11/2022 22:00:00,1.07095,@EC,-1,1,-987.50,681.2500,-1262.5000,
06/12/2022 16:00:00,1.07520,08/12/2022 20:00:00,1.08390,@EC,-1,1,-1087.50,350.0000,-1156.2500,
16/12/2022 14:00:00,1.08885,20/12/2022 18:00:00,1.08925,@EC,-1,1,-50.00,506.2500,-531.2500,
05/01/2023 13:00:00,1.07820,09/01/2023 08:00:00,1.09740,@EC,-1,1,-2400.00,606.2500,-2250.0000,
10/01/2023 11:00:00,1.09790,12/01/2023 14:00:00,1.11035,@EC,-1,1,-1556.25,206.2500,-1712.5000,
17/01/2023 14:00:00,1.10395,19/01/2023 18:00:00,1.10715,@EC,-1,1,-400.00,368.7500,-1156.2500,
24/01/2023 07:00:00,1.11065,26/01/2023 10:00:00,1.11240,@EC,-1,1,-218.75,400.0000,-743.7500,
02/02/2023 23:00:00,1.11230,07/02/2023 02:00:00,1.09655,@EC,-1,1,1968.75,2325.0000,-575.0000,
08/02/2023 20:00:00,1.09400,12/02/2023 23:00:00,1.08835,@EC,-1,1,706.25,768.7500,-943.7500,
14/02/2023 14:00:00,1.09540,16/02/2023 18:00:00,1.08905,@EC,-1,1,793.75,1025.0000,-156.2500,
21/02/2023 07:00:00,1.08745,23/02/2023 10:00:00,1.08225,@EC,-1,1,650.00,925.0000,-518.7500,
23/02/2023 14:00:00,1.08030,27/02/2023 18:00:00,1.08215,@EC,-1,1,-231.25,706.2500,-387.5000,
02/03/2023 15:00:00,1.08010,06/03/2023 19:00:00,1.08935,@EC,-1,1,-1156.25,56.2500,-1281.2500,
08/03/2023 07:00:00,1.07450,10/03/2023 10:00:00,1.08750,@EC,-1,1,-1625.00,106.2500,-1712.5000,
12/03/2023 18:00:00,1.08850,14/03/2023 21:00:00,1.09385,@EC,-1,1,-668.75,381.2500,-906.2500,
15/03/2023 20:00:00,1.07840,19/03/2023 23:00:00,1.08770,@EC,-1,1,-1162.50,381.2500,-1318.7500,
22/03/2023 20:00:00,1.10640,26/03/2023 23:00:00,1.09635,@EC,-1,1,1256.25,1937.5000,-756.2500,
28/03/2023 06:00:00,1.10085,30/03/2023 09:00:00,1.11005,@EC,-1,1,-1150.00,12.5000,-1168.7500,
30/03/2023 22:00:00,1.10980,04/04/2023 01:00:00,1.10825,@EC,-1,1,193.75,1518.7500,-87.5000,
04/04/2023 10:00:00,1.10925,06/04/2023 13:00:00,1.11185,@EC,-1,1,-325.00,287.5000,-850.0000,
06/04/2023 20:00:00,1.11045,11/04/2023 04:00:00,1.10790,@EC,-1,1,318.75,1112.5000,-56.2500,
19/04/2023 18:00:00,1.11350,23/04/2023 21:00:00,1.11705,@EC,-1,1,-443.75,318.7500,-456.2500,
25/04/2023 15:00:00,1.11475,27/04/2023 19:00:00,1.11980,@EC,-1,1,-631.25,56.2500,-1531.2500,
01/05/2023 15:00:00,1.11415,03/05/2023 19:00:00,1.12365,@EC,-1,1,-1187.50,356.2500,-1512.5000,
09/05/2023 19:00:00,1.11310,11/05/2023 22:00:00,1.10875,@EC,-1,1,543.75,837.5000,-525.0000,
26/05/2023 13:00:00,1.08750,30/05/2023 16:00:00,1.08840,@EC,-1,1,-112.50,612.5000,-318.7500,
08/06/2023 02:00:00,1.08570,12/06/2023 05:00:00,1.09225,@EC,-1,1,-818.75,118.7500,-956.2500,
16/06/2023 03:00:00,1.10875,20/06/2023 06:00:00,1.10635,@EC,-1,1,300.00,518.7500,-287.5000,
21/06/2023,1.10540,23/06/2023 03:00:00,1.10585,@EC,-1,1,-56.25,125.0000,-1193.7500,
23/06/2023 07:00:00,1.10025,27/06/2023 10:00:00,1.10990,@EC,-1,1,-1206.25,18.7500,-1350.0000,
29/06/2023 12:00:00,1.10120,03/07/2023 15:00:00,1.10415,@EC,-1,1,-368.75,600.0000,-643.7500,
07/07/2023 02:00:00,1.10145,11/07/2023 05:00:00,1.11295,@EC,-1,1,-1437.50,256.2500,-1737.5000,
12/07/2023 06:00:00,1.11505,13/07/2023 13:00:00,1.13425,@EC,-1,1,-2400.00,150.0000,-2393.7500,
16/07/2023 20:00:00,1.13510,18/07/2023 23:00:00,1.13440,@EC,-1,1,87.50,300.0000,-593.7500,
24/07/2023 07:00:00,1.12105,26/07/2023 10:00:00,1.11830,@EC,-1,1,343.75,893.7500,-218.7500,
02/08/2023 01:00:00,1.11015,04/08/2023 04:00:00,1.10580,@EC,-1,1,543.75,981.2500,-143.7500,
09/08/2023 14:00:00,1.10890,13/08/2023 18:00:00,1.10550,@EC,-1,1,425.00,493.7500,-1050.0000,
14/08/2023 19:00:00,1.10125,16/08/2023 22:00:00,1.09695,@EC,-1,1,537.50,593.7500,-575.0000,
22/08/2023 20:00:00,1.09480,24/08/2023 23:00:00,1.08850,@EC,-1,1,787.50,825.0000,-356.2500,
25/08/2023 13:00:00,1.08955,29/08/2023 16:00:00,1.09840,@EC,-1,1,-1106.25,193.7500,-1181.2500,
05/09/2023 18:00:00,1.08165,07/09/2023 21:00:00,1.08055,@EC,-1,1,137.50,475.0000,-331.2500,
11/09/2023 16:00:00,1.08400,13/09/2023 20:00:00,1.08215,@EC,-1,1,231.25,543.7500,-256.2500,
14/09/2023 16:00:00,1.07285,18/09/2023 20:00:00,1.07760,@EC,-1,1,-593.75,125.0000,-693.7500,
20/09/2023 02:00:00,1.07640,22/09/2023 05:00:00,1.07280,@EC,-1,1,450.00,850.0000,-712.5000,
02/10/2023 14:00:00,1.05735,04/10/2023 18:00:00,1.05830,@EC,-1,1,-118.75,606.2500,-443.7500,
05/10/2023 06:00:00,1.05820,09/10/2023 09:00:00,1.06075,@EC,-1,1,-318.75,312.5000,-1162.5000,
18/10/2023 03:00:00,1.06490,20/10/2023 06:00:00,1.06575,@EC,-1,1,-106.25,706.2500,-443.7500,
31/10/2023 02:00:00,1.06625,02/11/2023 05:00:00,1.06620,@EC,-1,1,6.25,1037.5000,-956.2500,
09/11/2023 19:00:00,1.07255,13/11/2023 22:00:00,1.07555,@EC,-1,1,-375.00,137.5000,-493.7500,
16/11/2023,1.08935,20/11/2023 03:00:00,1.09715,@EC,-1,1,-975.00,162.5000,-1218.7500,
20/11/2023 09:00:00,1.09820,22/11/2023 12:00:00,1.09250,@EC,-1,1,712.50,937.5000,-468.7500,
27/11/2023 12:00:00,1.09885,29/11/2023 15:00:00,1.10350,@EC,-1,1,-581.25,87.5000,-993.7500,
06/12/2023 19:00:00,1.08130,10/12/2023 22:00:00,1.08115,@EC,-1,1,18.75,537.5000,-643.7500,
12/12/2023 11:00:00,1.08300,14/12/2023 09:00:00,1.10220,@EC,-1,1,-2400.00,150.0000,-2125.0000,
19/12/2023 15:00:00,1.10180,21/12/2023 19:00:00,1.10450,@EC,-1,1,-337.50,600.0000,-431.2500,
22/12/2023 14:00:00,1.10530,27/12/2023 18:00:00,1.11415,@EC,-1,1,-1106.25,137.5000,-1343.7500,
02/01/2024 10:00:00,1.09960,04/01/2024 13:00:00,1.09825,@EC,-1,1,168.75,875.0000,-100.0000,
04/01/2024 16:00:00,1.09815,08/01/2024 20:00:00,1.09855,@EC,-1,1,-50.00,918.7500,-618.7500,
09/01/2024 16:00:00,1.09580,11/01/2024 20:00:00,1.10040,@EC,-1,1,-575.00,62.5000,-1031.2500,
12/01/2024 14:00:00,1.09875,16/01/2024 18:00:00,1.09020,@EC,-1,1,1068.75,1225.0000,-100.0000,
17/01/2024 12:00:00,1.08840,19/01/2024 15:00:00,1.09175,@EC,-1,1,-418.75,150.0000,-606.2500,
31/01/2024 01:00:00,1.08405,02/02/2024 04:00:00,1.08985,@EC,-1,1,-725.00,518.7500,-868.7500,
07/02/2024 09:00:00,1.07875,09/02/2024 12:00:00,1.07970,@EC,-1,1,-118.75,375.0000,-300.0000,
12/02/2024 02:00:00,1.08065,14/02/2024 05:00:00,1.07145,@EC,-1,1,1150.00,1218.7500,-293.7500,
15/02/2024 05:00:00,1.07450,19/02/2024 08:00:00,1.07820,@EC,-1,1,-462.50,25.0000,-712.5000,
19/02/2024 18:00:00,1.07900,21/02/2024 21:00:00,1.08365,@EC,-1,1,-581.25,212.5000,-756.2500,
