23/11/2010 20:00:00,1.51725,25/11/2010 20:00:00,1.51475,@EC,-1,1,312.50,1225.0000,-512.5000,
29/11/2010 20:00:00,1.49045,01/12/2010 16:00:00,1.49205,@EC,-1,1,-200.00,1800.0000,-875.0000,
06/12/2010 20:00:00,1.50915,07/12/2010 08:00:00,1.51785,@EC,1,1,1087.50,1200.0000,-237.5000,
13/12/2010 20:00:00,1.51845,15/12/2010 16:00:00,1.50775,@EC,-1,1,1337.50,1612.5000,-1425.0000,
30/12/2010 20:00:00,1.50925,03/01/2011 16:00:00,1.51795,@EC,-1,1,-1087.50,487.5000,-1700.0000,
03/01/2011 20:00:00,1.51555,05/01/2011 16:00:00,1.49835,@EC,-1,1,2150.00,2862.5000,-1012.5000,
10/01/2011 20:00:00,1.47385,11/01/2011 08:00:00,1.47295,@EC,1,1,-112.50,700.0000,-312.5000,
16/01/2011 20:00:00,1.51385,17/01/2011 08:00:00,1.50645,@EC,1,1,-925.00,162.5000,-1237.5000,
18/01/2011 20:00:00,1.51875,20/01/2011 16:00:00,1.52685,@EC,-1,1,-1012.50,250.0000,-1900.0000,
25/01/2011 20:00:00,1.54775,27/01/2011 16:00:00,1.55015,@EC,-1,1,-300.00,537.5000,-1012.5000,
01/02/2011 20:00:00,1.56205,03/02/2011 16:00:00,1.54495,@EC,-1,1,2137.50,2550.0000,-512.5000,
03/02/2011 20:00:00,1.54275,07/02/2011 16:00:00,1.53445,@EC,-1,1,1037.50,1500.0000,-675.0000,
08/02/2011 20:00:00,1.54275,10/02/2011 16:00:00,1.54265,@EC,-1,1,12.50,625.0000,-1462.5000,
16/02/2011 20:00:00,1.53605,18/02/2011 16:00:00,1.54745,@EC,-1,1,-1425.00,275.0000,-1612.5000,
20/02/2011 20:00:00,1.54925,22/02/2011 20:00:00,1.54585,@EC,-1,1,425.00,2050.0000,-337.5000,
27/02/2011 20:00:00,1.55395,28/02/2011 08:00:00,1.56275,@EC,1,1,1100.00,1225.0000,-300.0000,
13/03/2011 20:00:00,1.57705,15/03/2011 16:00:00,1.57915,@EC,-1,1,-262.50,1400.0000,-450.0000,
23/03/2011 20:00:00,1.58985,25/03/2011 16:00:00,1.58695,@EC,-1,1,362.50,512.5000,-1575.0000,
29/03/2011 20:00:00,1.59105,31/03/2011 16:00:00,1.59945,@EC,-1,1,-1050.00,712.5000,-1575.0000,
04/04/2011 20:00:00,1.59995,05/04/2011 08:00:00,1.59825,@EC,1,1,-212.50,250.0000,-350.0000,
06/04/2011 20:00:00,1.61315,08/04/2011 16:00:00,1.62225,@EC,-1,1,-1137.50,1087.5000,-1437.5000,
12/04/2011 20:00:00,1.62815,14/04/2011 16:00:00,1.62875,@EC,-1,1,-75.00,1425.0000,-512.5000,
20/04/2011 20:00:00,1.63275,25/04/2011 16:00:00,1.63795,@EC,-1,1,-650.00,225.0000,-1575.0000,
27/04/2011 20:00:00,1.65795,29/04/2011 16:00:00,1.66325,@EC,-1,1,-662.50,25.0000,-1337.5000,
02/05/2011 20:00:00,1.66315,04/05/2011 16:00:00,1.66555,@EC,-1,1,-300.00,887.5000,-1450.0000,
19/05/2011 20:00:00,1.61255,23/05/2011 16:00:00,1.58565,@EC,-1,1,3362.50,4250.0000,-450.0000,
24/05/2011 20:00:00,1.59035,25/05/2011 08:00:00,1.58795,@EC,1,1,-300.00,0.0000,-937.5000,
25/05/2011 20:00:00,1.59005,27/05/2011,1.60765,@EC,-1,1,-2200.00,187.5000,-2187.5000,
31/05/2011 20:00:00,1.62115,02/06/2011 16:00:00,1.62885,@EC,-1,1,-962.50,887.5000,-1187.5000,
23/06/2011 20:00:00,1.60905,27/06/2011 16:00:00,1.60905,@EC,-1,1,0.00,2000.0000,-537.5000,
28/06/2011 20:00:00,1.61985,30/06/2011 16:00:00,1.63415,@EC,-1,1,-1787.50,575.0000,-2112.5000,
30/06/2011 20:00:00,1.63225,01/07/2011 08:00:00,1.63565,@EC,1,1,425.00,725.0000,-337.5000,
21/07/2011 20:00:00,1.62545,25/07/2011 16:00:00,1.62105,@EC,-1,1,550.00,1175.0000,-250.0000,
31/07/2011 20:00:00,1.61995,02/08/2011 16:00:00,1.60485,@EC,-1,1,1887.50,2500.0000,-1237.5000,
10/08/2011 20:00:00,1.60175,11/08/2011 08:00:00,1.61055,@EC,1,1,1100.00,1412.5000,-512.5000,
23/08/2011 20:00:00,1.62895,25/08/2011 16:00:00,1.62245,@EC,-1,1,812.50,1337.5000,-612.5000,
01/09/2011 20:00:00,1.61195,05/09/2011 20:00:00,1.59515,@EC,-1,1,2100.00,2525.0000,-350.0000,
06/09/2011 20:00:00,1.58605,08/09/2011 16:00:00,1.57925,@EC,-1,1,850.00,1137.5000,-1862.5000,
08/09/2011 20:00:00,1.57465,12/09/2011 16:00:00,1.54645,@EC,-1,1,3525.00,4825.0000,-612.5000,
19/09/2011 20:00:00,1.55285,21/09/2011 16:00:00,1.55935,@EC,-1,1,-812.50,1037.5000,-1000.0000,
28/09/2011 20:00:00,1.53835,29/09/2011 08:00:00,1.55045,@EC,1,1,1512.50,1887.5000,-125.0000,
18/10/2011 20:00:00,1.55875,20/10/2011 16:00:00,1.55605,@EC,-1,1,337.50,975.0000,-1687.5000,
26/10/2011 20:00:00,1.57515,27/10/2011 12:00:00,1.59275,@EC,-1,1,-2200.00,412.5000,-2162.5000,
30/10/2011 20:00:00,1.59975,31/10/2011 08:00:00,1.58505,@EC,1,1,-1837.50,362.5000,-2112.5000,
02/11/2011 20:00:00,1.55675,03/11/2011 08:00:00,1.55845,@EC,1,1,212.50,262.5000,-687.5000,
03/11/2011 20:00:00,1.56725,07/11/2011 16:00:00,1.56045,@EC,-1,1,850.00,1675.0000,-837.5000,
17/11/2011 20:00:00,1.53265,21/11/2011 16:00:00,1.53675,@EC,-1,1,-512.50,450.0000,-1850.0000,
23/11/2011 20:00:00,1.52065,27/11/2011 20:00:00,1.51755,@EC,-1,1,387.50,1675.0000,-825.0000,
08/12/2011 20:00:00,1.52105,12/12/2011 16:00:00,1.50655,@EC,-1,1,1812.50,2112.5000,-1050.0000,
20/12/2011 20:00:00,1.49415,22/12/2011 16:00:00,1.49115,@EC,-1,1,375.00,787.5000,-1650.0000,
28/12/2011 20:00:00,1.48035,30/12/2011 16:00:00,1.48165,@EC,-1,1,-162.50,1062.5000,-675.0000,
03/01/2012 20:00:00,1.49085,05/01/2012 16:00:00,1.46515,@EC,-1,1,3212.50,3450.0000,-262.5000,
17/01/2012 20:00:00,1.45905,19/01/2012 08:00:00,1.47665,@EC,-1,1,-2200.00,62.5000,-2137.5000,
23/01/2012 20:00:00,1.48665,25/01/2012 16:00:00,1.48995,@EC,-1,1,-412.50,1050.0000,-612.5000,
26/01/2012 20:00:00,1.49455,27/01/2012 08:00:00,1.49775,@EC,1,1,400.00,512.5000,-225.0000,
29/01/2012 20:00:00,1.50675,31/01/2012 16:00:00,1.49215,@EC,-1,1,1825.00,2187.5000,-75.0000,
31/01/2012 20:00:00,1.49425,02/02/2012 16:00:00,1.50015,@EC,-1,1,-737.50,825.0000,-1600.0000,
02/02/2012 20:00:00,1.49855,03/02/2012 08:00:00,1.50175,@EC,1,1,400.00,512.5000,-250.0000,
06/02/2012 20:00:00,1.49645,07/02/2012 08:00:00,1.49995,@EC,1,1,437.50,712.5000,-300.0000,
07/02/2012 20:00:00,1.51095,09/02/2012 16:00:00,1.51475,@EC,-1,1,-475.00,550.0000,-812.5000,
15/02/2012 20:00:00,1.49125,17/02/2012 16:00:00,1.50035,@EC,-1,1,-1137.50,1100.0000,-1700.0000,
21/02/2012 20:00:00,1.50795,23/02/2012 16:00:00,1.51675,@EC,-1,1,-1100.00,225.0000,-1425.0000,
26/02/2012 20:00:00,1.52975,27/02/2012 08:00:00,1.52775,@EC,1,1,-250.00,225.0000,-375.0000,
05/03/2012 20:00:00,1.50625,06/03/2012 08:00:00,1.50345,@EC,1,1,-350.00,175.0000,-575.0000,
18/03/2012 20:00:00,1.50245,20/03/2012 16:00:00,1.50815,@EC,-1,1,-712.50,462.5000,-1087.5000,
28/03/2012 20:00:00,1.51615,30/03/2012 16:00:00,1.51775,@EC,-1,1,-200.00,812.5000,-762.5000,
05/04/2012 20:00:00,1.48995,06/04/2012 08:00:00,1.49105,@EC,1,1,137.50,300.0000,-12.5000,
10/04/2012 20:00:00,1.49285,12/04/2012 16:00:00,1.50215,@EC,-1,1,-1162.50,212.5000,-1287.5000,
02/05/2012 20:00:00,1.49985,04/05/2012 16:00:00,1.49295,@EC,-1,1,862.50,950.0000,-300.0000,
07/05/2012 20:00:00,1.48895,08/05/2012 08:00:00,1.48535,@EC,1,1,-450.00,12.5000,-525.0000,
10/05/2012 20:00:00,1.47705,11/05/2012 08:00:00,1.47835,@EC,1,1,162.50,287.5000,-312.5000,
29/05/2012 20:00:00,1.43295,31/05/2012 16:00:00,1.42035,@EC,-1,1,1575.00,1912.5000,-50.0000,
05/06/2012 20:00:00,1.42915,07/06/2012 16:00:00,1.44055,@EC,-1,1,-1425.00,137.5000,-2187.5000,
18/06/2012 20:00:00,1.44095,20/06/2012 16:00:00,1.45245,@EC,-1,1,-1437.50,112.5000,-1925.0000,
01/07/2012 20:00:00,1.45005,03/07/2012 16:00:00,1.44455,@EC,-1,1,687.50,1350.0000,-50.0000,
05/07/2012 20:00:00,1.42305,09/07/2012 16:00:00,1.41425,@EC,-1,1,1100.00,1775.0000,-75.0000,
09/07/2012 20:00:00,1.41385,10/07/2012 08:00:00,1.41485,@EC,1,1,125.00,225.0000,-300.0000,
11/07/2012 20:00:00,1.40735,13/07/2012 16:00:00,1.40645,@EC,-1,1,112.50,1000.0000,-200.0000,
15/07/2012 20:00:00,1.40785,17/07/2012 16:00:00,1.40765,@EC,-1,1,25.00,900.0000,-887.5000,
17/07/2012 20:00:00,1.41225,19/07/2012 16:00:00,1.41095,@EC,-1,1,162.50,937.5000,-437.5000,
19/07/2012 20:00:00,1.41085,23/07/2012 16:00:00,1.39665,@EC,-1,1,1775.00,2625.0000,-75.0000,
25/07/2012 20:00:00,1.39805,26/07/2012 12:00:00,1.41565,@EC,-1,1,-2200.00,425.0000,-2087.5000,
02/08/2012 20:00:00,1.40105,03/08/2012 12:00:00,1.41865,@EC,-1,1,-2200.00,187.5000,-2087.5000,
16/08/2012 20:00:00,1.41815,20/08/2012 16:00:00,1.41665,@EC,-1,1,187.50,837.5000,-337.5000,
22/08/2012,1.42985,23/08/2012 20:00:00,1.43905,@EC,-1,1,-1150.00,525.0000,-1462.5000,
27/08/2012 20:00:00,1.43205,28/08/2012 08:00:00,1.43565,@EC,1,1,450.00,487.5000,-387.5000,
28/08/2012 20:00:00,1.43905,30/08/2012 16:00:00,1.43255,@EC,-1,1,812.50,1000.0000,-100.0000,
30/08/2012 20:00:00,1.43315,03/09/2012 20:00:00,1.44105,@EC,-1,1,-987.50,162.5000,-1637.5000,
04/09/2012 20:00:00,1.43905,06/09/2012 16:00:00,1.44545,@EC,-1,1,-800.00,812.5000,-1075.0000,
16/09/2012 20:00:00,1.49465,18/09/2012 16:00:00,1.48635,@EC,-1,1,1037.50,1075.0000,-600.0000,
27/09/2012 20:00:00,1.47355,01/10/2012 16:00:00,1.47175,@EC,-1,1,225.00,1387.5000,-587.5000,
02/10/2012 20:00:00,1.47345,03/10/2012 08:00:00,1.47375,@EC,1,1,37.50,212.5000,-437.5000,
04/10/2012 20:00:00,1.48365,08/10/2012 16:00:00,1.47945,@EC,-1,1,525.00,1000.0000,-687.5000,
10/10/2012 20:00:00,1.46775,11/10/2012 08:00:00,1.47015,@EC,1,1,300.00,437.5000,-412.5000,
16/10/2012 20:00:00,1.49095,18/10/2012 16:00:00,1.49205,@EC,-1,1,-137.50,150.0000,-612.5000,
21/10/2012 20:00:00,1.48455,23/10/2012 16:00:00,1.47935,@EC,-1,1,650.00,962.5000,-700.0000,
23/10/2012 20:00:00,1.48065,25/10/2012 16:00:00,1.47795,@EC,-1,1,337.50,862.5000,-425.0000,
01/11/2012 20:00:00,1.47455,02/11/2012 08:00:00,1.46935,@EC,1,1,-650.00,125.0000,-700.0000,
12/11/2012 20:00:00,1.45225,13/11/2012 08:00:00,1.44895,@EC,1,1,-412.50,25.0000,-525.0000,
13/11/2012 20:00:00,1.45185,15/11/2012 16:00:00,1.45885,@EC,-1,1,-875.00,12.5000,-1250.0000,
18/11/2012 20:00:00,1.45575,20/11/2012 16:00:00,1.46205,@EC,-1,1,-787.50,37.5000,-1075.0000,
20/11/2012 20:00:00,1.46295,22/11/2012 20:00:00,1.46875,@EC,-1,1,-725.00,987.5000,-1050.0000,
25/11/2012 20:00:00,1.47855,27/11/2012 16:00:00,1.47525,@EC,-1,1,412.50,712.5000,-475.0000,
27/11/2012 20:00:00,1.47525,29/11/2012 16:00:00,1.47855,@EC,-1,1,-412.50,750.0000,-950.0000,
09/12/2012 20:00:00,1.47065,10/12/2012 08:00:00,1.47095,@EC,1,1,37.50,287.5000,-100.0000,
16/12/2012 20:00:00,1.49845,18/12/2012 16:00:00,1.50415,@EC,-1,1,-712.50,375.0000,-737.5000,
18/12/2012 20:00:00,1.50335,20/12/2012 16:00:00,1.50505,@EC,-1,1,-212.50,287.5000,-1075.0000,
27/12/2012 20:00:00,1.50435,31/12/2012 16:00:00,1.50045,@EC,-1,1,487.50,875.0000,-262.5000,
02/01/2013 20:00:00,1.49935,04/01/2013 16:00:00,1.48555,@EC,-1,1,1725.00,2375.0000,-37.5000,
17/01/2013 20:00:00,1.51795,21/01/2013 20:00:00,1.51235,@EC,-1,1,700.00,1187.5000,-287.5000,
22/01/2013 20:00:00,1.51245,24/01/2013 16:00:00,1.51755,@EC,-1,1,-637.50,712.5000,-900.0000,
28/01/2013 20:00:00,1.52485,29/01/2013 08:00:00,1.52435,@EC,1,1,-62.50,187.5000,-212.5000,
03/02/2013 20:00:00,1.54525,05/02/2013 16:00:00,1.53865,@EC,-1,1,825.00,2400.0000,-50.0000,
05/02/2013 20:00:00,1.53855,07/02/2013 16:00:00,1.52025,@EC,-1,1,2287.50,2662.5000,-162.5000,
07/02/2013 20:00:00,1.51975,11/02/2013 16:00:00,1.52105,@EC,-1,1,-162.50,537.5000,-425.0000,
19/02/2013 20:00:00,1.51875,21/02/2013 16:00:00,1.50015,@EC,-1,1,2325.00,2762.5000,-600.0000,
07/03/2013 20:00:00,1.49035,11/03/2013 16:00:00,1.48095,@EC,-1,1,1175.00,1875.0000,-375.0000,
17/03/2013 20:00:00,1.47195,19/03/2013 16:00:00,1.46515,@EC,-1,1,850.00,925.0000,-875.0000,
31/03/2013 20:00:00,1.46015,01/04/2013 08:00:00,1.46015,@EC,1,1,0.00,100.0000,-487.5000,
04/04/2013 20:00:00,1.47255,08/04/2013 16:00:00,1.47995,@EC,-1,1,-925.00,425.0000,-1325.0000,
16/04/2013 20:00:00,1.49655,18/04/2013 16:00:00,1.48685,@EC,-1,1,1212.50,2187.5000,-300.0000,
23/04/2013 20:00:00,1.47915,25/04/2013 16:00:00,1.47955,@EC,-1,1,-50.00,600.0000,-1137.5000,
30/04/2013 20:00:00,1.49555,02/05/2013 16:00:00,1.48575,@EC,-1,1,1225.00,1637.5000,-962.5000,
02/05/2013 20:00:00,1.48525,06/05/2013 16:00:00,1.48625,@EC,-1,1,-125.00,412.5000,-1200.0000,
21/05/2013 20:00:00,1.46935,23/05/2013 16:00:00,1.47185,@EC,-1,1,-312.50,1075.0000,-1137.5000,
18/06/2013 20:00:00,1.51835,20/06/2013 16:00:00,1.50275,@EC,-1,1,1950.00,2912.5000,-300.0000,
02/07/2013 20:00:00,1.47665,04/07/2013 20:00:00,1.47035,@EC,-1,1,787.50,1200.0000,-675.0000,
07/07/2013 20:00:00,1.46105,09/07/2013 16:00:00,1.45785,@EC,-1,1,400.00,787.5000,-925.0000,
24/07/2013 20:00:00,1.49855,26/07/2013 16:00:00,1.50655,@EC,-1,1,-1000.00,425.0000,-1225.0000,
31/07/2013 20:00:00,1.50885,02/08/2013 16:00:00,1.50635,@EC,-1,1,312.50,1475.0000,-100.0000,
13/08/2013 20:00:00,1.50495,15/08/2013 16:00:00,1.50455,@EC,-1,1,50.00,737.5000,-587.5000,
15/08/2013 20:00:00,1.51345,19/08/2013 16:00:00,1.51255,@EC,-1,1,112.50,487.5000,-387.5000,
20/08/2013 20:00:00,1.52025,22/08/2013 16:00:00,1.51425,@EC,-1,1,750.00,1500.0000,-125.0000,
27/08/2013 20:00:00,1.51775,29/08/2013 16:00:00,1.50245,@EC,-1,1,1912.50,2187.5000,-62.5000,
01/09/2013 20:00:00,1.49845,02/09/2013 08:00:00,1.50005,@EC,1,1,200.00,325.0000,-100.0000,
03/09/2013 20:00:00,1.49525,05/09/2013 16:00:00,1.49105,@EC,-1,1,525.00,737.5000,-687.5000,
09/09/2013 20:00:00,1.50335,10/09/2013 08:00:00,1.50325,@EC,1,1,-12.50,312.5000,-112.5000,
15/09/2013 20:00:00,1.51455,17/09/2013 16:00:00,1.51355,@EC,-1,1,125.00,487.5000,-287.5000,
18/09/2013 20:00:00,1.52905,19/09/2013,1.53065,@EC,-1,1,-200.00,100.0000,-312.5000,
01/10/2013 20:00:00,1.53035,03/10/2013 16:00:00,1.54045,@EC,-1,1,-1262.50,237.5000,-1537.5000,
15/10/2013 20:00:00,1.53085,17/10/2013 08:00:00,1.54015,@EC,-1,1,-1162.50,700.0000,-1362.5000,
20/10/2013 20:00:00,1.54565,21/10/2013 08:00:00,1.54495,@EC,1,1,-87.50,125.0000,-137.5000,
22/10/2013 20:00:00,1.55585,24/10/2013 16:00:00,1.55835,@EC,-1,1,-312.50,475.0000,-575.0000,
29/10/2013 20:00:00,1.55245,31/10/2013 16:00:00,1.53705,@EC,-1,1,1925.00,2025.0000,-500.0000,
04/11/2013 20:00:00,1.52855,05/11/2013 08:00:00,1.52755,@EC,1,1,-125.00,62.5000,-350.0000,
07/11/2013 20:00:00,1.51945,11/11/2013 16:00:00,1.51805,@EC,-1,1,175.00,1237.5000,-450.0000,
19/11/2013 20:00:00,1.53125,21/11/2013 16:00:00,1.52365,@EC,-1,1,950.00,1687.5000,-587.5000,
02/12/2013 20:00:00,1.53185,04/12/2013 16:00:00,1.53735,@EC,-1,1,-687.50,212.5000,-925.0000,
17/12/2013 20:00:00,1.55475,19/12/2013 16:00:00,1.54435,@EC,-1,1,1300.00,1487.5000,-975.0000,
23/12/2013 20:00:00,1.54675,24/12/2013 08:00:00,1.54585,@EC,1,1,-112.50,25.0000,-225.0000,
02/01/2014 20:00:00,1.54465,06/01/2014 16:00:00,1.54185,@EC,-1,1,350.00,1200.0000,-62.5000,
15/01/2014 20:00:00,1.53805,17/01/2014 16:00:00,1.53095,@EC,-1,1,887.50,962.5000,-600.0000,
21/01/2014 20:00:00,1.53385,23/01/2014 16:00:00,1.54545,@EC,-1,1,-1450.00,375.0000,-1612.5000,
29/01/2014 20:00:00,1.54425,31/01/2014 16:00:00,1.52845,@EC,-1,1,1975.00,2300.0000,-12.5000,
06/02/2014 20:00:00,1.53695,10/02/2014 16:00:00,1.54205,@EC,-1,1,-637.50,487.5000,-762.5000,
12/02/2014 20:00:00,1.53755,14/02/2014 16:00:00,1.54755,@EC,-1,1,-1250.00,137.5000,-1500.0000,
18/02/2014 20:00:00,1.55385,20/02/2014 16:00:00,1.54805,@EC,-1,1,725.00,987.5000,-175.0000,
20/02/2014 20:00:00,1.55015,24/02/2014 16:00:00,1.55165,@EC,-1,1,-187.50,250.0000,-637.5000,
25/02/2014 20:00:00,1.55255,27/02/2014 16:00:00,1.54905,@EC,-1,1,437.50,1287.5000,-137.5000,
03/03/2014 20:00:00,1.55055,04/03/2014 08:00:00,1.55315,@EC,1,1,325.00,600.0000,-62.5000,
06/03/2014 20:00:00,1.56395,10/03/2014 16:00:00,1.56595,@EC,-1,1,-250.00,100.0000,-687.5000,
16/03/2014 20:00:00,1.56945,18/03/2014 16:00:00,1.56925,@EC,-1,1,25.00,425.0000,-437.5000,
18/03/2014 20:00:00,1.57145,20/03/2014 16:00:00,1.55685,@EC,-1,1,1825.00,2312.5000,-12.5000,
31/03/2014 20:00:00,1.55555,02/04/2014 16:00:00,1.55475,@EC,-1,1,100.00,275.0000,-562.5000,
03/04/2014 20:00:00,1.54985,07/04/2014 16:00:00,1.55195,@EC,-1,1,-262.50,587.5000,-387.5000,
22/04/2014 20:00:00,1.55855,24/04/2014 16:00:00,1.56045,@EC,-1,1,-237.50,175.0000,-637.5000,
27/04/2014 20:00:00,1.56105,28/04/2014 08:00:00,1.56495,@EC,1,1,487.50,575.0000,-200.0000,
28/04/2014 20:00:00,1.56305,30/04/2014 16:00:00,1.56475,@EC,-1,1,-212.50,1000.0000,-362.5000,
01/05/2014 20:00:00,1.56445,02/05/2014 08:00:00,1.56445,@EC,1,1,0.00,25.0000,-137.5000,
04/05/2014 20:00:00,1.56555,06/05/2014 16:00:00,1.57065,@EC,-1,1,-637.50,112.5000,-962.5000,
06/05/2014 20:00:00,1.57075,08/05/2014 16:00:00,1.56425,@EC,-1,1,812.50,987.5000,-850.0000,
15/05/2014 20:00:00,1.54915,19/05/2014 16:00:00,1.54905,@EC,-1,1,12.50,312.5000,-312.5000,
27/05/2014 20:00:00,1.54165,29/05/2014 16:00:00,1.53905,@EC,-1,1,325.00,600.0000,-50.0000,
17/06/2014 20:00:00,1.53315,19/06/2014 08:00:00,1.54235,@EC,-1,1,-1150.00,62.5000,-1212.5000,
24/06/2014 20:00:00,1.53885,26/06/2014 16:00:00,1.53955,@EC,-1,1,-87.50,362.5000,-600.0000,
03/07/2014 20:00:00,1.53915,07/07/2014 20:00:00,1.53895,@EC,-1,1,25.00,400.0000,-50.0000,
08/07/2014 20:00:00,1.53965,10/07/2014 16:00:00,1.53815,@EC,-1,1,187.50,300.0000,-475.0000,
13/07/2014 20:00:00,1.53855,14/07/2014 08:00:00,1.54135,@EC,1,1,350.00,487.5000,-50.0000,
14/07/2014 20:00:00,1.54035,16/07/2014 16:00:00,1.53105,@EC,-1,1,1162.50,1187.5000,-100.0000,
20/07/2014 20:00:00,1.53115,22/07/2014 16:00:00,1.52485,@EC,-1,1,787.50,875.0000,-262.5000,
22/07/2014 20:00:00,1.52485,24/07/2014 16:00:00,1.52515,@EC,-1,1,-37.50,362.5000,-225.0000,
29/07/2014 20:00:00,1.51915,31/07/2014 16:00:00,1.51675,@EC,-1,1,300.00,525.0000,-75.0000,
05/08/2014 20:00:00,1.51545,07/08/2014 16:00:00,1.51325,@EC,-1,1,275.00,487.5000,-275.0000,
11/08/2014 20:00:00,1.51625,12/08/2014 08:00:00,1.51375,@EC,1,1,-312.50,0.0000,-325.0000,
13/08/2014 20:00:00,1.51455,15/08/2014 16:00:00,1.51685,@EC,-1,1,-287.50,187.5000,-612.5000,
18/08/2014 20:00:00,1.51415,19/08/2014 08:00:00,1.51365,@EC,1,1,-62.50,0.0000,-200.0000,
19/08/2014 20:00:00,1.50995,21/08/2014 16:00:00,1.50615,@EC,-1,1,475.00,950.0000,-87.5000,
25/08/2014,1.49885,26/08/2014 20:00:00,1.49515,@EC,-1,1,462.50,525.0000,-87.5000,
02/09/2014,1.49085,02/09/2014 12:00:00,1.49045,@EC,1,1,-50.00,125.0000,-212.5000,
16/09/2014 20:00:00,1.47365,18/09/2014 16:00:00,1.47005,@EC,-1,1,450.00,1550.0000,-325.0000,
23/09/2014 20:00:00,1.46225,24/09/2014 08:00:00,1.46225,@EC,1,1,0.00,225.0000,-87.5000,
25/09/2014 20:00:00,1.45265,29/09/2014 16:00:00,1.44745,@EC,-1,1,650.00,1087.5000,-137.5000,
30/09/2014 20:00:00,1.44055,02/10/2014 16:00:00,1.44515,@EC,-1,1,-575.00,575.0000,-775.0000,
15/10/2014 20:00:00,1.45945,17/10/2014 16:00:00,1.45455,@EC,-1,1,612.50,1425.0000,-312.5000,
05/11/2014 20:00:00,1.42495,07/11/2014 16:00:00,1.42055,@EC,-1,1,550.00,1487.5000,-712.5000,
16/11/2014 20:00:00,1.42905,18/11/2014 16:00:00,1.43045,@EC,-1,1,-175.00,950.0000,-750.0000,
19/11/2014 20:00:00,1.43195,21/11/2014 16:00:00,1.41595,@EC,-1,1,2000.00,2087.5000,-337.5000,
24/11/2014 20:00:00,1.41985,25/11/2014 08:00:00,1.42045,@EC,1,1,75.00,212.5000,-150.0000,
01/12/2014 20:00:00,1.42425,03/12/2014 16:00:00,1.40755,@EC,-1,1,2087.50,2137.5000,-62.5000,
03/12/2014 20:00:00,1.40785,05/12/2014 16:00:00,1.40635,@EC,-1,1,187.50,462.5000,-1862.5000,
08/12/2014 20:00:00,1.40745,09/12/2014 08:00:00,1.41145,@EC,1,1,500.00,762.5000,-175.0000,
16/12/2014 20:00:00,1.42805,18/12/2014 16:00:00,1.40535,@EC,-1,1,2837.50,3062.5000,-37.5000,
21/12/2014 20:00:00,1.39895,22/12/2014 08:00:00,1.40325,@EC,1,1,537.50,650.0000,-12.5000,
12/01/2015 20:00:00,1.35925,13/01/2015 08:00:00,1.35745,@EC,1,1,-225.00,425.0000,-387.5000,
27/01/2015 20:00:00,1.31365,29/01/2015 16:00:00,1.30685,@EC,-1,1,850.00,1375.0000,-150.0000,
12/02/2015 20:00:00,1.31655,16/02/2015 20:00:00,1.31105,@EC,-1,1,687.50,800.0000,-525.0000,
17/02/2015 20:00:00,1.31735,19/02/2015 16:00:00,1.31355,@EC,-1,1,475.00,950.0000,-512.5000,
26/02/2015 20:00:00,1.29605,02/03/2015 16:00:00,1.29405,@EC,-1,1,250.00,487.5000,-612.5000,
02/03/2015 20:00:00,1.29395,03/03/2015 08:00:00,1.29345,@EC,1,1,-62.50,437.5000,-100.0000,
04/03/2015 20:00:00,1.28385,06/03/2015 16:00:00,1.26175,@EC,-1,1,2762.50,2925.0000,-475.0000,
09/03/2015 20:00:00,1.26155,10/03/2015 08:00:00,1.25265,@EC,1,1,-1112.50,0.0000,-1400.0000,
07/04/2015 20:00:00,1.25765,09/04/2015 16:00:00,1.24315,@EC,-1,1,1812.50,2000.0000,-937.5000,
23/04/2015 20:00:00,1.25845,27/04/2015 16:00:00,1.26685,@EC,-1,1,-1050.00,487.5000,-1300.0000,
28/04/2015 20:00:00,1.27395,29/04/2015 12:00:00,1.29155,@EC,-1,1,-2200.00,250.0000,-1975.0000,
06/05/2015 20:00:00,1.31035,08/05/2015 16:00:00,1.29795,@EC,-1,1,1550.00,2062.5000,-612.5000,
10/05/2015 20:00:00,1.29605,12/05/2015 16:00:00,1.29965,@EC,-1,1,-450.00,875.0000,-975.0000,
19/05/2015 20:00:00,1.29055,21/05/2015 16:00:00,1.28895,@EC,-1,1,200.00,1062.5000,-425.0000,
21/05/2015 20:00:00,1.28655,22/05/2015 08:00:00,1.29265,@EC,1,1,762.50,862.5000,-37.5000,
24/05/2015 20:00:00,1.27415,26/05/2015 20:00:00,1.26305,@EC,-1,1,1387.50,1512.5000,-325.0000,
14/06/2015 20:00:00,1.29745,16/06/2015 16:00:00,1.29955,@EC,-1,1,-262.50,375.0000,-1375.0000,
16/06/2015 20:00:00,1.30005,18/06/2015 08:00:00,1.31765,@EC,-1,1,-2200.00,500.0000,-2175.0000,
25/06/2015 20:00:00,1.29475,26/06/2015 08:00:00,1.29565,@EC,1,1,112.50,312.5000,-212.5000,
29/06/2015 20:00:00,1.29825,01/07/2015 16:00:00,1.28275,@EC,-1,1,1937.50,2150.0000,-175.0000,
07/07/2015 20:00:00,1.27485,09/07/2015 16:00:00,1.27535,@EC,-1,1,-62.50,287.5000,-1600.0000,
14/07/2015 20:00:00,1.27505,15/07/2015 08:00:00,1.27765,@EC,1,1,325.00,425.0000,-175.0000,
16/07/2015 20:00:00,1.26245,20/07/2015 16:00:00,1.25905,@EC,-1,1,425.00,700.0000,-400.0000,
21/07/2015 20:00:00,1.26865,23/07/2015 16:00:00,1.27405,@EC,-1,1,-675.00,862.5000,-1000.0000,
23/07/2015 20:00:00,1.27315,27/07/2015 16:00:00,1.28605,@EC,-1,1,-1612.50,737.5000,-1825.0000,
27/07/2015 20:00:00,1.28365,29/07/2015 16:00:00,1.27825,@EC,-1,1,675.00,987.5000,-125.0000,
03/08/2015 20:00:00,1.26895,04/08/2015 08:00:00,1.27165,@EC,1,1,337.50,437.5000,-137.5000,
09/08/2015 20:00:00,1.27055,11/08/2015 16:00:00,1.27645,@EC,-1,1,-737.50,437.5000,-1600.0000,
11/08/2015 20:00:00,1.27865,13/08/2015 16:00:00,1.28845,@EC,-1,1,-1225.00,225.0000,-2175.0000,
19/08/2015 20:00:00,1.28665,21/08/2015 08:00:00,1.30425,@EC,-1,1,-2200.00,200.0000,-2162.5000,
03/09/2015 20:00:00,1.28605,07/09/2015 20:00:00,1.29055,@EC,-1,1,-562.50,375.0000,-1000.0000,
13/09/2015 20:00:00,1.30765,15/09/2015 16:00:00,1.30235,@EC,-1,1,662.50,975.0000,-462.5000,
23/09/2015 20:00:00,1.29235,25/09/2015 16:00:00,1.29225,@EC,-1,1,12.50,887.5000,-1375.0000,
14/10/2015 20:00:00,1.32145,16/10/2015 16:00:00,1.31135,@EC,-1,1,1262.50,1850.0000,-162.5000,
01/11/2015 20:00:00,1.27595,03/11/2015 16:00:00,1.26865,@EC,-1,1,912.50,1187.5000,-275.0000,
04/11/2015 20:00:00,1.25945,06/11/2015 16:00:00,1.24645,@EC,-1,1,1625.00,2025.0000,-387.5000,
08/11/2015 20:00:00,1.24575,10/11/2015 16:00:00,1.24315,@EC,-1,1,325.00,700.0000,-750.0000,
12/11/2015 20:00:00,1.25315,16/11/2015 16:00:00,1.24195,@EC,-1,1,1400.00,1500.0000,-150.0000,
19/11/2015 20:00:00,1.24535,23/11/2015 16:00:00,1.23455,@EC,-1,1,1350.00,1687.5000,-75.0000,
25/11/2015 20:00:00,1.23445,29/11/2015 20:00:00,1.23145,@EC,-1,1,375.00,650.0000,-237.5000,
30/11/2015 20:00:00,1.22945,02/12/2015 16:00:00,1.23095,@EC,-1,1,-187.50,237.5000,-850.0000,
21/12/2015 20:00:00,1.26325,22/12/2015 08:00:00,1.26585,@EC,1,1,325.00,437.5000,-100.0000,
04/01/2016 20:00:00,1.25455,06/01/2016 16:00:00,1.24695,@EC,-1,1,950.00,1512.5000,-100.0000,
11/01/2016 20:00:00,1.25630,12/01/2016 08:00:00,1.25705,@EC,1,1,93.75,637.5000,-106.2500,
14/01/2016 20:00:00,1.25765,18/01/2016 20:00:00,1.26040,@EC,-1,1,-343.75,125.0000,-1506.2500,
19/01/2016,1.25925,19/01/2016 12:00:00,1.25780,@EC,1,1,-181.25,106.2500,-268.7500,
20/01/2016 20:00:00,1.26005,22/01/2016 16:00:00,1.25220,@EC,-1,1,981.25,1437.5000,-393.7500,
27/01/2016 20:00:00,1.26110,29/01/2016 16:00:00,1.25495,@EC,-1,1,768.75,1168.7500,-818.7500,
31/01/2016 20:00:00,1.25375,02/02/2016 16:00:00,1.26165,@EC,-1,1,-987.50,200.0000,-1375.0000,
03/02/2016 20:00:00,1.27925,04/02/2016 08:00:00,1.28695,@EC,-1,1,-962.50,206.2500,-1018.7500,
09/02/2016 20:00:00,1.29930,11/02/2016 16:00:00,1.30345,@EC,-1,1,-518.75,1581.2500,-1112.5000,
14/02/2016 20:00:00,1.29405,15/02/2016 08:00:00,1.29105,@EC,1,1,-375.00,37.5000,-606.2500,
24/02/2016 20:00:00,1.27180,26/02/2016 16:00:00,1.26255,@EC,-1,1,1156.25,1325.0000,-637.5000,
28/02/2016 20:00:00,1.26195,01/03/2016 16:00:00,1.25575,@EC,-1,1,775.00,1068.7500,-543.7500,
06/03/2016 20:00:00,1.26890,08/03/2016 16:00:00,1.27160,@EC,-1,1,-337.50,637.5000,-831.2500,
13/03/2016 20:00:00,1.28425,15/03/2016 16:00:00,1.27910,@EC,-1,1,643.75,950.0000,-350.0000,
16/03/2016 20:00:00,1.29075,18/03/2016 16:00:00,1.29650,@EC,-1,1,-718.75,125.0000,-1600.0000,
21/03/2016 20:00:00,1.29260,22/03/2016 08:00:00,1.28930,@EC,1,1,-412.50,331.2500,-575.0000,
29/03/2016 20:00:00,1.29810,31/03/2016 16:00:00,1.30705,@EC,-1,1,-1118.75,75.0000,-1512.5000,
04/04/2016 20:00:00,1.30750,05/04/2016 08:00:00,1.30540,@EC,1,1,-262.50,225.0000,-568.7500,
05/04/2016 20:00:00,1.30700,07/04/2016 16:00:00,1.30610,@EC,-1,1,112.50,712.5000,-875.0000,
13/04/2016 20:00:00,1.29590,15/04/2016 16:00:00,1.29810,@EC,-1,1,-275.00,525.0000,-512.5000,
21/04/2016 20:00:00,1.29650,25/04/2016 16:00:00,1.29460,@EC,-1,1,237.50,837.5000,-300.0000,
01/05/2016 20:00:00,1.31375,03/05/2016 16:00:00,1.32045,@EC,-1,1,-837.50,143.7500,-1962.5000,
03/05/2016 20:00:00,1.31775,05/05/2016 16:00:00,1.30885,@EC,-1,1,1112.50,1443.7500,-375.0000,
15/05/2016 20:00:00,1.29755,17/05/2016 16:00:00,1.30045,@EC,-1,1,-362.50,81.2500,-581.2500,
25/05/2016 20:00:00,1.28200,26/05/2016 08:00:00,1.28465,@EC,1,1,331.25,487.5000,-18.7500,
26/05/2016 20:00:00,1.28610,30/05/2016 20:00:00,1.28015,@EC,-1,1,743.75,1181.2500,-106.2500,
31/05/2016 20:00:00,1.27985,02/06/2016 16:00:00,1.28225,@EC,-1,1,-300.00,206.2500,-1112.5000,
06/06/2016 20:00:00,1.30200,07/06/2016 08:00:00,1.30300,@EC,1,1,125.00,225.0000,-50.0000,
26/06/2016 20:00:00,1.27125,28/06/2016 16:00:00,1.27110,@EC,-1,1,18.75,1043.7500,-712.5000,
06/07/2016 20:00:00,1.27520,08/07/2016 16:00:00,1.27085,@EC,-1,1,543.75,1212.5000,-287.5000,
10/07/2016 20:00:00,1.27050,12/07/2016 16:00:00,1.27450,@EC,-1,1,-500.00,456.2500,-943.7500,
18/07/2016 20:00:00,1.27205,19/07/2016 08:00:00,1.27145,@EC,1,1,-75.00,156.2500,-250.0000,
19/07/2016 20:00:00,1.26700,21/07/2016 16:00:00,1.26585,@EC,-1,1,143.75,500.0000,-512.5000,
07/08/2016 20:00:00,1.27290,09/08/2016 16:00:00,1.27460,@EC,-1,1,-212.50,187.5000,-462.5000,
10/08/2016 20:00:00,1.28240,12/08/2016 16:00:00,1.28095,@EC,-1,1,181.25,650.0000,-481.2500,
15/08/2016 20:00:00,1.28210,16/08/2016 08:00:00,1.28990,@EC,1,1,975.00,1193.7500,-43.7500,
16/08/2016 20:00:00,1.29155,18/08/2016 16:00:00,1.29680,@EC,-1,1,-656.25,456.2500,-793.7500,
21/08/2016 20:00:00,1.29500,22/08/2016 08:00:00,1.29350,@EC,1,1,-187.50,50.0000,-525.0000,
28/08/2016 20:00:00,1.28220,30/08/2016 16:00:00,1.27845,@EC,-1,1,468.75,656.2500,-256.2500,
04/09/2016 20:00:00,1.27845,06/09/2016 16:00:00,1.28710,@EC,-1,1,-1081.25,193.7500,-1281.2500,
06/09/2016 20:00:00,1.28810,08/09/2016 16:00:00,1.28735,@EC,-1,1,93.75,281.2500,-943.7500,
18/09/2016 20:00:00,1.27795,20/09/2016 16:00:00,1.27900,@EC,-1,1,-131.25,37.5000,-743.7500,
26/09/2016 20:00:00,1.28755,27/09/2016 08:00:00,1.28650,@EC,1,1,-131.25,106.2500,-200.0000,
03/10/2016 20:00:00,1.28320,04/10/2016 08:00:00,1.27930,@EC,1,1,-487.50,87.5000,-568.7500,
04/10/2016 20:00:00,1.28260,06/10/2016 16:00:00,1.27760,@EC,-1,1,625.00,806.2500,-318.7500,
09/10/2016 20:00:00,1.28050,11/10/2016 16:00:00,1.26825,@EC,-1,1,1531.25,1718.7500,-131.2500,
11/10/2016 20:00:00,1.26695,13/10/2016 16:00:00,1.26535,@EC,-1,1,200.00,893.7500,-162.5000,
20/10/2016 20:00:00,1.25360,24/10/2016 16:00:00,1.24865,@EC,-1,1,618.75,856.2500,-31.2500,
26/10/2016 20:00:00,1.25150,28/10/2016 16:00:00,1.25460,@EC,-1,1,-387.50,331.2500,-518.7500,
30/10/2016 20:00:00,1.25870,01/11/2016 16:00:00,1.26620,@EC,-1,1,-937.50,562.5000,-987.5000,
01/11/2016 20:00:00,1.26625,03/11/2016 16:00:00,1.26990,@EC,-1,1,-456.25,100.0000,-831.2500,
06/11/2016 20:00:00,1.26935,07/11/2016 08:00:00,1.26620,@EC,1,1,-393.75,243.7500,-537.5000,
10/11/2016 20:00:00,1.24810,11/11/2016 08:00:00,1.24675,@EC,1,1,-168.75,506.2500,-193.7500,
23/11/2016 20:00:00,1.21440,27/11/2016 20:00:00,1.21925,@EC,-1,1,-606.25,412.5000,-956.2500,
28/11/2016 20:00:00,1.22060,30/11/2016 16:00:00,1.21905,@EC,-1,1,193.75,781.2500,-656.2500,
04/12/2016 20:00:00,1.21340,05/12/2016 08:00:00,1.22230,@EC,1,1,1112.50,1481.2500,-500.0000,
08/12/2016 20:00:00,1.22010,12/12/2016 16:00:00,1.22290,@EC,-1,1,-350.00,1112.5000,-475.0000,
28/12/2016 20:00:00,1.19955,29/12/2016 20:00:00,1.21715,@EC,-1,1,-2200.00,81.2500,-1231.2500,
11/01/2017 20:00:00,1.21485,13/01/2017 16:00:00,1.22005,@EC,-1,1,-650.00,156.2500,-1256.2500,
15/01/2017 20:00:00,1.21885,16/01/2017 08:00:00,1.21530,@EC,1,1,-443.75,131.2500,-575.0000,
17/01/2017 20:00:00,1.22745,19/01/2017 16:00:00,1.21935,@EC,-1,1,1012.50,1556.2500,-12.5000,
19/01/2017 20:00:00,1.22215,23/01/2017 16:00:00,1.22875,@EC,-1,1,-825.00,450.0000,-1175.0000,
25/01/2017 20:00:00,1.23065,27/01/2017 16:00:00,1.22395,@EC,-1,1,837.50,1143.7500,-206.2500,
30/01/2017 20:00:00,1.22555,01/02/2017 16:00:00,1.23075,@EC,-1,1,-650.00,193.7500,-1400.0000,
14/02/2017 20:00:00,1.21270,16/02/2017 16:00:00,1.22000,@EC,-1,1,-912.50,718.7500,-1250.0000,
19/02/2017 20:00:00,1.21520,20/02/2017 08:00:00,1.21690,@EC,1,1,212.50,312.5000,-43.7500,
21/02/2017 20:00:00,1.20810,23/02/2017 16:00:00,1.21120,@EC,-1,1,-387.50,512.5000,-743.7500,
27/02/2017 20:00:00,1.21245,28/02/2017 08:00:00,1.21325,@EC,1,1,100.00,281.2500,-193.7500,
05/03/2017 20:00:00,1.21535,07/03/2017 16:00:00,1.21150,@EC,-1,1,481.25,681.2500,-337.5000,
12/03/2017 20:00:00,1.22220,14/03/2017 16:00:00,1.21755,@EC,-1,1,581.25,718.7500,-375.0000,
20/03/2017 20:00:00,1.22625,21/03/2017 08:00:00,1.23325,@EC,1,1,875.00,956.2500,-81.2500,
21/03/2017 20:00:00,1.23445,23/03/2017 16:00:00,1.23225,@EC,-1,1,275.00,518.7500,-206.2500,
23/03/2017 20:00:00,1.23110,24/03/2017 08:00:00,1.23330,@EC,1,1,275.00,381.2500,-206.2500,
27/03/2017 20:00:00,1.23960,29/03/2017 16:00:00,1.22825,@EC,-1,1,1418.75,1556.2500,-100.0000,
29/03/2017 20:00:00,1.22985,31/03/2017 16:00:00,1.22250,@EC,-1,1,918.75,1262.5000,0.0000,
09/04/2017 20:00:00,1.21040,11/04/2017 16:00:00,1.21335,@EC,-1,1,-368.75,131.2500,-618.7500,
18/04/2017 20:00:00,1.22520,20/04/2017 16:00:00,1.22635,@EC,-1,1,-143.75,406.2500,-543.7500,
04/05/2017 20:00:00,1.24930,08/05/2017 16:00:00,1.24420,@EC,-1,1,637.50,831.2500,-400.0000,
14/05/2017 20:00:00,1.24390,16/05/2017 12:00:00,1.25845,@EC,-1,1,-1818.75,118.7500,-1956.2500,
16/05/2017 20:00:00,1.25890,18/05/2017 16:00:00,1.26300,@EC,-1,1,-512.50,31.2500,-1100.0000,
21/05/2017 20:00:00,1.26940,22/05/2017 08:00:00,1.26715,@EC,1,1,-281.25,137.5000,-362.5000,
22/05/2017 20:00:00,1.27420,24/05/2017 16:00:00,1.26805,@EC,-1,1,768.75,887.5000,-368.7500,
30/05/2017 20:00:00,1.26825,01/06/2017 16:00:00,1.27070,@EC,-1,1,-306.25,243.7500,-900.0000,
04/06/2017 20:00:00,1.27755,06/06/2017 16:00:00,1.27655,@EC,-1,1,125.00,562.5000,-56.2500,
06/06/2017 20:00:00,1.27735,08/06/2017 16:00:00,1.27050,@EC,-1,1,856.25,1062.5000,-62.5000,
12/06/2017 20:00:00,1.26885,13/06/2017 08:00:00,1.27035,@EC,1,1,187.50,350.0000,-137.5000,
18/06/2017 20:00:00,1.26895,20/06/2017 16:00:00,1.26135,@EC,-1,1,950.00,1025.0000,-156.2500,
29/06/2017 20:00:00,1.29090,30/06/2017 08:00:00,1.28835,@EC,1,1,-318.75,193.7500,-418.7500,
11/07/2017 20:00:00,1.29400,13/07/2017 16:00:00,1.28635,@EC,-1,1,956.25,1206.2500,-306.2500,
17/07/2017 20:00:00,1.29445,18/07/2017 08:00:00,1.29975,@EC,1,1,662.50,812.5000,-12.5000,
18/07/2017 20:00:00,1.30265,20/07/2017 16:00:00,1.31040,@EC,-1,1,-968.75,981.2500,-1275.0000,
20/07/2017 20:00:00,1.31020,24/07/2017 16:00:00,1.31065,@EC,-1,1,-56.25,175.0000,-631.2500,
26/07/2017 20:00:00,1.32145,28/07/2017 16:00:00,1.32060,@EC,-1,1,106.25,1237.5000,-350.0000,
30/07/2017 20:00:00,1.32060,31/07/2017 08:00:00,1.31970,@EC,1,1,-112.50,106.2500,-231.2500,
02/08/2017 20:00:00,1.33165,04/08/2017 16:00:00,1.32145,@EC,-1,1,1275.00,1606.2500,-475.0000,
06/08/2017 20:00:00,1.32300,08/08/2017 16:00:00,1.32115,@EC,-1,1,231.25,700.0000,-662.5000,
16/08/2017 20:00:00,1.32230,18/08/2017 16:00:00,1.32015,@EC,-1,1,268.75,1356.2500,-250.0000,
27/08/2017 20:00:00,1.33910,28/08/2017,1.33770,@EC,-1,1,175.00,275.0000,-200.0000,
28/08/2017 20:00:00,1.34200,29/08/2017 08:00:00,1.35070,@EC,1,1,1087.50,1212.5000,-218.7500,
05/09/2017 20:00:00,1.33575,07/09/2017 12:00:00,1.34820,@EC,-1,1,-1556.25,162.5000,-1712.5000,
10/09/2017 20:00:00,1.34590,11/09/2017 08:00:00,1.34600,@EC,1,1,12.50,118.7500,-337.5000,
17/09/2017 20:00:00,1.33720,19/09/2017 16:00:00,1.34090,@EC,-1,1,-462.50,287.5000,-862.5000,
19/09/2017 20:00:00,1.34315,21/09/2017 16:00:00,1.33640,@EC,-1,1,843.75,1712.5000,-475.0000,
28/09/2017 20:00:00,1.32045,29/09/2017 08:00:00,1.32250,@EC,1,1,256.25,381.2500,-81.2500,
08/10/2017 20:00:00,1.31560,10/10/2017 16:00:00,1.32230,@EC,-1,1,-837.50,212.5000,-1031.2500,
10/10/2017 20:00:00,1.32270,12/10/2017 16:00:00,1.32530,@EC,-1,1,-325.00,156.2500,-887.5000,
12/10/2017 20:00:00,1.32445,13/10/2017 08:00:00,1.32475,@EC,1,1,37.50,300.0000,-150.0000,
15/10/2017 20:00:00,1.32275,17/10/2017 16:00:00,1.31605,@EC,-1,1,837.50,956.2500,-106.2500,
17/10/2017 20:00:00,1.31810,19/10/2017 16:00:00,1.32480,@EC,-1,1,-837.50,462.5000,-1131.2500,
25/10/2017 20:00:00,1.32240,27/10/2017 16:00:00,1.29975,@EC,-1,1,2831.25,3037.5000,-268.7500,
09/11/2017 20:00:00,1.30410,13/11/2017 16:00:00,1.30605,@EC,-1,1,-243.75,243.7500,-450.0000,
14/11/2017 20:00:00,1.31935,16/11/2017 16:00:00,1.31680,@EC,-1,1,318.75,518.7500,-812.5000,
20/11/2017 20:00:00,1.31270,22/11/2017 16:00:00,1.31885,@EC,-1,1,-768.75,275.0000,-818.7500,
26/12/2017 20:00:00,1.32370,27/12/2017 08:00:00,1.32720,@EC,1,1,437.50,481.2500,-43.7500,
01/01/2018 20:00:00,1.33725,03/01/2018 16:00:00,1.33820,@EC,-1,1,-118.75,181.2500,-812.5000,
16/01/2018 20:00:00,1.36040,18/01/2018 16:00:00,1.35735,@EC,-1,1,381.25,1156.2500,-837.5000,
24/01/2018 20:00:00,1.37420,26/01/2018 16:00:00,1.37790,@EC,-1,1,-462.50,468.7500,-1712.5000,
28/01/2018 20:00:00,1.37460,29/01/2018 08:00:00,1.37520,@EC,1,1,75.00,281.2500,-262.5000,
06/02/2018 20:00:00,1.37135,08/02/2018 16:00:00,1.35810,@EC,-1,1,1656.25,2137.5000,-325.0000,
14/02/2018 20:00:00,1.37770,16/02/2018 16:00:00,1.37655,@EC,-1,1,143.75,300.0000,-1312.5000,
26/02/2018 20:00:00,1.36300,28/02/2018 16:00:00,1.35260,@EC,-1,1,1300.00,1568.7500,-431.2500,
28/02/2018 20:00:00,1.35080,01/03/2018 08:00:00,1.34965,@EC,1,1,-143.75,250.0000,-175.0000,
04/03/2018 20:00:00,1.36260,05/03/2018 08:00:00,1.36345,@EC,1,1,106.25,312.5000,-556.2500,
18/03/2018 20:00:00,1.35930,20/03/2018 16:00:00,1.35555,@EC,-1,1,468.75,575.0000,-868.7500,
03/04/2018 20:00:00,1.35570,05/04/2018 16:00:00,1.35165,@EC,-1,1,506.25,725.0000,-531.2500,
05/04/2018 20:00:00,1.35200,09/04/2018 16:00:00,1.35970,@EC,-1,1,-962.50,331.2500,-1125.0000,
15/04/2018 20:00:00,1.36015,16/04/2018 08:00:00,1.36375,@EC,1,1,450.00,506.2500,-50.0000,
17/04/2018 20:00:00,1.36460,19/04/2018 16:00:00,1.36125,@EC,-1,1,418.75,618.7500,-293.7500,
06/05/2018 20:00:00,1.32100,08/05/2018 16:00:00,1.31300,@EC,-1,1,1000.00,1518.7500,-243.7500,
08/05/2018 20:00:00,1.31100,10/05/2018 16:00:00,1.31580,@EC,-1,1,-600.00,468.7500,-1050.0000,
15/05/2018 20:00:00,1.30840,17/05/2018 16:00:00,1.30455,@EC,-1,1,481.25,962.5000,-181.2500,
17/05/2018 20:00:00,1.30335,18/05/2018 08:00:00,1.30465,@EC,1,1,162.50,368.7500,-43.7500,
23/05/2018 20:00:00,1.29360,25/05/2018 16:00:00,1.28960,@EC,-1,1,500.00,693.7500,-612.5000,
27/05/2018 20:00:00,1.29215,29/05/2018 20:00:00,1.27750,@EC,-1,1,1831.25,2231.2500,-512.5000,
01/07/2018 20:00:00,1.28715,03/07/2018 16:00:00,1.28480,@EC,-1,1,293.75,1031.2500,-125.0000,
12/07/2018 20:00:00,1.28550,13/07/2018 08:00:00,1.28140,@EC,1,1,-512.50,87.5000,-687.5000,
16/07/2018 20:00:00,1.28925,17/07/2018 08:00:00,1.29280,@EC,1,1,443.75,462.5000,-62.5000,
18/07/2018 20:00:00,1.28285,20/07/2018 16:00:00,1.28915,@EC,-1,1,-787.50,906.2500,-956.2500,
29/08/2018 20:00:00,1.28550,31/08/2018 16:00:00,1.27400,@EC,-1,1,1437.50,1562.5000,-125.0000,
02/09/2018 20:00:00,1.27425,04/09/2018 20:00:00,1.27255,@EC,-1,1,212.50,856.2500,-381.2500,
10/09/2018 20:00:00,1.27315,11/09/2018 08:00:00,1.27535,@EC,1,1,275.00,637.5000,-193.7500,
17/09/2018 20:00:00,1.28155,18/09/2018 08:00:00,1.28200,@EC,1,1,56.25,443.7500,-212.5000,
09/10/2018 20:00:00,1.26035,11/10/2018 16:00:00,1.26850,@EC,-1,1,-1018.75,137.5000,-1331.2500,
11/10/2018 20:00:00,1.27025,15/10/2018 16:00:00,1.26935,@EC,-1,1,112.50,731.2500,-218.7500,
23/10/2018 20:00:00,1.25695,25/10/2018 16:00:00,1.24685,@EC,-1,1,1262.50,1356.2500,-81.2500,
30/10/2018 20:00:00,1.24340,31/10/2018 08:00:00,1.24465,@EC,1,1,156.25,237.5000,-68.7500,
31/10/2018 20:00:00,1.24065,02/11/2018 16:00:00,1.24750,@EC,-1,1,-856.25,43.7500,-1737.5000,
13/11/2018 20:00:00,1.23765,15/11/2018 16:00:00,1.23925,@EC,-1,1,-200.00,418.7500,-668.7500,
27/11/2018 20:00:00,1.23635,29/11/2018 16:00:00,1.24380,@EC,-1,1,-931.25,362.5000,-1293.7500,
06/12/2018 20:00:00,1.24360,10/12/2018 16:00:00,1.24175,@EC,-1,1,231.25,268.7500,-793.7500,
16/12/2018 20:00:00,1.23525,18/12/2018 16:00:00,1.24075,@EC,-1,1,-687.50,6.2500,-1218.7500,
25/12/2018 20:00:00,1.24475,26/12/2018 08:00:00,1.24220,@EC,1,1,-318.75,168.7500,-356.2500,
27/12/2018 20:00:00,1.24635,31/12/2018 16:00:00,1.24820,@EC,-1,1,-231.25,150.0000,-512.5000,
15/01/2019 20:00:00,1.24230,17/01/2019 16:00:00,1.23980,@EC,-1,1,312.50,518.7500,-212.5000,
24/01/2019 20:00:00,1.23090,28/01/2019 16:00:00,1.24390,@EC,-1,1,-1625.00,62.5000,-1743.7500,
28/01/2019 20:00:00,1.24290,29/01/2019 08:00:00,1.24445,@EC,1,1,193.75,306.2500,-62.5000,
30/01/2019 20:00:00,1.24820,01/02/2019 16:00:00,1.24675,@EC,-1,1,181.25,612.5000,-393.7500,
03/02/2019 20:00:00,1.24510,04/02/2019 08:00:00,1.24430,@EC,1,1,-100.00,87.5000,-193.7500,
12/02/2019 20:00:00,1.23165,14/02/2019 16:00:00,1.22805,@EC,-1,1,450.00,1037.5000,-162.5000,
19/02/2019,1.22850,19/02/2019 12:00:00,1.22785,@EC,1,1,-81.25,268.7500,-343.7500,
26/02/2019 20:00:00,1.23680,28/02/2019 16:00:00,1.23540,@EC,-1,1,175.00,456.2500,-318.7500,
28/02/2019 20:00:00,1.23435,04/03/2019 16:00:00,1.23020,@EC,-1,1,518.75,818.7500,-456.2500,
10/03/2019 20:00:00,1.21950,11/03/2019 08:00:00,1.22105,@EC,1,1,193.75,237.5000,-106.2500,
17/03/2019 20:00:00,1.22810,19/03/2019 16:00:00,1.23060,@EC,-1,1,-312.50,56.2500,-475.0000,
19/03/2019 20:00:00,1.23040,20/03/2019 20:00:00,1.23800,@EC,-1,1,-950.00,162.5000,-1268.7500,
27/03/2019 20:00:00,1.21965,29/03/2019 16:00:00,1.21695,@EC,-1,1,337.50,531.2500,-118.7500,
10/04/2019 20:00:00,1.22070,12/04/2019 16:00:00,1.22310,@EC,-1,1,-300.00,306.2500,-618.7500,
14/04/2019 20:00:00,1.22345,16/04/2019 16:00:00,1.22140,@EC,-1,1,256.25,312.5000,-225.0000,
16/04/2019 20:00:00,1.22100,18/04/2019 16:00:00,1.21540,@EC,-1,1,700.00,712.5000,-493.7500,
22/04/2019 20:00:00,1.21805,23/04/2019 08:00:00,1.21745,@EC,1,1,-75.00,50.0000,-187.5000,
23/04/2019 20:00:00,1.21470,25/04/2019 16:00:00,1.20560,@EC,-1,1,1137.50,1375.0000,-12.5000,
30/04/2019 20:00:00,1.21325,02/05/2019 16:00:00,1.20910,@EC,-1,1,518.75,600.0000,-618.7500,
06/05/2019 20:00:00,1.21055,07/05/2019 08:00:00,1.21055,@EC,1,1,0.00,275.0000,-43.7500,
09/05/2019 20:00:00,1.21240,13/05/2019 16:00:00,1.21390,@EC,-1,1,-187.50,25.0000,-543.7500,
15/05/2019 20:00:00,1.21050,17/05/2019 16:00:00,1.20625,@EC,-1,1,531.25,650.0000,-225.0000,
21/05/2019 20:00:00,1.20565,23/05/2019 16:00:00,1.20740,@EC,-1,1,-218.75,737.5000,-243.7500,
23/05/2019 20:00:00,1.20735,27/05/2019 20:00:00,1.20840,@EC,-1,1,-131.25,62.5000,-400.0000,
28/05/2019 20:00:00,1.20540,30/05/2019 16:00:00,1.20215,@EC,-1,1,406.25,656.2500,-87.5000,
02/06/2019 20:00:00,1.20515,04/06/2019 16:00:00,1.21280,@EC,-1,1,-956.25,87.5000,-1362.5000,
10/06/2019 20:00:00,1.21875,11/06/2019 08:00:00,1.21900,@EC,1,1,31.25,268.7500,-37.5000,
16/06/2019 20:00:00,1.20840,18/06/2019 16:00:00,1.20705,@EC,-1,1,168.75,418.7500,-431.2500,
18/06/2019 20:00:00,1.20635,20/06/2019 16:00:00,1.21570,@EC,-1,1,-1168.75,100.0000,-1493.7500,
08/07/2019 04:00:00,1.20810,10/07/2019,1.20530,@EC,-1,1,350.00,456.2500,-62.5000,
10/07/2019 20:00:00,1.21020,12/07/2019 16:00:00,1.21140,@EC,-1,1,-150.00,218.7500,-387.5000,
18/07/2019 20:00:00,1.21175,22/07/2019 16:00:00,1.20570,@EC,-1,1,756.25,943.7500,-43.7500,
22/07/2019 20:00:00,1.20450,23/07/2019 08:00:00,1.20210,@EC,1,1,-300.00,18.7500,-325.0000,
05/08/2019 20:00:00,1.20370,07/08/2019 16:00:00,1.20505,@EC,-1,1,-168.75,568.7500,-462.5000,
13/08/2019 20:00:00,1.19900,15/08/2019 16:00:00,1.19135,@EC,-1,1,956.25,1056.2500,-243.7500,
15/08/2019 20:00:00,1.19195,19/08/2019 16:00:00,1.19060,@EC,-1,1,168.75,500.0000,-93.7500,
22/08/2019 20:00:00,1.18865,23/08/2019 16:00:00,1.19465,@EC,-1,1,-750.00,343.7500,-862.5000,
29/08/2019 20:00:00,1.18580,02/09/2019 20:00:00,1.17715,@EC,-1,1,1081.25,1243.7500,-43.7500,
03/09/2019,1.17510,03/09/2019 12:00:00,1.17390,@EC,1,1,-150.00,0.0000,-318.7500,
08/09/2019 20:00:00,1.18195,09/09/2019 08:00:00,1.18285,@EC,1,1,112.50,156.2500,-118.7500,
12/09/2019 20:00:00,1.18540,16/09/2019 16:00:00,1.17915,@EC,-1,1,781.25,906.2500,-550.0000,
29/09/2019 20:00:00,1.17130,30/09/2019 08:00:00,1.17075,@EC,1,1,-68.75,112.5000,-112.5000,
30/09/2019 20:00:00,1.16710,02/10/2019 16:00:00,1.17300,@EC,-1,1,-737.50,231.2500,-743.7500,
03/10/2019 20:00:00,1.17400,07/10/2019 16:00:00,1.17490,@EC,-1,1,-112.50,175.0000,-400.0000,
10/10/2019 20:00:00,1.17710,14/10/2019 16:00:00,1.17900,@EC,-1,1,-237.50,100.0000,-681.2500,
14/10/2019 20:00:00,1.17830,15/10/2019 08:00:00,1.17865,@EC,1,1,43.75,287.5000,-143.7500,
15/10/2019 20:00:00,1.17915,17/10/2019 16:00:00,1.18835,@EC,-1,1,-1150.00,125.0000,-1325.0000,
20/10/2019 20:00:00,1.19130,21/10/2019 08:00:00,1.19225,@EC,1,1,118.75,281.2500,-93.7500,
24/10/2019 20:00:00,1.18565,28/10/2019 16:00:00,1.18480,@EC,-1,1,106.25,412.5000,-212.5000,
04/11/2019 20:00:00,1.18655,05/11/2019 08:00:00,1.18725,@EC,1,1,87.50,218.7500,-125.0000,
06/11/2019 20:00:00,1.18070,07/11/2019 08:00:00,1.18170,@EC,1,1,125.00,200.0000,-162.5000,
07/11/2019 20:00:00,1.17895,11/11/2019 16:00:00,1.17775,@EC,-1,1,150.00,437.5000,-68.7500,
13/11/2019 20:00:00,1.17430,15/11/2019 16:00:00,1.17875,@EC,-1,1,-556.25,243.7500,-575.0000,
20/11/2019 20:00:00,1.18055,22/11/2019 16:00:00,1.17520,@EC,-1,1,668.75,687.5000,-268.7500,
27/11/2019 20:00:00,1.17300,01/12/2019 20:00:00,1.17435,@EC,-1,1,-168.75,318.7500,-281.2500,
15/12/2019 20:00:00,1.18430,17/12/2019 16:00:00,1.18670,@EC,-1,1,-300.00,68.7500,-587.5000,
29/12/2019 20:00:00,1.18835,31/12/2019 16:00:00,1.19285,@EC,-1,1,-562.50,43.7500,-693.7500,
09/01/2020 20:00:00,1.17945,10/01/2020 08:00:00,1.17865,@EC,1,1,-100.00,93.7500,-168.7500,
29/01/2020 20:00:00,1.16875,31/01/2020 16:00:00,1.17580,@EC,-1,1,-881.25,62.5000,-981.2500,
02/02/2020 20:00:00,1.17625,04/02/2020 16:00:00,1.17105,@EC,-1,1,650.00,700.0000,-43.7500,
09/02/2020 20:00:00,1.16140,11/02/2020 16:00:00,1.15905,@EC,-1,1,293.75,681.2500,-162.5000,
18/02/2020 20:00:00,1.14560,20/02/2020 16:00:00,1.14545,@EC,-1,1,18.75,212.5000,-331.2500,
08/03/2020 20:00:00,1.19960,10/03/2020 16:00:00,1.19530,@EC,-1,1,537.50,643.7500,-1918.7500,
15/03/2020 20:00:00,1.18185,17/03/2020 16:00:00,1.16190,@EC,-1,1,2493.75,2612.5000,-800.0000,
18/03/2020 20:00:00,1.15765,20/03/2020 16:00:00,1.13060,@EC,-1,1,3381.25,3468.7500,-781.2500,
31/03/2020 20:00:00,1.16670,02/04/2020 16:00:00,1.14695,@EC,-1,1,2468.75,2525.0000,-87.5000,
15/04/2020 20:00:00,1.15285,17/04/2020 16:00:00,1.14870,@EC,-1,1,518.75,1212.5000,-37.5000,
20/04/2020 20:00:00,1.14745,21/04/2020 08:00:00,1.14560,@EC,1,1,-231.25,50.0000,-450.0000,
21/04/2020 20:00:00,1.14735,23/04/2020 16:00:00,1.14310,@EC,-1,1,531.25,1262.5000,-375.0000,
30/04/2020 20:00:00,1.15655,04/05/2020 16:00:00,1.15135,@EC,-1,1,650.00,706.2500,-843.7500,
05/05/2020 20:00:00,1.14540,07/05/2020 16:00:00,1.14250,@EC,-1,1,362.50,943.7500,-37.5000,
12/05/2020 20:00:00,1.14590,14/05/2020 16:00:00,1.13935,@EC,-1,1,818.75,918.7500,-625.0000,
20/05/2020 20:00:00,1.15830,21/05/2020 08:00:00,1.15815,@EC,1,1,-18.75,62.5000,-275.0000,
26/05/2020 20:00:00,1.15860,28/05/2020 16:00:00,1.16905,@EC,-1,1,-1306.25,550.0000,-1312.5000,
02/06/2020 20:00:00,1.17780,04/06/2020 12:00:00,1.19540,@EC,-1,1,-2200.00,50.0000,-2168.7500,
23/06/2020 20:00:00,1.19110,25/06/2020 16:00:00,1.18285,@EC,-1,1,1031.25,1500.0000,-212.5000,
25/06/2020 20:00:00,1.18150,26/06/2020 08:00:00,1.18395,@EC,1,1,306.25,312.5000,-125.0000,
06/07/2020 20:00:00,1.19075,08/07/2020 16:00:00,1.19340,@EC,-1,1,-331.25,637.5000,-525.0000,
16/07/2020 20:00:00,1.19780,20/07/2020 16:00:00,1.20340,@EC,-1,1,-700.00,68.7500,-1056.2500,
20/07/2020 20:00:00,1.20410,21/07/2020 16:00:00,1.21115,@EC,-1,1,-881.25,293.7500,-900.0000,
02/08/2020 20:00:00,1.23710,04/08/2020 16:00:00,1.23685,@EC,-1,1,31.25,1043.7500,-331.2500,
18/08/2020 20:00:00,1.25215,20/08/2020 16:00:00,1.24410,@EC,-1,1,1006.25,1662.5000,-237.5000,
24/08/2020 20:00:00,1.23705,25/08/2020 08:00:00,1.24095,@EC,1,1,487.50,631.2500,-6.2500,
27/08/2020 20:00:00,1.24055,31/08/2020 16:00:00,1.25285,@EC,-1,1,-1537.50,125.0000,-1812.5000,
13/09/2020 20:00:00,1.24220,15/09/2020 16:00:00,1.24340,@EC,-1,1,-150.00,106.2500,-750.0000,
30/09/2020 20:00:00,1.22975,02/10/2020 16:00:00,1.22930,@EC,-1,1,56.25,337.5000,-600.0000,
13/10/2020 20:00:00,1.23160,15/10/2020 16:00:00,1.22695,@EC,-1,1,581.25,700.0000,-356.2500,
22/10/2020 20:00:00,1.23865,23/10/2020 08:00:00,1.24090,@EC,1,1,281.25,375.0000,-368.7500,
25/10/2020 20:00:00,1.24280,27/10/2020 16:00:00,1.23995,@EC,-1,1,356.25,768.7500,-31.2500,
28/10/2020 20:00:00,1.23135,30/10/2020 16:00:00,1.22200,@EC,-1,1,1168.75,1281.2500,-175.0000,
01/11/2020 20:00:00,1.22090,02/11/2020 08:00:00,1.22095,@EC,1,1,6.25,118.7500,-237.5000,
04/11/2020 20:00:00,1.22910,05/11/2020 12:00:00,1.24065,@EC,-1,1,-1443.75,156.2500,-1700.0000,
09/11/2020 20:00:00,1.23830,11/11/2020 16:00:00,1.23400,@EC,-1,1,537.50,893.7500,-350.0000,
19/11/2020 20:00:00,1.24370,23/11/2020 16:00:00,1.24045,@EC,-1,1,406.25,931.2500,-412.5000,
07/12/2020 20:00:00,1.26680,08/12/2020 08:00:00,1.26910,@EC,1,1,287.50,337.5000,-137.5000,
13/12/2020 20:00:00,1.26900,15/12/2020 16:00:00,1.27175,@EC,-1,1,-343.75,206.2500,-550.0000,
04/01/2021 20:00:00,1.27960,06/01/2021 16:00:00,1.28450,@EC,-1,1,-612.50,31.2500,-1250.0000,
11/01/2021 20:00:00,1.26930,12/01/2021 08:00:00,1.27065,@EC,1,1,168.75,387.5000,-118.7500,
20/01/2021 20:00:00,1.26505,22/01/2021 16:00:00,1.27085,@EC,-1,1,-725.00,12.5000,-1006.2500,
28/01/2021 20:00:00,1.26575,29/01/2021 08:00:00,1.26555,@EC,1,1,-25.00,37.5000,-300.0000,
31/01/2021 20:00:00,1.26695,02/02/2021 16:00:00,1.25570,@EC,-1,1,1406.25,1500.0000,-75.0000,
09/02/2021 20:00:00,1.26560,11/02/2021 16:00:00,1.26625,@EC,-1,1,-81.25,143.7500,-362.5000,
16/02/2021 20:00:00,1.26385,18/02/2021 16:00:00,1.26155,@EC,-1,1,287.50,1012.5000,-18.7500,
01/03/2021 20:00:00,1.25635,02/03/2021 08:00:00,1.25375,@EC,1,1,-325.00,43.7500,-512.5000,
07/03/2021 20:00:00,1.24460,09/03/2021 16:00:00,1.24140,@EC,-1,1,400.00,1018.7500,-187.5000,
14/03/2021 20:00:00,1.24780,16/03/2021 16:00:00,1.24200,@EC,-1,1,725.00,868.7500,-200.0000,
16/03/2021 20:00:00,1.24310,18/03/2021 16:00:00,1.24455,@EC,-1,1,-181.25,237.5000,-1043.7500,
25/03/2021 20:00:00,1.22900,29/03/2021 16:00:00,1.22970,@EC,-1,1,-87.50,87.5000,-475.0000,
30/03/2021 20:00:00,1.22395,01/04/2021 16:00:00,1.22940,@EC,-1,1,-681.25,181.2500,-768.7500,
06/04/2021 20:00:00,1.23930,08/04/2021 16:00:00,1.24410,@EC,-1,1,-600.00,168.7500,-668.7500,
18/04/2021 20:00:00,1.24900,19/04/2021 08:00:00,1.25435,@EC,1,1,668.75,756.2500,-381.2500,
19/04/2021 20:00:00,1.25535,21/04/2021 16:00:00,1.25450,@EC,-1,1,106.25,475.0000,-543.7500,
28/04/2021 20:00:00,1.26415,30/04/2021 16:00:00,1.25400,@EC,-1,1,1268.75,1300.0000,-293.7500,
02/05/2021 20:00:00,1.25430,04/05/2021 16:00:00,1.25305,@EC,-1,1,156.25,387.5000,-587.5000,
09/05/2021 20:00:00,1.26790,11/05/2021 16:00:00,1.26755,@EC,-1,1,43.75,556.2500,-175.0000,
12/05/2021 20:00:00,1.25825,14/05/2021 16:00:00,1.26470,@EC,-1,1,-806.25,262.5000,-950.0000,
25/05/2021 20:00:00,1.27590,27/05/2021 16:00:00,1.26945,@EC,-1,1,806.25,962.5000,-150.0000,
27/05/2021 20:00:00,1.26945,28/05/2021 08:00:00,1.27045,@EC,1,1,125.00,162.5000,-200.0000,
30/05/2021 20:00:00,1.27040,01/06/2021 20:00:00,1.27205,@EC,-1,1,-206.25,175.0000,-718.7500,
07/06/2021 20:00:00,1.26950,08/06/2021 08:00:00,1.26805,@EC,1,1,-181.25,50.0000,-318.7500,
13/06/2021 20:00:00,1.26120,15/06/2021 16:00:00,1.26275,@EC,-1,1,-193.75,175.0000,-487.5000,
22/06/2021 20:00:00,1.24335,23/06/2021 08:00:00,1.24340,@EC,1,1,6.25,162.5000,-262.5000,
30/06/2021 20:00:00,1.23560,02/07/2021 16:00:00,1.23420,@EC,-1,1,175.00,631.2500,-343.7500,
06/07/2021,1.23580,06/07/2021 12:00:00,1.23340,@EC,1,1,-300.00,443.7500,-368.7500,
13/07/2021 20:00:00,1.22740,15/07/2021 16:00:00,1.22980,@EC,-1,1,-300.00,81.2500,-900.0000,
19/07/2021 20:00:00,1.22900,21/07/2021 16:00:00,1.22880,@EC,-1,1,25.00,550.0000,-106.2500,
22/07/2021 20:00:00,1.22650,26/07/2021 16:00:00,1.23060,@EC,-1,1,-512.50,212.5000,-568.7500,
28/07/2021 20:00:00,1.23365,30/07/2021 16:00:00,1.23505,@EC,-1,1,-175.00,43.7500,-806.2500,
01/08/2021 20:00:00,1.23575,03/08/2021 16:00:00,1.23595,@EC,-1,1,-25.00,162.5000,-387.5000,
04/08/2021 20:00:00,1.23270,06/08/2021 16:00:00,1.22460,@EC,-1,1,1012.50,1037.5000,-256.2500,
08/08/2021 20:00:00,1.22485,10/08/2021 16:00:00,1.22055,@EC,-1,1,537.50,618.7500,-131.2500,
11/08/2021 20:00:00,1.22305,13/08/2021 16:00:00,1.22885,@EC,-1,1,-725.00,231.2500,-787.5000,
17/08/2021 20:00:00,1.21995,19/08/2021 16:00:00,1.21750,@EC,-1,1,306.25,587.5000,-393.7500,
23/08/2021 20:00:00,1.22330,25/08/2021 16:00:00,1.22470,@EC,-1,1,-175.00,256.2500,-231.2500,
29/08/2021 20:00:00,1.22830,31/08/2021 16:00:00,1.22915,@EC,-1,1,-106.25,187.5000,-600.0000,
31/08/2021 20:00:00,1.22950,02/09/2021 16:00:00,1.23490,@EC,-1,1,-675.00,212.5000,-750.0000,
05/09/2021 20:00:00,1.23600,07/09/2021 20:00:00,1.23280,@EC,-1,1,400.00,487.5000,-125.0000,
12/09/2021 20:00:00,1.22975,14/09/2021 16:00:00,1.23040,@EC,-1,1,-81.25,575.0000,-381.2500,
28/09/2021 20:00:00,1.21610,30/09/2021 16:00:00,1.20475,@EC,-1,1,1418.75,1518.7500,-87.5000,
03/10/2021 20:00:00,1.20685,04/10/2021 08:00:00,1.20890,@EC,1,1,256.25,300.0000,-50.0000,
06/10/2021 20:00:00,1.20320,08/10/2021 16:00:00,1.20395,@EC,-1,1,-93.75,193.7500,-368.7500,
13/10/2021 20:00:00,1.20715,15/10/2021 16:00:00,1.20685,@EC,-1,1,37.50,175.0000,-331.2500,
18/10/2021 20:00:00,1.20855,20/10/2021 16:00:00,1.21290,@EC,-1,1,-543.75,50.0000,-712.5000,
20/10/2021 20:00:00,1.21195,21/10/2021 08:00:00,1.21140,@EC,1,1,-68.75,256.2500,-162.5000,
25/10/2021 20:00:00,1.20835,27/10/2021 16:00:00,1.20805,@EC,-1,1,37.50,343.7500,-193.7500,
27/10/2021 20:00:00,1.20745,29/10/2021 16:00:00,1.20090,@EC,-1,1,818.75,862.5000,-1112.5000,
21/11/2021 20:00:00,1.17500,23/11/2021 16:00:00,1.17190,@EC,-1,1,387.50,737.5000,-68.7500,
28/11/2021 20:00:00,1.17610,30/11/2021 16:00:00,1.17755,@EC,-1,1,-181.25,781.2500,-1075.0000,
30/11/2021 20:00:00,1.18030,02/12/2021 16:00:00,1.17650,@EC,-1,1,475.00,556.2500,-262.5000,
12/12/2021 20:00:00,1.17750,14/12/2021 16:00:00,1.17325,@EC,-1,1,531.25,681.2500,-125.0000,
26/12/2021 20:00:00,1.17785,27/12/2021 08:00:00,1.17625,@EC,1,1,-200.00,137.5000,-268.7500,
29/12/2021 20:00:00,1.18005,31/12/2021 16:00:00,1.18375,@EC,-1,1,-462.50,643.7500,-462.5000,
02/01/2022 20:00:00,1.18190,03/01/2022 08:00:00,1.18010,@EC,1,1,-225.00,12.5000,-425.0000,
19/01/2022 20:00:00,1.17885,20/01/2022 08:00:00,1.17930,@EC,1,1,56.25,331.2500,-25.0000,
24/01/2022 20:00:00,1.17710,26/01/2022 16:00:00,1.17330,@EC,-1,1,475.00,787.5000,-50.0000,
30/01/2022 20:00:00,1.15850,31/01/2022 08:00:00,1.16180,@EC,1,1,412.50,518.7500,-93.7500,
31/01/2022 20:00:00,1.16745,02/02/2022 16:00:00,1.17540,@EC,-1,1,-993.75,131.2500,-1243.7500,
03/02/2022 20:00:00,1.18830,07/02/2022 16:00:00,1.18610,@EC,-1,1,275.00,362.5000,-543.7500,
10/02/2022 20:00:00,1.18710,14/02/2022 16:00:00,1.17515,@EC,-1,1,1493.75,1725.0000,0.0000,
22/02/2022 20:00:00,1.17655,24/02/2022 16:00:00,1.16050,@EC,-1,1,2006.25,2762.5000,-406.2500,
24/02/2022 20:00:00,1.16340,28/02/2022 16:00:00,1.16445,@EC,-1,1,-131.25,643.7500,-981.2500,
28/02/2022 20:00:00,1.16575,02/03/2022 16:00:00,1.15390,@EC,-1,1,1481.25,2043.7500,-162.5000,
06/03/2022 20:00:00,1.13590,08/03/2022 16:00:00,1.13775,@EC,-1,1,-231.25,1468.7500,-393.7500,
14/03/2022 20:00:00,1.13725,15/03/2022 08:00:00,1.14365,@EC,1,1,800.00,1000.0000,-125.0000,
21/03/2022 20:00:00,1.14400,22/03/2022 08:00:00,1.14370,@EC,1,1,-37.50,18.7500,-625.0000,
28/03/2022 20:00:00,1.14165,29/03/2022 12:00:00,1.15415,@EC,-1,1,-1562.50,231.2500,-1762.5000,
31/03/2022 20:00:00,1.14915,04/04/2022 16:00:00,1.13995,@EC,-1,1,1150.00,1162.5000,-125.0000,
17/04/2022 20:00:00,1.12275,19/04/2022 16:00:00,1.12165,@EC,-1,1,137.50,587.5000,-187.5000,
21/04/2022 20:00:00,1.12520,25/04/2022 16:00:00,1.11325,@EC,-1,1,1493.75,1725.0000,-218.7500,
25/04/2022 20:00:00,1.11295,27/04/2022 16:00:00,1.09795,@EC,-1,1,1875.00,2487.5000,-325.0000,
05/05/2022 20:00:00,1.09520,09/05/2022 16:00:00,1.09845,@EC,-1,1,-406.25,718.7500,-737.5000,
11/05/2022 20:00:00,1.09235,13/05/2022 16:00:00,1.08175,@EC,-1,1,1325.00,2075.0000,-187.5000,
24/05/2022 20:00:00,1.11375,26/05/2022 16:00:00,1.11085,@EC,-1,1,362.50,1137.5000,-75.0000,
31/05/2022 20:00:00,1.11345,02/06/2022 16:00:00,1.11440,@EC,-1,1,-118.75,1325.0000,-131.2500,
12/06/2022 20:00:00,1.09115,14/06/2022 16:00:00,1.08245,@EC,-1,1,1087.50,1406.2500,-75.0000,
28/06/2022 20:00:00,1.09170,30/06/2022 16:00:00,1.08745,@EC,-1,1,531.25,1781.2500,-175.0000,
05/07/2022 20:00:00,1.06555,07/07/2022 16:00:00,1.05415,@EC,-1,1,1425.00,1475.0000,-131.2500,
19/07/2022 20:00:00,1.06060,21/07/2022 16:00:00,1.05575,@EC,-1,1,606.25,962.5000,-612.5000,
24/07/2022 20:00:00,1.05655,25/07/2022 08:00:00,1.05970,@EC,1,1,393.75,481.2500,-156.2500,
27/07/2022 20:00:00,1.05695,29/07/2022 16:00:00,1.05660,@EC,-1,1,43.75,1068.7500,-687.5000,
10/08/2022 20:00:00,1.06615,12/08/2022 16:00:00,1.06160,@EC,-1,1,568.75,800.0000,-793.7500,
14/08/2022 20:00:00,1.06140,15/08/2022 08:00:00,1.05660,@EC,1,1,-600.00,162.5000,-706.2500,
21/08/2022 20:00:00,1.03855,22/08/2022 08:00:00,1.03670,@EC,1,1,-231.25,181.2500,-543.7500,
28/08/2022 20:00:00,1.03050,30/08/2022 16:00:00,1.03710,@EC,-1,1,-825.00,543.7500,-1212.5000,
30/08/2022 20:00:00,1.03635,01/09/2022 16:00:00,1.02805,@EC,-1,1,1037.50,1368.7500,-775.0000,
01/09/2022 20:00:00,1.02895,05/09/2022 16:00:00,1.02725,@EC,-1,1,212.50,862.5000,-1100.0000,
06/09/2022 20:00:00,1.02460,08/09/2022 16:00:00,1.03085,@EC,-1,1,-781.25,356.2500,-1737.5000,
18/09/2022 20:00:00,1.03495,20/09/2022 16:00:00,1.03175,@EC,-1,1,400.00,712.5000,-481.2500,
20/09/2022 20:00:00,1.03115,22/09/2022 16:00:00,1.01725,@EC,-1,1,1737.50,2143.7500,-6.2500,
13/10/2022 20:00:00,1.00975,17/10/2022 16:00:00,1.01570,@EC,-1,1,-743.75,906.2500,-906.2500,
23/10/2022 20:00:00,1.01920,25/10/2022 16:00:00,1.02655,@EC,-1,1,-918.75,906.2500,-1212.5000,
26/10/2022 20:00:00,1.03925,28/10/2022 16:00:00,1.02465,@EC,-1,1,1825.00,1975.0000,-131.2500,
06/11/2022 20:00:00,1.02330,08/11/2022 16:00:00,1.03895,@EC,-1,1,-1956.25,168.7500,-2037.5000,
10/11/2022 20:00:00,1.04985,14/11/2022 16:00:00,1.06330,@EC,-1,1,-1681.25,468.7500,-2056.2500,
14/11/2022 20:00:00,1.06210,15/11/2022 08:00:00,1.07035,@EC,1,1,1031.25,1175.0000,-150.0000,
06/12/2022 20:00:00,1.07410,07/12/2022 08:00:00,1.07570,@EC,1,1,200.00,306.2500,-212.5000,
15/12/2022 20:00:00,1.09000,19/12/2022 16:00:00,1.08980,@EC,-1,1,25.00,650.0000,-450.0000,
29/12/2022 20:00:00,1.09165,30/12/2022 08:00:00,1.09130,@EC,1,1,-43.75,200.0000,-256.2500,
02/01/2023 20:00:00,1.09275,04/01/2023 16:00:00,1.08625,@EC,-1,1,812.50,1912.5000,-162.5000,
09/01/2023 20:00:00,1.09815,10/01/2023 08:00:00,1.09965,@EC,1,1,187.50,262.5000,-125.0000,
12/01/2023 20:00:00,1.10965,16/01/2023 16:00:00,1.10595,@EC,-1,1,462.50,868.7500,-300.0000,
17/01/2023 20:00:00,1.10325,19/01/2023 16:00:00,1.10580,@EC,-1,1,-318.75,281.2500,-1243.7500,
14/02/2023 20:00:00,1.09560,16/02/2023 16:00:00,1.09125,@EC,-1,1,543.75,1050.0000,-131.2500,
21/02/2023 20:00:00,1.08695,23/02/2023 16:00:00,1.08005,@EC,-1,1,862.50,975.0000,-137.5000,
26/02/2023 20:00:00,1.07580,28/02/2023 16:00:00,1.08185,@EC,-1,1,-756.25,143.7500,-1256.2500,
08/03/2023 20:00:00,1.07455,09/03/2023 08:00:00,1.07635,@EC,1,1,225.00,368.7500,-25.0000,
12/03/2023 20:00:00,1.08850,14/03/2023 16:00:00,1.09210,@EC,-1,1,-450.00,381.2500,-906.2500,
04/04/2023 20:00:00,1.11390,06/04/2023 16:00:00,1.11185,@EC,-1,1,256.25,868.7500,-181.2500,
11/04/2023 20:00:00,1.10970,13/04/2023 16:00:00,1.12370,@EC,-1,1,-1750.00,25.0000,-1893.7500,
30/04/2023 20:00:00,1.11900,02/05/2023 16:00:00,1.11715,@EC,-1,1,231.25,962.5000,-218.7500,
03/05/2023 20:00:00,1.12345,05/05/2023 16:00:00,1.12005,@EC,-1,1,425.00,1237.5000,-325.0000,
10/05/2023 20:00:00,1.11485,12/05/2023 16:00:00,1.10145,@EC,-1,1,1675.00,1712.5000,-168.7500,
17/05/2023 20:00:00,1.10005,19/05/2023 16:00:00,1.09800,@EC,-1,1,256.25,1018.7500,-87.5000,
21/05/2023 20:00:00,1.09680,23/05/2023 16:00:00,1.09245,@EC,-1,1,543.75,625.0000,-268.7500,
23/05/2023 20:00:00,1.09295,25/05/2023 16:00:00,1.08675,@EC,-1,1,775.00,837.5000,-362.5000,
29/05/2023 20:00:00,1.08585,30/05/2023 08:00:00,1.08585,@EC,1,1,0.00,268.7500,-406.2500,
30/05/2023 20:00:00,1.08900,01/06/2023 16:00:00,1.09105,@EC,-1,1,-256.25,1275.0000,-306.2500,
05/06/2023 20:00:00,1.08570,06/06/2023 08:00:00,1.08480,@EC,1,1,-112.50,306.2500,-162.5000,
06/06/2023 20:00:00,1.08420,08/06/2023 16:00:00,1.09310,@EC,-1,1,-1112.50,318.7500,-1143.7500,
11/06/2023 20:00:00,1.08885,12/06/2023 08:00:00,1.09225,@EC,1,1,425.00,512.5000,-125.0000,
13/06/2023 20:00:00,1.09360,15/06/2023 16:00:00,1.10835,@EC,-1,1,-1843.75,225.0000,-1868.7500,
15/06/2023 20:00:00,1.10850,19/06/2023 16:00:00,1.10550,@EC,-1,1,375.00,487.5000,-318.7500,
22/06/2023 20:00:00,1.10910,26/06/2023 16:00:00,1.10430,@EC,-1,1,600.00,1400.0000,-50.0000,
26/06/2023 20:00:00,1.10380,27/06/2023 08:00:00,1.10730,@EC,1,1,437.50,493.7500,-31.2500,
27/06/2023 20:00:00,1.10950,29/06/2023 16:00:00,1.10020,@EC,-1,1,1162.50,1293.7500,-12.5000,
03/07/2023 20:00:00,1.10380,04/07/2023 08:00:00,1.10240,@EC,1,1,-175.00,93.7500,-212.5000,
18/07/2023 20:00:00,1.13500,20/07/2023 16:00:00,1.12445,@EC,-1,1,1318.75,1393.7500,-156.2500,
24/07/2023 20:00:00,1.11820,26/07/2023 16:00:00,1.11890,@EC,-1,1,-87.50,537.5000,-287.5000,
13/08/2023 20:00:00,1.10495,14/08/2023 08:00:00,1.10525,@EC,1,1,37.50,206.2500,-218.7500,
14/08/2023 20:00:00,1.10115,16/08/2023 16:00:00,1.09915,@EC,-1,1,250.00,256.2500,-587.5000,
16/08/2023 20:00:00,1.09765,17/08/2023 08:00:00,1.09760,@EC,1,1,-6.25,168.7500,-143.7500,
22/08/2023 20:00:00,1.09455,24/08/2023 16:00:00,1.09210,@EC,-1,1,306.25,525.0000,-387.5000,
24/08/2023 20:00:00,1.09045,25/08/2023 08:00:00,1.08850,@EC,1,1,-243.75,0.0000,-493.7500,
27/08/2023 20:00:00,1.08965,29/08/2023 16:00:00,1.09610,@EC,-1,1,-806.25,206.2500,-825.0000,
29/08/2023 20:00:00,1.09765,31/08/2023 16:00:00,1.09345,@EC,-1,1,525.00,575.0000,-837.5000,
04/09/2023 20:00:00,1.08880,05/09/2023 08:00:00,1.08425,@EC,1,1,-568.75,56.2500,-643.7500,
05/09/2023 20:00:00,1.08165,07/09/2023 16:00:00,1.07965,@EC,-1,1,250.00,475.0000,-331.2500,
13/09/2023 20:00:00,1.08190,15/09/2023 16:00:00,1.07580,@EC,-1,1,762.50,1262.5000,-268.7500,
17/09/2023 20:00:00,1.07500,19/09/2023 16:00:00,1.07695,@EC,-1,1,-243.75,131.2500,-656.2500,
08/10/2023 20:00:00,1.06285,10/10/2023 16:00:00,1.06910,@EC,-1,1,-781.25,431.2500,-818.7500,
17/10/2023 20:00:00,1.06475,19/10/2023 16:00:00,1.06645,@EC,-1,1,-212.50,687.5000,-462.5000,
19/10/2023 20:00:00,1.06475,23/10/2023 16:00:00,1.07320,@EC,-1,1,-1056.25,187.5000,-1056.2500,
23/10/2023 20:00:00,1.07375,25/10/2023 16:00:00,1.06405,@EC,-1,1,1212.50,1318.7500,-337.5000,
25/10/2023 20:00:00,1.06315,26/10/2023 08:00:00,1.06100,@EC,1,1,-268.75,31.2500,-425.0000,
29/10/2023 20:00:00,1.06285,31/10/2023 16:00:00,1.06310,@EC,-1,1,-31.25,218.7500,-1381.2500,
31/10/2023 20:00:00,1.06390,02/11/2023 16:00:00,1.06775,@EC,-1,1,-481.25,743.7500,-1131.2500,
06/11/2023 20:00:00,1.07775,07/11/2023 08:00:00,1.07440,@EC,1,1,-418.75,31.2500,-425.0000,
14/11/2023 20:00:00,1.09350,16/11/2023 16:00:00,1.09160,@EC,-1,1,237.50,606.2500,-206.2500,
22/11/2023 20:00:00,1.09415,24/11/2023 16:00:00,1.09935,@EC,-1,1,-650.00,75.0000,-712.5000,
28/11/2023 20:00:00,1.10450,30/11/2023 16:00:00,1.09400,@EC,-1,1,1312.50,1331.2500,-287.5000,
13/12/2023 20:00:00,1.09250,14/12/2023,1.09400,@EC,-1,1,-187.50,68.7500,-212.5000,
27/12/2023 20:00:00,1.11415,29/12/2023 16:00:00,1.10985,@EC,-1,1,537.50,806.2500,-412.5000,
08/01/2024 20:00:00,1.09805,09/01/2024 08:00:00,1.09745,@EC,1,1,-75.00,200.0000,-156.2500,
11/01/2024 20:00:00,1.10000,15/01/2024 16:00:00,1.09755,@EC,-1,1,306.25,487.5000,-193.7500,
16/01/2024 20:00:00,1.09020,18/01/2024 16:00:00,1.08850,@EC,-1,1,212.50,387.5000,-381.2500,
23/01/2024 20:00:00,1.08780,25/01/2024 16:00:00,1.08600,@EC,-1,1,225.00,393.7500,-975.0000,
28/01/2024 20:00:00,1.08715,29/01/2024 08:00:00,1.08465,@EC,1,1,-312.50,12.5000,-343.7500,
04/02/2024 20:00:00,1.08000,06/02/2024 16:00:00,1.07685,@EC,-1,1,393.75,750.0000,-56.2500,
13/02/2024 20:00:00,1.07225,15/02/2024 16:00:00,1.07745,@EC,-1,1,-650.00,168.7500,-937.5000,
15/02/2024 20:00:00,1.07870,19/02/2024 16:00:00,1.07880,@EC,-1,1,-12.50,531.2500,-187.5000,
20/02/2024 20:00:00,1.08220,22/02/2024 16:00:00,1.08300,@EC,-1,1,-100.00,262.5000,-962.5000,
22/02/2024 20:00:00,1.08320,26/02/2024 16:00:00,1.08550,@EC,-1,1,-287.50,131.2500,-462.5000,
