23/12/2010 01:00:00,1267.25000,27/12/2010 20:00:00,1266.00000,@ES,1,1,-62.50,12.5000,-500.0000,
28/12/2010 07:00:00,1268.25000,30/12/2010 02:00:00,1267.75000,@ES,1,1,-25.00,100.0000,-250.0000,
30/12/2010 05:00:00,1268.50000,03/01/2011,1271.75000,@ES,1,1,162.50,212.5000,-362.5000,
03/01/2011 05:00:00,1272.50000,05/01/2011,1273.50000,@ES,1,1,50.00,587.5000,-125.0000,
07/01/2011 08:00:00,1282.75000,11/01/2011 03:00:00,1279.00000,@ES,1,1,-187.50,150.0000,-662.5000,
11/01/2011 05:00:00,1279.75000,13/01/2011,1293.75000,@ES,1,1,700.00,812.5000,-125.0000,
19/01/2011,1306.50000,20/01/2011 19:00:00,1287.75000,@ES,1,1,-937.50,75.0000,-1362.5000,
24/01/2011 03:00:00,1296.25000,25/01/2011 22:00:00,1300.50000,@ES,1,1,212.50,362.5000,-375.0000,
27/01/2011 01:00:00,1306.50000,30/01/2011 20:00:00,1279.50000,@ES,1,1,-1350.00,237.5000,-1625.0000,
07/02/2011 01:00:00,1320.25000,08/02/2011 20:00:00,1332.50000,@ES,1,1,612.50,687.5000,-125.0000,
09/02/2011 05:00:00,1330.75000,11/02/2011,1326.25000,@ES,1,1,-225.00,150.0000,-525.0000,
15/02/2011 05:00:00,1340.50000,17/02/2011,1344.00000,@ES,1,1,175.00,362.5000,-325.0000,
22/02/2011 07:00:00,1337.50000,24/02/2011 02:00:00,1319.25000,@ES,1,1,-912.50,437.5000,-1412.5000,
28/03/2011 23:00:00,1320.75000,30/03/2011 18:00:00,1340.75000,@ES,1,1,1000.00,1187.5000,-187.5000,
31/03/2011 12:00:00,1342.00000,04/04/2011 07:00:00,1347.25000,@ES,1,1,262.50,425.0000,-237.5000,
06/04/2011 08:00:00,1353.00000,08/04/2011 03:00:00,1348.00000,@ES,1,1,-250.00,12.5000,-700.0000,
08/04/2011 05:00:00,1350.25000,12/04/2011,1329.75000,@ES,1,1,-1025.00,112.5000,-1175.0000,
12/04/2011 01:00:00,1330.25000,13/04/2011 20:00:00,1324.00000,@ES,1,1,-312.50,262.5000,-425.0000,
14/04/2011 18:00:00,1328.50000,18/04/2011 12:00:00,1312.50000,@ES,1,1,-800.00,375.0000,-1075.0000,
24/04/2011 22:00:00,1350.50000,26/04/2011 16:00:00,1360.25000,@ES,1,1,487.50,625.0000,-325.0000,
29/04/2011 09:00:00,1374.75000,03/05/2011 04:00:00,1371.00000,@ES,1,1,-187.50,775.0000,-262.5000,
19/05/2011 22:00:00,1359.25000,23/05/2011 16:00:00,1332.25000,@ES,1,1,-1350.00,75.0000,-1587.5000,
25/05/2011 07:00:00,1329.25000,27/05/2011 02:00:00,1345.25000,@ES,1,1,800.00,875.0000,-287.5000,
27/05/2011 07:00:00,1345.25000,31/05/2011 07:00:00,1359.50000,@ES,1,1,712.50,775.0000,-87.5000,
01/06/2011 07:00:00,1360.25000,03/06/2011 02:00:00,1326.50000,@ES,1,1,-1687.50,12.5000,-1962.5000,
03/06/2011 12:00:00,1323.00000,07/06/2011 07:00:00,1308.75000,@ES,1,1,-712.50,137.5000,-1150.0000,
08/06/2011 13:00:00,1302.75000,10/06/2011 08:00:00,1301.75000,@ES,1,1,-50.00,400.0000,-537.5000,
30/06/2011 18:00:00,1338.25000,04/07/2011 18:00:00,1356.25000,@ES,1,1,900.00,1025.0000,-175.0000,
06/07/2011 01:00:00,1362.50000,07/07/2011 20:00:00,1373.25000,@ES,1,1,537.50,625.0000,-687.5000,
21/07/2011 12:00:00,1362.00000,25/07/2011 07:00:00,1352.50000,@ES,1,1,-475.00,400.0000,-887.5000,
03/11/2011 15:00:00,1284.50000,07/11/2011 10:00:00,1281.50000,@ES,1,1,-150.00,162.5000,-1225.0000,
02/12/2011 01:00:00,1277.25000,05/12/2011 20:00:00,1280.75000,@ES,1,1,175.00,850.0000,-362.5000,
06/12/2011 05:00:00,1285.75000,08/12/2011,1293.25000,@ES,1,1,375.00,512.5000,-687.5000,
28/12/2011 07:00:00,1297.75000,30/12/2011 02:00:00,1291.00000,@ES,1,1,-337.50,25.0000,-1050.0000,
09/01/2012 18:00:00,1310.00000,11/01/2012 12:00:00,1318.00000,@ES,1,1,400.00,787.5000,0.0000,
13/01/2012 03:00:00,1328.50000,17/01/2012 03:00:00,1334.00000,@ES,1,1,275.00,300.0000,-1100.0000,
18/01/2012 12:00:00,1331.50000,20/01/2012 07:00:00,1340.75000,@ES,1,1,462.50,687.5000,0.0000,
23/01/2012,1341.25000,24/01/2012 19:00:00,1348.00000,@ES,1,1,337.50,537.5000,-300.0000,
24/01/2012 21:00:00,1349.50000,26/01/2012 15:00:00,1346.75000,@ES,1,1,-137.50,700.0000,-637.5000,
30/01/2012 21:00:00,1346.75000,01/02/2012 15:00:00,1357.75000,@ES,1,1,550.00,700.0000,-537.5000,
06/02/2012,1369.50000,07/02/2012 19:00:00,1376.50000,@ES,1,1,350.00,500.0000,-275.0000,
07/02/2012 21:00:00,1377.75000,09/02/2012 15:00:00,1383.25000,@ES,1,1,275.00,437.5000,-287.5000,
16/02/2012 18:00:00,1389.50000,20/02/2012 18:00:00,1399.75000,@ES,1,1,512.50,687.5000,-137.5000,
21/02/2012 12:00:00,1398.75000,23/02/2012 07:00:00,1390.00000,@ES,1,1,-437.50,37.5000,-600.0000,
23/02/2012 22:00:00,1400.25000,27/02/2012 16:00:00,1400.25000,@ES,1,1,0.00,212.5000,-675.0000,
28/02/2012 07:00:00,1406.75000,01/03/2012 02:00:00,1393.75000,@ES,1,1,-650.00,212.5000,-812.5000,
01/03/2012 08:00:00,1402.25000,05/03/2012 03:00:00,1397.75000,@ES,1,1,-225.00,425.0000,-237.5000,
15/03/2012 07:00:00,1431.50000,19/03/2012 02:00:00,1441.00000,@ES,1,1,475.00,537.5000,-237.5000,
22/03/2012 22:00:00,1430.00000,26/03/2012 16:00:00,1450.75000,@ES,1,1,1037.50,1037.5000,-500.0000,
28/03/2012 18:00:00,1440.50000,30/03/2012 12:00:00,1442.50000,@ES,1,1,100.00,262.5000,-737.5000,
09/04/2012 12:00:00,1417.25000,11/04/2012 07:00:00,1408.00000,@ES,1,1,-462.50,250.0000,-1262.5000,
16/04/2012 22:00:00,1404.50000,18/04/2012 16:00:00,1420.75000,@ES,1,1,812.50,1187.5000,-287.5000,
20/04/2012 01:00:00,1414.00000,23/04/2012 20:00:00,1403.00000,@ES,1,1,-550.00,437.5000,-1025.0000,
29/04/2012 23:00:00,1440.50000,01/05/2012 18:00:00,1440.50000,@ES,1,1,0.00,537.5000,-562.5000,
02/05/2012 12:00:00,1435.50000,04/05/2012 07:00:00,1427.75000,@ES,1,1,-387.50,337.5000,-650.0000,
16/05/2012 06:00:00,1369.00000,18/05/2012 01:00:00,1337.25000,@ES,1,1,-1587.50,512.5000,-1600.0000,
21/05/2012 12:00:00,1347.50000,23/05/2012 07:00:00,1345.25000,@ES,1,1,-112.50,925.0000,-212.5000,
27/05/2012 18:00:00,1361.50000,29/05/2012 21:00:00,1366.00000,@ES,1,1,225.00,612.5000,-225.0000,
05/06/2012 12:00:00,1321.75000,07/06/2012 07:00:00,1359.50000,@ES,1,1,1887.50,1912.5000,-200.0000,
08/06/2012 12:00:00,1356.75000,12/06/2012 07:00:00,1352.25000,@ES,1,1,-225.00,1562.5000,-687.5000,
14/06/2012 08:00:00,1358.25000,18/06/2012 03:00:00,1389.00000,@ES,1,1,1537.50,1762.5000,-250.0000,
18/06/2012 12:00:00,1383.00000,20/06/2012 07:00:00,1397.00000,@ES,1,1,700.00,1000.0000,-100.0000,
24/06/2012 23:00:00,1367.00000,26/06/2012 21:00:00,1358.50000,@ES,1,1,-425.00,75.0000,-925.0000,
29/06/2012 01:00:00,1384.75000,02/07/2012 20:00:00,1403.50000,@ES,1,1,937.50,1175.0000,-87.5000,
03/07/2012 02:00:00,1405.25000,05/07/2012 04:00:00,1411.50000,@ES,1,1,312.50,537.5000,-200.0000,
17/07/2012 09:00:00,1400.25000,19/07/2012 04:00:00,1416.25000,@ES,1,1,800.00,887.5000,-750.0000,
30/07/2012 18:00:00,1427.50000,01/08/2012 12:00:00,1423.75000,@ES,1,1,-187.50,250.0000,-562.5000,
02/08/2012,1419.50000,05/08/2012 19:00:00,1434.25000,@ES,1,1,737.50,987.5000,-1212.5000,
08/08/2012 13:00:00,1445.75000,10/08/2012 08:00:00,1440.00000,@ES,1,1,-287.50,200.0000,-337.5000,
21/08/2012 02:00:00,1461.75000,23/08/2012,1463.00000,@ES,1,1,62.50,450.0000,-575.0000,
28/08/2012 03:00:00,1454.50000,29/08/2012 22:00:00,1449.00000,@ES,1,1,-275.00,200.0000,-300.0000,
30/08/2012 03:00:00,1450.25000,02/09/2012 22:00:00,1446.25000,@ES,1,1,-200.00,400.0000,-450.0000,
12/09/2012 02:00:00,1480.25000,13/09/2012 21:00:00,1506.75000,@ES,1,1,1325.00,1500.0000,-162.5000,
20/09/2012 22:00:00,1510.50000,24/09/2012 16:00:00,1503.50000,@ES,1,1,-350.00,237.5000,-637.5000,
04/10/2012,1505.50000,07/10/2012 19:00:00,1506.75000,@ES,1,1,62.50,675.0000,-275.0000,
08/10/2012 08:00:00,1503.50000,10/10/2012 03:00:00,1488.25000,@ES,1,1,-762.50,200.0000,-962.5000,
10/10/2012 22:00:00,1479.00000,12/10/2012 16:00:00,1476.00000,@ES,1,1,-150.00,662.5000,-300.0000,
16/10/2012 18:00:00,1504.50000,18/10/2012 12:00:00,1511.50000,@ES,1,1,350.00,362.5000,-262.5000,
06/11/2012 11:00:00,1473.00000,08/11/2012 06:00:00,1442.50000,@ES,1,1,-1525.00,587.5000,-1800.0000,
13/11/2012 06:00:00,1423.75000,15/11/2012 01:00:00,1408.00000,@ES,1,1,-787.50,775.0000,-1062.5000,
21/11/2012 08:00:00,1441.00000,23/11/2012 08:00:00,1444.50000,@ES,1,1,175.00,287.5000,-225.0000,
23/11/2012 12:00:00,1455.00000,27/11/2012 10:00:00,1458.75000,@ES,1,1,187.50,287.5000,-350.0000,
30/11/2012 05:00:00,1469.50000,04/12/2012,1456.00000,@ES,1,1,-675.00,375.0000,-700.0000,
05/12/2012 01:00:00,1464.00000,06/12/2012 20:00:00,1467.00000,@ES,1,1,150.00,187.5000,-712.5000,
07/12/2012 05:00:00,1466.00000,11/12/2012,1470.75000,@ES,1,1,237.50,462.5000,-225.0000,
11/12/2012 01:00:00,1471.25000,12/12/2012 20:00:00,1481.00000,@ES,1,1,487.50,1025.0000,-87.5000,
12/12/2012 22:00:00,1481.75000,14/12/2012 16:00:00,1467.25000,@ES,1,1,-725.00,137.5000,-837.5000,
17/12/2012 11:00:00,1477.50000,19/12/2012 06:00:00,1502.75000,@ES,1,1,1262.50,1312.5000,-75.0000,
04/01/2013 02:00:00,1512.50000,07/01/2013 21:00:00,1515.00000,@ES,1,1,125.00,487.5000,-125.0000,
09/01/2013 21:00:00,1515.00000,11/01/2013 15:00:00,1524.75000,@ES,1,1,487.50,787.5000,-12.5000,
20/01/2013 18:00:00,1539.50000,22/01/2013 18:00:00,1549.75000,@ES,1,1,512.50,512.5000,-262.5000,
25/01/2013 09:00:00,1556.25000,29/01/2013 04:00:00,1555.50000,@ES,1,1,-37.50,150.0000,-312.5000,
31/01/2013,1553.75000,03/02/2013 19:00:00,1566.00000,@ES,1,1,612.50,800.0000,-162.5000,
14/02/2013 12:00:00,1577.75000,18/02/2013 10:00:00,1576.25000,@ES,1,1,-75.00,162.5000,-362.5000,
18/02/2013 23:00:00,1577.25000,20/02/2013 18:00:00,1567.25000,@ES,1,1,-500.00,600.0000,-575.0000,
24/02/2013 18:00:00,1574.75000,26/02/2013 12:00:00,1545.75000,@ES,1,1,-1450.00,450.0000,-1687.5000,
01/03/2013 12:00:00,1576.75000,05/03/2013 07:00:00,1588.25000,@ES,1,1,575.00,637.5000,-525.0000,
06/03/2013 23:00:00,1598.00000,10/03/2013 18:00:00,1607.00000,@ES,1,1,450.00,687.5000,-62.5000,
18/03/2013 03:00:00,1596.75000,19/03/2013 22:00:00,1603.25000,@ES,1,1,325.00,987.5000,-50.0000,
26/03/2013 23:00:00,1622.50000,31/03/2013 18:00:00,1627.00000,@ES,1,1,225.00,300.0000,-637.5000,
01/04/2013 18:00:00,1620.75000,03/04/2013 12:00:00,1620.25000,@ES,1,1,-25.00,562.5000,-175.0000,
12/04/2013 15:00:00,1645.75000,16/04/2013 10:00:00,1623.25000,@ES,1,1,-1125.00,112.5000,-2150.0000,
21/04/2013 18:00:00,1614.25000,23/04/2013 12:00:00,1638.00000,@ES,1,1,1187.50,1212.5000,-375.0000,
01/05/2013,1656.25000,02/05/2013 19:00:00,1656.00000,@ES,1,1,-12.50,162.5000,-812.5000,
03/05/2013 02:00:00,1656.25000,06/05/2013 21:00:00,1674.75000,@ES,1,1,925.00,1150.0000,-137.5000,
13/05/2013,1689.50000,14/05/2013 19:00:00,1710.75000,@ES,1,1,1062.50,1162.5000,-162.5000,
28/05/2013 01:00:00,1720.75000,29/05/2013 20:00:00,1710.25000,@ES,1,1,-525.00,800.0000,-937.5000,
04/07/2013 23:00:00,1694.25000,08/07/2013 18:00:00,1706.75000,@ES,1,1,625.00,762.5000,-800.0000,
09/07/2013 02:00:00,1713.50000,10/07/2013 21:00:00,1733.00000,@ES,1,1,975.00,1012.5000,-262.5000,
10/07/2013 22:00:00,1733.75000,12/07/2013 16:00:00,1742.50000,@ES,1,1,437.50,525.0000,-150.0000,
17/07/2013 23:00:00,1743.50000,21/07/2013 18:00:00,1760.00000,@ES,1,1,825.00,850.0000,-62.5000,
23/07/2013 23:00:00,1758.00000,25/07/2013 18:00:00,1755.75000,@ES,1,1,-112.50,362.5000,-812.5000,
30/07/2013 01:00:00,1755.00000,31/07/2013 20:00:00,1755.50000,@ES,1,1,25.00,450.0000,-387.5000,
31/07/2013 23:00:00,1758.75000,04/08/2013 18:00:00,1772.75000,@ES,1,1,700.00,812.5000,-50.0000,
21/08/2013 09:00:00,1718.75000,23/08/2013 04:00:00,1722.50000,@ES,1,1,187.50,462.5000,-862.5000,
02/09/2013 22:00:00,1717.25000,04/09/2013 16:00:00,1722.00000,@ES,1,1,237.50,375.0000,-825.0000,
06/09/2013 02:00:00,1722.50000,09/09/2013 21:00:00,1740.75000,@ES,1,1,912.50,987.5000,-687.5000,
12/09/2013 01:00:00,1758.50000,15/09/2013 20:00:00,1776.25000,@ES,1,1,887.50,1087.5000,-400.0000,
22/10/2013 03:00:00,1814.25000,23/10/2013 22:00:00,1822.25000,@ES,1,1,400.00,837.5000,-162.5000,
07/11/2013 05:00:00,1841.00000,11/11/2013,1840.25000,@ES,1,1,-37.50,500.0000,-1400.0000,
13/11/2013 05:00:00,1840.00000,15/11/2013,1866.50000,@ES,1,1,1325.00,1362.5000,-462.5000,
19/11/2013,1866.75000,20/11/2013 19:00:00,1856.50000,@ES,1,1,-512.50,200.0000,-787.5000,
24/11/2013 18:00:00,1879.75000,26/11/2013 12:00:00,1878.00000,@ES,1,1,-87.50,300.0000,-237.5000,
26/11/2013 22:00:00,1878.75000,28/11/2013 22:00:00,1884.75000,@ES,1,1,300.00,387.5000,-50.0000,
29/11/2013 09:00:00,1885.50000,03/12/2013 07:00:00,1870.50000,@ES,1,1,-750.00,175.0000,-787.5000,
05/12/2013 18:00:00,1861.75000,09/12/2013 12:00:00,1886.00000,@ES,1,1,1212.50,1312.5000,-50.0000,
09/12/2013 18:00:00,1885.75000,11/12/2013 12:00:00,1867.25000,@ES,1,1,-925.00,112.5000,-1025.0000,
16/12/2013 07:00:00,1861.25000,18/12/2013 02:00:00,1860.25000,@ES,1,1,-50.00,387.5000,-412.5000,
23/12/2013 02:00:00,1903.25000,26/12/2013 12:00:00,1916.25000,@ES,1,1,650.00,700.0000,-112.5000,
27/12/2013 09:00:00,1920.50000,31/12/2013 04:00:00,1918.25000,@ES,1,1,-112.50,112.5000,-212.5000,
31/12/2013 07:00:00,1918.75000,03/01/2014 14:00:00,1907.75000,@ES,1,1,-550.00,525.0000,-775.0000,
07/01/2014 02:00:00,1907.00000,08/01/2014 21:00:00,1914.50000,@ES,1,1,375.00,525.0000,-112.5000,
10/01/2014 07:00:00,1922.50000,14/01/2014 02:00:00,1897.50000,@ES,1,1,-1250.00,137.5000,-1512.5000,
19/01/2014 23:00:00,1917.00000,21/01/2014 23:00:00,1919.75000,@ES,1,1,137.50,487.5000,-400.0000,
13/02/2014 05:00:00,1893.25000,17/02/2014,1916.50000,@ES,1,1,1162.50,1412.5000,-412.5000,
18/02/2014,1920.75000,19/02/2014 19:00:00,1910.00000,@ES,1,1,-537.50,325.0000,-737.5000,
26/02/2014 18:00:00,1926.50000,28/02/2014 12:00:00,1948.25000,@ES,1,1,1087.50,1137.5000,-550.0000,
11/03/2014 08:00:00,1959.75000,13/03/2014 03:00:00,1953.25000,@ES,1,1,-325.00,262.5000,-1162.5000,
27/03/2014 23:00:00,1933.25000,31/03/2014 18:00:00,1954.25000,@ES,1,1,1050.00,1225.0000,-37.5000,
17/04/2014 15:00:00,1952.75000,22/04/2014 10:00:00,1961.00000,@ES,1,1,412.50,412.5000,-325.0000,
24/04/2014,1968.25000,27/04/2014 19:00:00,1951.25000,@ES,1,1,-850.00,200.0000,-1275.0000,
30/04/2014 07:00:00,1960.00000,02/05/2014 02:00:00,1968.25000,@ES,1,1,412.50,625.0000,-187.5000,
02/05/2014 05:00:00,1969.75000,06/05/2014,1968.50000,@ES,1,1,-62.50,300.0000,-975.0000,
12/05/2014 05:00:00,1967.25000,14/05/2014,1986.50000,@ES,1,1,962.50,1050.0000,-25.0000,
19/05/2014 09:00:00,1962.75000,21/05/2014 04:00:00,1961.25000,@ES,1,1,-75.00,575.0000,-412.5000,
25/05/2014 18:00:00,1987.75000,27/05/2014 16:00:00,1999.00000,@ES,1,1,562.50,600.0000,-50.0000,
28/05/2014 22:00:00,1999.25000,30/05/2014 16:00:00,2010.50000,@ES,1,1,562.50,637.5000,-112.5000,
01/06/2014 18:00:00,2011.00000,03/06/2014 12:00:00,2008.25000,@ES,1,1,-137.50,150.0000,-375.0000,
10/06/2014 03:00:00,2037.00000,11/06/2014 22:00:00,2035.50000,@ES,1,1,-75.00,212.5000,-437.5000,
16/06/2014 03:00:00,2021.25000,17/06/2014 22:00:00,2031.00000,@ES,1,1,487.50,575.0000,-150.0000,
24/06/2014,2047.50000,25/06/2014 19:00:00,2046.75000,@ES,1,1,-37.50,475.0000,-662.5000,
26/06/2014 15:00:00,2045.50000,30/06/2014 10:00:00,2049.75000,@ES,1,1,212.50,275.0000,-287.5000,
01/07/2014 05:00:00,2053.50000,03/07/2014,2063.75000,@ES,1,1,512.50,762.5000,-25.0000,
03/07/2014 05:00:00,2065.75000,07/07/2014 07:00:00,2071.25000,@ES,1,1,275.00,475.0000,-125.0000,
08/07/2014 01:00:00,2066.50000,09/07/2014 20:00:00,2064.00000,@ES,1,1,-125.00,50.0000,-837.5000,
25/07/2014 01:00:00,2076.50000,28/07/2014 20:00:00,2070.00000,@ES,1,1,-325.00,62.5000,-937.5000,
13/08/2014 08:00:00,2037.75000,15/08/2014 03:00:00,2050.25000,@ES,1,1,625.00,700.0000,-337.5000,
19/08/2014 12:00:00,2073.75000,21/08/2014 07:00:00,2084.00000,@ES,1,1,512.50,550.0000,-187.5000,
26/08/2014 22:00:00,2096.50000,28/08/2014 16:00:00,2093.00000,@ES,1,1,-175.00,50.0000,-600.0000,
31/08/2014 23:00:00,2098.00000,02/09/2014 22:00:00,2097.50000,@ES,1,1,-25.00,262.5000,-412.5000,
01/10/2014 02:00:00,2069.25000,02/10/2014 21:00:00,2045.75000,@ES,1,1,-1175.00,137.5000,-2300.0000,
04/11/2014 21:00:00,2111.25000,06/11/2014 15:00:00,2129.75000,@ES,1,1,925.00,1025.0000,0.0000,
07/11/2014 08:00:00,2134.75000,11/11/2014 03:00:00,2141.50000,@ES,1,1,337.50,462.5000,-462.5000,
12/11/2014 22:00:00,2141.25000,14/11/2014 16:00:00,2142.25000,@ES,1,1,50.00,375.0000,-475.0000,
17/11/2014 12:00:00,2142.50000,19/11/2014 07:00:00,2152.25000,@ES,1,1,487.50,825.0000,-87.5000,
21/11/2014 05:00:00,2164.50000,25/11/2014,2169.75000,@ES,1,1,262.50,637.5000,-237.5000,
26/11/2014 12:00:00,2173.50000,28/11/2014 11:00:00,2176.25000,@ES,1,1,137.50,337.5000,-125.0000,
02/12/2014,2158.25000,03/12/2014 19:00:00,2177.75000,@ES,1,1,975.00,1137.5000,-87.5000,
04/12/2014 07:00:00,2180.00000,08/12/2014 02:00:00,2180.50000,@ES,1,1,25.00,200.0000,-687.5000,
08/12/2014 09:00:00,2175.25000,10/12/2014 04:00:00,2162.25000,@ES,1,1,-650.00,275.0000,-1850.0000,
23/12/2014 23:00:00,2193.00000,28/12/2014 21:00:00,2198.75000,@ES,1,1,287.50,387.5000,-200.0000,
28/12/2014 22:00:00,2199.00000,30/12/2014 16:00:00,2186.00000,@ES,1,1,-650.00,87.5000,-700.0000,
26/01/2015 15:00:00,2163.25000,28/01/2015 10:00:00,2144.50000,@ES,1,1,-937.50,187.5000,-1900.0000,
10/02/2015 02:00:00,2157.00000,11/02/2015 21:00:00,2171.75000,@ES,1,1,737.50,1725.0000,-225.0000,
17/02/2015 15:00:00,2209.25000,19/02/2015 10:00:00,2203.25000,@ES,1,1,-300.00,112.5000,-500.0000,
27/02/2015 12:00:00,2222.50000,03/03/2015 07:00:00,2224.00000,@ES,1,1,75.00,250.0000,-500.0000,
04/03/2015 02:00:00,2216.00000,05/03/2015 21:00:00,2212.50000,@ES,1,1,-175.00,12.5000,-937.5000,
12/03/2015 01:00:00,2157.25000,15/03/2015 20:00:00,2158.50000,@ES,1,1,62.50,1175.0000,-262.5000,
01/04/2015 02:00:00,2168.25000,02/04/2015 21:00:00,2179.25000,@ES,1,1,550.00,800.0000,-450.0000,
08/04/2015 01:00:00,2187.75000,09/04/2015 20:00:00,2205.00000,@ES,1,1,862.50,937.5000,-125.0000,
13/04/2015 02:00:00,2213.75000,14/04/2015 21:00:00,2209.50000,@ES,1,1,-212.50,350.0000,-925.0000,
15/04/2015 06:00:00,2214.50000,17/04/2015 01:00:00,2217.50000,@ES,1,1,150.00,525.0000,-300.0000,
21/04/2015 01:00:00,2215.50000,22/04/2015 20:00:00,2219.50000,@ES,1,1,200.00,462.5000,-787.5000,
05/05/2015 02:00:00,2227.50000,06/05/2015 21:00:00,2195.50000,@ES,1,1,-1600.00,187.5000,-2337.5000,
12/05/2015 07:00:00,2205.25000,14/05/2015 02:00:00,2214.75000,@ES,1,1,475.00,1037.5000,-300.0000,
14/05/2015 09:00:00,2227.25000,18/05/2015 04:00:00,2236.75000,@ES,1,1,475.00,750.0000,-212.5000,
18/05/2015 11:00:00,2240.00000,20/05/2015 06:00:00,2242.75000,@ES,1,1,137.50,675.0000,0.0000,
22/05/2015 15:00:00,2247.25000,26/05/2015 14:00:00,2217.00000,@ES,1,1,-1512.50,62.5000,-1562.5000,
01/06/2015 09:00:00,2233.25000,03/06/2015 04:00:00,2231.25000,@ES,1,1,-100.00,200.0000,-987.5000,
08/06/2015 01:00:00,2210.50000,09/06/2015 20:00:00,2201.25000,@ES,1,1,-462.50,112.5000,-1112.5000,
10/06/2015 05:00:00,2205.50000,12/06/2015,2224.00000,@ES,1,1,925.00,1425.0000,-50.0000,
12/06/2015 15:00:00,2214.50000,16/06/2015 10:00:00,2206.25000,@ES,1,1,-412.50,0.0000,-1262.5000,
16/06/2015 11:00:00,2208.00000,18/06/2015 06:00:00,2219.00000,@ES,1,1,550.00,900.0000,-100.0000,
18/06/2015 08:00:00,2222.75000,22/06/2015 03:00:00,2240.00000,@ES,1,1,862.50,1187.5000,-75.0000,
25/06/2015 06:00:00,2236.50000,28/06/2015 18:00:00,2188.50000,@ES,1,1,-2400.00,150.0000,-2262.5000,
28/06/2015 23:00:00,2195.25000,30/06/2015 20:00:00,2181.75000,@ES,1,1,-675.00,762.5000,-1062.5000,
06/07/2015 01:00:00,2172.75000,07/07/2015 20:00:00,2196.75000,@ES,1,1,1200.00,1625.0000,-525.0000,
20/07/2015 06:00:00,2249.75000,22/07/2015 01:00:00,2233.25000,@ES,1,1,-825.00,187.5000,-850.0000,
22/07/2015 05:00:00,2235.25000,24/07/2015,2225.25000,@ES,1,1,-500.00,287.5000,-825.0000,
29/07/2015 22:00:00,2226.50000,31/07/2015 16:00:00,2225.75000,@ES,1,1,-37.50,500.0000,-575.0000,
03/08/2015 15:00:00,2212.75000,05/08/2015 10:00:00,2230.25000,@ES,1,1,875.00,962.5000,-200.0000,
10/08/2015 06:00:00,2207.50000,12/08/2015 01:00:00,2193.25000,@ES,1,1,-712.50,1075.0000,-762.5000,
14/09/2015 05:00:00,2092.50000,16/09/2015,2100.75000,@ES,1,1,412.50,850.0000,-1037.5000,
14/10/2015 18:00:00,2123.50000,16/10/2015 12:00:00,2159.25000,@ES,1,1,1787.50,1837.5000,-50.0000,
20/10/2015 22:00:00,2160.00000,22/10/2015 16:00:00,2182.25000,@ES,1,1,1112.50,1262.5000,-800.0000,
26/10/2015 12:00:00,2202.25000,28/10/2015 07:00:00,2201.00000,@ES,1,1,-62.50,87.5000,-725.0000,
02/11/2015 06:00:00,2212.00000,04/11/2015 01:00:00,2239.50000,@ES,1,1,1375.00,1737.5000,-137.5000,
11/11/2015 22:00:00,2209.75000,13/11/2015 10:00:00,2161.75000,@ES,1,1,-2400.00,212.5000,-2387.5000,
18/11/2015 08:00:00,2190.50000,20/11/2015 03:00:00,2221.75000,@ES,1,1,1562.50,1762.5000,-62.5000,
23/11/2015 02:00:00,2227.50000,24/11/2015 21:00:00,2219.75000,@ES,1,1,-387.50,100.0000,-1275.0000,
26/11/2015 06:00:00,2233.50000,30/11/2015 08:00:00,2230.75000,@ES,1,1,-137.50,62.5000,-775.0000,
30/11/2015 23:00:00,2228.25000,02/12/2015 18:00:00,2219.75000,@ES,1,1,-425.00,662.5000,-837.5000,
11/12/2015,2190.00000,11/12/2015 16:00:00,2142.00000,@ES,1,1,-2400.00,62.5000,-2362.5000,
29/12/2015 11:00:00,2213.25000,31/12/2015 06:00:00,2200.25000,@ES,1,1,-650.00,300.0000,-775.0000,
25/02/2016 21:00:00,2095.75000,29/02/2016 15:00:00,2081.75000,@ES,1,1,-700.00,862.5000,-1187.5000,
01/03/2016 05:00:00,2085.75000,03/03/2016,2130.50000,@ES,1,1,2237.50,2250.0000,-162.5000,
08/03/2016 22:00:00,2126.75000,10/03/2016 16:00:00,2133.25000,@ES,1,1,325.00,1387.5000,-762.5000,
15/03/2016 15:00:00,2159.00000,17/03/2016 10:00:00,2168.25000,@ES,1,1,462.50,1087.5000,-425.0000,
22/03/2016 12:00:00,2196.50000,24/03/2016 07:00:00,2171.25000,@ES,1,1,-1262.50,225.0000,-1287.5000,
24/03/2016 12:00:00,2175.00000,29/03/2016 07:00:00,2176.50000,@ES,1,1,75.00,912.5000,-337.5000,
29/03/2016 21:00:00,2204.25000,31/03/2016 15:00:00,2204.00000,@ES,1,1,-12.50,687.5000,-175.0000,
11/04/2016 08:00:00,2203.50000,13/04/2016 03:00:00,2212.75000,@ES,1,1,462.50,650.0000,-1037.5000,
13/04/2016 13:00:00,2225.50000,15/04/2016 08:00:00,2225.50000,@ES,1,1,0.00,487.5000,-175.0000,
15/04/2016 11:00:00,2229.75000,19/04/2016 06:00:00,2251.00000,@ES,1,1,1062.50,1112.5000,-887.5000,
21/04/2016 01:00:00,2257.00000,24/04/2016 20:00:00,2241.25000,@ES,1,1,-787.50,12.5000,-1425.0000,
04/05/2016 23:00:00,2208.00000,08/05/2016 18:00:00,2206.50000,@ES,1,1,-75.00,275.0000,-1200.0000,
12/05/2016 07:00:00,2224.50000,16/05/2016 02:00:00,2199.50000,@ES,1,1,-1250.00,87.5000,-1800.0000,
19/05/2016 09:00:00,2193.00000,23/05/2016 04:00:00,2200.75000,@ES,1,1,387.50,800.0000,-875.0000,
23/05/2016 09:00:00,2204.25000,25/05/2016 04:00:00,2234.25000,@ES,1,1,1500.00,1687.5000,-475.0000,
27/05/2016 01:00:00,2244.50000,31/05/2016,2256.00000,@ES,1,1,575.00,637.5000,-150.0000,
31/05/2016 09:00:00,2254.50000,02/06/2016 04:00:00,2246.75000,@ES,1,1,-387.50,25.0000,-887.5000,
02/06/2016 21:00:00,2258.25000,06/06/2016 15:00:00,2263.50000,@ES,1,1,262.50,375.0000,-1100.0000,
08/06/2016 01:00:00,2263.00000,09/06/2016 20:00:00,2266.75000,@ES,1,1,187.50,512.5000,-162.5000,
16/06/2016 14:00:00,2225.25000,20/06/2016 09:00:00,2247.75000,@ES,1,1,1125.00,1237.5000,-475.0000,
11/07/2016 22:00:00,2295.00000,13/07/2016 16:00:00,2307.75000,@ES,1,1,637.50,987.5000,-137.5000,
15/07/2016 07:00:00,2319.50000,19/07/2016 02:00:00,2320.25000,@ES,1,1,37.50,387.5000,-687.5000,
19/07/2016 23:00:00,2319.00000,21/07/2016 18:00:00,2321.50000,@ES,1,1,125.00,687.5000,-150.0000,
28/07/2016 02:00:00,2327.50000,31/07/2016 21:00:00,2335.00000,@ES,1,1,375.00,475.0000,-575.0000,
05/08/2016 05:00:00,2326.75000,09/08/2016,2338.75000,@ES,1,1,600.00,937.5000,-187.5000,
14/08/2016 23:00:00,2346.25000,16/08/2016 18:00:00,2340.25000,@ES,1,1,-300.00,350.0000,-425.0000,
17/08/2016 12:00:00,2333.25000,19/08/2016 07:00:00,2339.50000,@ES,1,1,312.50,687.5000,-75.0000,
25/08/2016 09:00:00,2334.00000,29/08/2016 04:00:00,2327.50000,@ES,1,1,-325.00,762.5000,-700.0000,
31/08/2016 05:00:00,2338.50000,02/09/2016,2328.25000,@ES,1,1,-512.50,62.5000,-1062.5000,
07/09/2016 18:00:00,2353.50000,09/09/2016 12:00:00,2312.75000,@ES,1,1,-2037.50,12.5000,-2100.0000,
18/09/2016 21:00:00,2308.00000,20/09/2016 15:00:00,2306.25000,@ES,1,1,-87.50,387.5000,-562.5000,
27/09/2016 11:00:00,2317.25000,29/09/2016 06:00:00,2332.25000,@ES,1,1,750.00,937.5000,-212.5000,
05/10/2016 05:00:00,2315.00000,07/10/2016,2321.50000,@ES,1,1,325.00,600.0000,-150.0000,
13/10/2016 23:00:00,2296.50000,17/10/2016 18:00:00,2291.50000,@ES,1,1,-250.00,787.5000,-537.5000,
18/10/2016 03:00:00,2300.25000,19/10/2016 22:00:00,2310.00000,@ES,1,1,487.50,562.5000,-237.5000,
28/10/2016 12:00:00,2303.25000,01/11/2016 07:00:00,2295.00000,@ES,1,1,-412.50,50.0000,-1087.5000,
15/11/2016 02:00:00,2335.00000,16/11/2016 21:00:00,2346.00000,@ES,1,1,550.00,950.0000,-225.0000,
17/11/2016 05:00:00,2345.00000,21/11/2016,2353.50000,@ES,1,1,425.00,575.0000,-212.5000,
22/11/2016 02:00:00,2370.50000,23/11/2016 21:00:00,2368.50000,@ES,1,1,-100.00,100.0000,-487.5000,
25/11/2016 11:00:00,2377.00000,29/11/2016 09:00:00,2369.75000,@ES,1,1,-362.50,187.5000,-487.5000,
01/12/2016 05:00:00,2366.75000,05/12/2016,2355.50000,@ES,1,1,-562.50,262.5000,-937.5000,
09/12/2016 12:00:00,2422.75000,13/12/2016 07:00:00,2430.50000,@ES,1,1,387.50,812.5000,-112.5000,
13/12/2016 15:00:00,2444.50000,15/12/2016 10:00:00,2435.00000,@ES,1,1,-475.00,112.5000,-1362.5000,
20/12/2016 05:00:00,2437.75000,22/12/2016,2430.75000,@ES,1,1,-350.00,300.0000,-375.0000,
22/12/2016 22:00:00,2433.75000,27/12/2016 16:00:00,2438.00000,@ES,1,1,212.50,500.0000,-262.5000,
27/12/2016 22:00:00,2437.75000,29/12/2016 16:00:00,2419.25000,@ES,1,1,-925.00,200.0000,-1200.0000,
04/01/2017 18:00:00,2439.75000,06/01/2017 12:00:00,2446.50000,@ES,1,1,337.50,412.5000,-575.0000,
18/01/2017 07:00:00,2440.25000,20/01/2017 02:00:00,2437.50000,@ES,1,1,-137.50,175.0000,-650.0000,
24/01/2017 01:00:00,2435.00000,25/01/2017 20:00:00,2467.50000,@ES,1,1,1625.00,1725.0000,-62.5000,
26/01/2017 01:00:00,2472.00000,29/01/2017 20:00:00,2456.00000,@ES,1,1,-800.00,87.5000,-825.0000,
01/02/2017 07:00:00,2454.25000,03/02/2017 02:00:00,2447.50000,@ES,1,1,-337.50,250.0000,-775.0000,
03/02/2017 08:00:00,2454.00000,07/02/2017 03:00:00,2460.25000,@ES,1,1,312.50,725.0000,-75.0000,
08/02/2017 03:00:00,2465.50000,09/02/2017 22:00:00,2481.25000,@ES,1,1,787.50,825.0000,-512.5000,
14/02/2017 05:00:00,2499.50000,16/02/2017,2523.50000,@ES,1,1,1200.00,1312.5000,-275.0000,
21/02/2017 21:00:00,2534.75000,23/02/2017 15:00:00,2538.00000,@ES,1,1,162.50,350.0000,-375.0000,
26/02/2017 18:00:00,2539.75000,28/02/2017 12:00:00,2539.75000,@ES,1,1,0.00,262.5000,-225.0000,
01/03/2017 05:00:00,2549.00000,03/03/2017,2549.50000,@ES,1,1,25.00,1312.5000,-100.0000,
06/03/2017 06:00:00,2550.00000,08/03/2017 01:00:00,2536.00000,@ES,1,1,-700.00,125.0000,-812.5000,
09/03/2017 08:00:00,2536.75000,13/03/2017 03:00:00,2545.50000,@ES,1,1,437.50,837.5000,-425.0000,
15/03/2017 02:00:00,2544.75000,16/03/2017 21:00:00,2557.00000,@ES,1,1,612.50,1062.5000,-87.5000,
20/03/2017 06:00:00,2548.75000,22/03/2017 01:00:00,2514.00000,@ES,1,1,-1737.50,362.5000,-1925.0000,
22/03/2017 18:00:00,2522.50000,24/03/2017 12:00:00,2528.00000,@ES,1,1,275.00,537.5000,-350.0000,
31/03/2017 05:00:00,2536.25000,04/04/2017,2529.75000,@ES,1,1,-325.00,387.5000,-950.0000,
05/04/2017 12:00:00,2550.25000,07/04/2017 07:00:00,2530.00000,@ES,1,1,-1012.50,87.5000,-1812.5000,
20/04/2017 01:00:00,2512.75000,23/04/2017 20:00:00,2544.50000,@ES,1,1,1587.50,1862.5000,-50.0000,
24/04/2017 08:00:00,2552.25000,26/04/2017 03:00:00,2562.25000,@ES,1,1,500.00,712.5000,-462.5000,
01/05/2017 04:00:00,2561.25000,02/05/2017 23:00:00,2560.50000,@ES,1,1,-37.50,337.5000,-162.5000,
04/05/2017 01:00:00,2564.00000,07/05/2017 20:00:00,2574.00000,@ES,1,1,500.00,850.0000,-537.5000,
08/05/2017 18:00:00,2572.75000,10/05/2017 12:00:00,2571.50000,@ES,1,1,-62.50,225.0000,-400.0000,
22/05/2017 22:00:00,2567.25000,24/05/2017 16:00:00,2579.50000,@ES,1,1,612.50,700.0000,-87.5000,
28/05/2017 22:00:00,2593.75000,30/05/2017 21:00:00,2588.50000,@ES,1,1,-262.50,25.0000,-437.5000,
31/05/2017,2589.25000,01/06/2017 19:00:00,2607.00000,@ES,1,1,887.50,975.0000,-462.5000,
05/06/2017 03:00:00,2613.50000,06/06/2017 22:00:00,2609.00000,@ES,1,1,-225.00,137.5000,-500.0000,
07/06/2017 18:00:00,2609.75000,09/06/2017 12:00:00,2619.75000,@ES,1,1,500.00,662.5000,-362.5000,
14/06/2017 02:00:00,2616.00000,15/06/2017 21:00:00,2613.25000,@ES,1,1,-137.50,337.5000,-1012.5000,
19/06/2017 15:00:00,2628.25000,21/06/2017 10:00:00,2614.50000,@ES,1,1,-687.50,137.5000,-1000.0000,
21/06/2017 23:00:00,2611.25000,25/06/2017 18:00:00,2611.50000,@ES,1,1,12.50,362.5000,-187.5000,
04/07/2017 05:00:00,2610.00000,06/07/2017 04:00:00,2604.00000,@ES,1,1,-300.00,87.5000,-562.5000,
11/07/2017 03:00:00,2607.25000,12/07/2017 22:00:00,2621.50000,@ES,1,1,712.50,800.0000,-875.0000,
14/07/2017 08:00:00,2624.75000,18/07/2017 03:00:00,2636.25000,@ES,1,1,575.00,800.0000,-75.0000,
19/07/2017 11:00:00,2645.75000,21/07/2017 06:00:00,2652.50000,@ES,1,1,337.50,500.0000,-37.5000,
21/07/2017 15:00:00,2648.25000,25/07/2017 10:00:00,2655.00000,@ES,1,1,337.50,475.0000,-262.5000,
26/07/2017 18:00:00,2655.25000,28/07/2017 12:00:00,2646.50000,@ES,1,1,-437.50,237.5000,-937.5000,
31/07/2017 05:00:00,2652.75000,02/08/2017,2654.25000,@ES,1,1,75.00,200.0000,-400.0000,
03/08/2017 15:00:00,2651.00000,07/08/2017 10:00:00,2654.50000,@ES,1,1,175.00,312.5000,-275.0000,
07/08/2017 11:00:00,2655.25000,09/08/2017 06:00:00,2640.25000,@ES,1,1,-750.00,637.5000,-837.5000,
21/08/2017 22:00:00,2613.50000,23/08/2017 16:00:00,2622.00000,@ES,1,1,425.00,1037.5000,-237.5000,
25/08/2017 05:00:00,2622.25000,29/08/2017,2609.75000,@ES,1,1,-625.00,537.5000,-987.5000,
03/09/2017 23:00:00,2646.25000,05/09/2017 22:00:00,2639.00000,@ES,1,1,-362.50,225.0000,-1062.5000,
07/09/2017 08:00:00,2646.75000,11/09/2017 03:00:00,2653.00000,@ES,1,1,312.50,425.0000,-512.5000,
13/09/2017 12:00:00,2675.50000,15/09/2017 07:00:00,2672.25000,@ES,1,1,-162.50,100.0000,-362.5000,
18/09/2017 11:00:00,2686.75000,20/09/2017 06:00:00,2686.75000,@ES,1,1,0.00,25.0000,-387.5000,
21/09/2017 08:00:00,2686.00000,25/09/2017 03:00:00,2678.75000,@ES,1,1,-362.50,12.5000,-637.5000,
02/10/2017 09:00:00,2702.00000,04/10/2017 04:00:00,2712.25000,@ES,1,1,512.50,637.5000,-87.5000,
10/10/2017 05:00:00,2727.75000,12/10/2017,2732.75000,@ES,1,1,250.00,350.0000,-187.5000,
15/10/2017 22:00:00,2736.50000,17/10/2017 16:00:00,2738.25000,@ES,1,1,87.50,125.0000,-225.0000,
19/10/2017 12:00:00,2735.75000,23/10/2017 07:00:00,2757.75000,@ES,1,1,1100.00,1137.5000,-75.0000,
25/10/2017 05:00:00,2746.25000,27/10/2017,2744.75000,@ES,1,1,-75.00,62.5000,-1175.0000,
27/10/2017 05:00:00,2749.25000,31/10/2017,2751.00000,@ES,1,1,87.50,637.5000,-237.5000,
31/10/2017 09:00:00,2754.75000,02/11/2017 04:00:00,2751.25000,@ES,1,1,-175.00,600.0000,-500.0000,
06/11/2017 12:00:00,2769.25000,08/11/2017 07:00:00,2765.25000,@ES,1,1,-200.00,275.0000,-412.5000,
08/11/2017 18:00:00,2773.00000,10/11/2017 12:00:00,2759.00000,@ES,1,1,-700.00,137.5000,-1425.0000,
10/12/2017 22:00:00,2834.50000,12/12/2017 16:00:00,2846.00000,@ES,1,1,575.00,850.0000,-187.5000,
19/12/2017 02:00:00,2874.50000,20/12/2017 21:00:00,2862.00000,@ES,1,1,-625.00,100.0000,-850.0000,
25/12/2017 18:00:00,2867.75000,27/12/2017 12:00:00,2865.00000,@ES,1,1,-137.50,87.5000,-287.5000,
28/12/2017 08:00:00,2867.00000,02/01/2018 03:00:00,2859.00000,@ES,1,1,-400.00,487.5000,-1037.5000,
11/01/2018 09:00:00,2934.25000,15/01/2018 04:00:00,2971.00000,@ES,1,1,1837.50,2087.5000,-125.0000,
08/03/2018 18:00:00,2918.75000,12/03/2018 12:00:00,2963.50000,@ES,1,1,2237.50,3000.0000,-487.5000,
30/04/2018 03:00:00,2853.50000,01/05/2018 10:00:00,2805.50000,@ES,1,1,-2400.00,112.5000,-2300.0000,
15/05/2018 14:00:00,2884.25000,17/05/2018 09:00:00,2892.00000,@ES,1,1,387.50,862.5000,-512.5000,
24/05/2018 23:00:00,2909.75000,28/05/2018 22:00:00,2893.25000,@ES,1,1,-825.00,25.0000,-1125.0000,
01/06/2018 07:00:00,2892.25000,05/06/2018 02:00:00,2917.50000,@ES,1,1,1262.50,1525.0000,-200.0000,
06/06/2018 02:00:00,2930.50000,07/06/2018 21:00:00,2947.25000,@ES,1,1,837.50,1137.5000,-450.0000,
14/06/2018 15:00:00,2958.50000,18/06/2018 10:00:00,2936.50000,@ES,1,1,-1100.00,62.5000,-1375.0000,
27/06/2018 07:00:00,2891.00000,29/06/2018 02:00:00,2899.00000,@ES,1,1,400.00,1337.5000,-1400.0000,
05/07/2018 05:00:00,2896.50000,09/07/2018,2943.00000,@ES,1,1,2325.00,2387.5000,-487.5000,
11/07/2018 08:00:00,2949.50000,13/07/2018 03:00:00,2974.50000,@ES,1,1,1250.00,1375.0000,-375.0000,
20/07/2018 03:00:00,2973.50000,23/07/2018 22:00:00,2987.25000,@ES,1,1,687.50,700.0000,-562.5000,
24/07/2018 01:00:00,2988.25000,25/07/2018 20:00:00,3007.00000,@ES,1,1,937.50,1550.0000,-375.0000,
27/07/2018 15:00:00,2990.75000,31/07/2018 10:00:00,2981.25000,@ES,1,1,-475.00,37.5000,-1137.5000,
07/08/2018 01:00:00,3022.25000,08/08/2018 20:00:00,3024.50000,@ES,1,1,112.50,562.5000,-37.5000,
09/08/2018 06:00:00,3027.75000,13/08/2018 01:00:00,2991.75000,@ES,1,1,-1800.00,237.5000,-1875.0000,
14/08/2018 12:00:00,3011.00000,16/08/2018 07:00:00,3005.75000,@ES,1,1,-262.50,112.5000,-1912.5000,
20/08/2018 07:00:00,3028.25000,22/08/2018 02:00:00,3024.25000,@ES,1,1,-200.00,775.0000,-612.5000,
24/08/2018 03:00:00,3032.25000,27/08/2018 22:00:00,3072.50000,@ES,1,1,2012.50,2062.5000,-50.0000,
28/08/2018 07:00:00,3071.50000,30/08/2018 02:00:00,3080.75000,@ES,1,1,462.50,787.5000,-375.0000,
30/08/2018 08:00:00,3081.25000,03/09/2018 03:00:00,3073.50000,@ES,1,1,-387.50,75.0000,-987.5000,
03/09/2018 06:00:00,3080.50000,05/09/2018 04:00:00,3057.75000,@ES,1,1,-1137.50,87.5000,-1275.0000,
13/09/2018 22:00:00,3076.50000,17/09/2018 16:00:00,3060.00000,@ES,1,1,-825.00,275.0000,-975.0000,
18/09/2018 01:00:00,3059.25000,19/09/2018 20:00:00,3082.00000,@ES,1,1,1137.50,1212.5000,-12.5000,
20/09/2018 05:00:00,3081.75000,24/09/2018,3092.75000,@ES,1,1,550.00,1500.0000,-37.5000,
27/09/2018 08:00:00,3079.75000,01/10/2018 03:00:00,3098.25000,@ES,1,1,925.00,1050.0000,-350.0000,
05/11/2018 23:00:00,2905.50000,07/11/2018 15:00:00,2975.50000,@ES,1,1,3500.00,3500.0000,-550.0000,
26/11/2018 02:00:00,2810.00000,27/11/2018 21:00:00,2846.75000,@ES,1,1,1837.50,2175.0000,0.0000,
28/11/2018 09:00:00,2861.75000,30/11/2018 04:00:00,2900.50000,@ES,1,1,1937.50,2875.0000,-637.5000,
01/01/2019 18:00:00,2673.75000,02/01/2019 03:00:00,2625.75000,@ES,1,1,-2400.00,412.5000,-2250.0000,
08/01/2019 18:00:00,2736.75000,10/01/2019 12:00:00,2749.00000,@ES,1,1,612.50,1037.5000,-775.0000,
14/01/2019 12:00:00,2747.50000,16/01/2019 07:00:00,2771.25000,@ES,1,1,1187.50,1512.5000,-487.5000,
17/01/2019 05:00:00,2766.00000,18/01/2019 12:00:00,2836.00000,@ES,1,1,3500.00,3462.5000,-250.0000,
25/01/2019 05:00:00,2813.50000,29/01/2019,2795.00000,@ES,1,1,-925.00,987.5000,-1525.0000,
12/02/2019 05:00:00,2886.75000,14/02/2019,2913.50000,@ES,1,1,1337.50,1800.0000,-100.0000,
19/02/2019 11:00:00,2938.25000,21/02/2019 06:00:00,2950.25000,@ES,1,1,600.00,1025.0000,-212.5000,
22/02/2019,2934.25000,25/02/2019 19:00:00,2955.25000,@ES,1,1,1050.00,2025.0000,0.0000,
01/03/2019,2957.75000,04/03/2019 19:00:00,2951.75000,@ES,1,1,-300.00,1137.5000,-1475.0000,
07/03/2019 07:00:00,2927.00000,11/03/2019 02:00:00,2907.25000,@ES,1,1,-987.50,500.0000,-2262.5000,
13/03/2019 06:00:00,2955.75000,15/03/2019 01:00:00,2975.00000,@ES,1,1,962.50,1300.0000,-62.5000,
18/03/2019,2986.50000,19/03/2019 19:00:00,2989.50000,@ES,1,1,150.00,1375.0000,-187.5000,
02/04/2019 13:00:00,3026.25000,04/04/2019 08:00:00,3032.25000,@ES,1,1,300.00,912.5000,-287.5000,
10/04/2019 05:00:00,3043.25000,12/04/2019,3049.75000,@ES,1,1,325.00,600.0000,-237.5000,
12/04/2019 06:00:00,3061.00000,16/04/2019 01:00:00,3068.50000,@ES,1,1,375.00,450.0000,-262.5000,
17/04/2019 07:00:00,3072.75000,22/04/2019 02:00:00,3059.50000,@ES,1,1,-662.50,300.0000,-1400.0000,
24/04/2019 03:00:00,3090.75000,25/04/2019 22:00:00,3077.75000,@ES,1,1,-650.00,200.0000,-1062.5000,
26/04/2019 08:00:00,3081.75000,30/04/2019 03:00:00,3096.25000,@ES,1,1,725.00,1250.0000,-362.5000,
30/04/2019 15:00:00,3102.25000,02/05/2019 10:00:00,3082.75000,@ES,1,1,-975.00,712.5000,-1575.0000,
03/05/2019 03:00:00,3079.00000,06/05/2019 22:00:00,3071.25000,@ES,1,1,-387.50,1287.5000,-2012.5000,
20/05/2019,3028.00000,21/05/2019 19:00:00,3023.00000,@ES,1,1,-250.00,25.0000,-2012.5000,
26/05/2019 22:00:00,2987.75000,28/05/2019 21:00:00,2950.50000,@ES,1,1,-1862.50,437.5000,-1975.0000,
12/06/2019 08:00:00,3038.00000,14/06/2019 03:00:00,3045.00000,@ES,1,1,350.00,800.0000,-762.5000,
18/06/2019 06:00:00,3057.50000,20/06/2019 01:00:00,3096.25000,@ES,1,1,1937.50,1962.5000,-12.5000,
21/06/2019 05:00:00,3109.25000,25/06/2019,3096.75000,@ES,1,1,-625.00,562.5000,-662.5000,
25/06/2019 03:00:00,3098.25000,26/06/2019 22:00:00,3077.00000,@ES,1,1,-1062.50,300.0000,-1625.0000,
27/06/2019 05:00:00,3083.25000,01/07/2019,3121.00000,@ES,1,1,1887.50,2275.0000,-712.5000,
01/07/2019 03:00:00,3130.00000,02/07/2019 22:00:00,3126.50000,@ES,1,1,-175.00,150.0000,-1162.5000,
03/07/2019 03:00:00,3129.75000,05/07/2019 05:00:00,3145.50000,@ES,1,1,787.50,1375.0000,0.0000,
05/07/2019 08:00:00,3148.00000,09/07/2019 10:00:00,3122.75000,@ES,1,1,-1262.50,50.0000,-1662.5000,
10/07/2019 18:00:00,3149.50000,12/07/2019 12:00:00,3161.25000,@ES,1,1,587.50,725.0000,-287.5000,
16/07/2019 23:00:00,3160.50000,18/07/2019 18:00:00,3155.00000,@ES,1,1,-275.00,187.5000,-1737.5000,
26/07/2019 11:00:00,3171.75000,30/07/2019 06:00:00,3166.50000,@ES,1,1,-262.50,450.0000,-400.0000,
21/08/2019 11:00:00,3078.25000,23/08/2019 06:00:00,3084.00000,@ES,1,1,287.50,637.5000,-1137.5000,
04/09/2019 18:00:00,3090.75000,06/09/2019 12:00:00,3131.50000,@ES,1,1,2037.50,2437.5000,-125.0000,
09/09/2019 07:00:00,3141.00000,11/09/2019 02:00:00,3132.75000,@ES,1,1,-412.50,87.5000,-1625.0000,
11/09/2019 09:00:00,3135.75000,13/09/2019 04:00:00,3169.50000,@ES,1,1,1687.50,1862.5000,-137.5000,
16/09/2019 09:00:00,3150.25000,18/09/2019 04:00:00,3154.50000,@ES,1,1,212.50,412.5000,-375.0000,
20/09/2019 05:00:00,3163.25000,24/09/2019,3154.25000,@ES,1,1,-450.00,212.5000,-1587.5000,
24/09/2019 09:00:00,3156.75000,24/09/2019 13:00:00,3108.75000,@ES,1,1,-2400.00,100.0000,-2300.0000,
26/09/2019 18:00:00,3132.25000,30/09/2019 12:00:00,3129.50000,@ES,1,1,-137.50,512.5000,-1825.0000,
08/10/2019 12:00:00,3059.50000,10/10/2019 07:00:00,3064.75000,@ES,1,1,262.50,1212.5000,-1412.5000,
15/10/2019 04:00:00,3132.00000,16/10/2019 23:00:00,3140.25000,@ES,1,1,412.50,1037.5000,-550.0000,
22/10/2019 12:00:00,3163.50000,24/10/2019 07:00:00,3159.00000,@ES,1,1,-225.00,0.0000,-1600.0000,
28/10/2019 06:00:00,3175.50000,30/10/2019 01:00:00,3182.75000,@ES,1,1,362.50,1012.5000,-25.0000,
30/10/2019 12:00:00,3184.00000,01/11/2019 07:00:00,3192.25000,@ES,1,1,412.50,1025.0000,-712.5000,
03/11/2019 18:00:00,3214.50000,05/11/2019 12:00:00,3222.25000,@ES,1,1,387.50,1037.5000,0.0000,
05/11/2019 22:00:00,3219.50000,07/11/2019 16:00:00,3234.25000,@ES,1,1,737.50,1350.0000,-350.0000,
14/11/2019 02:00:00,3242.25000,17/11/2019 21:00:00,3267.00000,@ES,1,1,1237.50,1337.5000,-550.0000,
19/11/2019 06:00:00,3281.75000,21/11/2019 01:00:00,3253.50000,@ES,1,1,-1412.50,12.5000,-2075.0000,
21/11/2019 02:00:00,3255.00000,24/11/2019 21:00:00,3269.75000,@ES,1,1,737.50,787.5000,-600.0000,
26/11/2019 11:00:00,3287.75000,28/11/2019 06:00:00,3295.25000,@ES,1,1,375.00,837.5000,-212.5000,
29/11/2019 09:00:00,3299.00000,03/12/2019 05:00:00,3251.00000,@ES,1,1,-2400.00,425.0000,-2350.0000,
05/12/2019 18:00:00,3268.50000,09/12/2019 12:00:00,3293.25000,@ES,1,1,1237.50,1600.0000,-50.0000,
20/12/2019 05:00:00,3358.25000,24/12/2019,3374.50000,@ES,1,1,812.50,1137.5000,-50.0000,
24/12/2019 02:00:00,3375.50000,27/12/2019,3395.75000,@ES,1,1,1012.50,1062.5000,-312.5000,
31/12/2019 05:00:00,3373.25000,03/01/2020,3383.75000,@ES,1,1,525.00,1850.0000,-675.0000,
03/01/2020 11:00:00,3387.50000,07/01/2020 06:00:00,3394.00000,@ES,1,1,325.00,687.5000,-1600.0000,
08/01/2020 11:00:00,3396.25000,10/01/2020 06:00:00,3430.00000,@ES,1,1,1687.50,1787.5000,-262.5000,
16/01/2020 02:00:00,3446.75000,19/01/2020 21:00:00,3473.50000,@ES,1,1,1337.50,1512.5000,-37.5000,
21/01/2020 11:00:00,3469.75000,23/01/2020 06:00:00,3467.00000,@ES,1,1,-137.50,725.0000,-550.0000,
11/02/2020 22:00:00,3508.00000,13/02/2020 16:00:00,3521.25000,@ES,1,1,662.50,1175.0000,-637.5000,
18/02/2020 05:00:00,3514.75000,20/02/2020,3529.25000,@ES,1,1,725.00,1475.0000,-637.5000,
07/05/2020 02:00:00,3011.50000,08/05/2020 15:00:00,3081.50000,@ES,1,1,3500.00,3475.0000,0.0000,
12/05/2020 05:00:00,3076.50000,12/05/2020 15:00:00,3028.50000,@ES,1,1,-2400.00,1037.5000,-2237.5000,
17/05/2020 18:00:00,3017.75000,18/05/2020 08:00:00,3087.75000,@ES,1,1,3500.00,3237.5000,-487.5000,
21/05/2020 18:00:00,3103.50000,25/05/2020 12:00:00,3146.50000,@ES,1,1,2150.00,2225.0000,-2087.5000,
25/05/2020 23:00:00,3153.75000,27/05/2020 18:00:00,3193.00000,@ES,1,1,1962.50,2187.5000,-1512.5000,
02/06/2020 03:00:00,3209.00000,03/06/2020 15:00:00,3279.00000,@ES,1,1,3500.00,3487.5000,-162.5000,
18/06/2020 18:00:00,3274.00000,19/06/2020 16:00:00,3226.00000,@ES,1,1,-2400.00,1962.5000,-1987.5000,
16/07/2020 15:00:00,3374.00000,20/07/2020 10:00:00,3379.00000,@ES,1,1,250.00,987.5000,-762.5000,
26/07/2020 18:00:00,3379.25000,28/07/2020 12:00:00,3397.25000,@ES,1,1,900.00,1800.0000,-937.5000,
30/07/2020 07:00:00,3395.00000,03/08/2020 02:00:00,3432.50000,@ES,1,1,1875.00,2362.5000,-1575.0000,
04/08/2020 18:00:00,3469.25000,06/08/2020 12:00:00,3484.50000,@ES,1,1,762.50,1425.0000,-437.5000,
10/08/2020 05:00:00,3519.50000,12/08/2020,3501.75000,@ES,1,1,-887.50,1400.0000,-1575.0000,
12/08/2020 05:00:00,3525.25000,14/08/2020,3541.25000,@ES,1,1,800.00,1287.5000,-425.0000,
16/08/2020 18:00:00,3536.75000,18/08/2020 12:00:00,3551.75000,@ES,1,1,750.00,1087.5000,-175.0000,
18/08/2020 23:00:00,3560.50000,20/08/2020 18:00:00,3552.00000,@ES,1,1,-425.00,187.5000,-2362.5000,
23/08/2020 18:00:00,3567.25000,25/08/2020 12:00:00,3594.75000,@ES,1,1,1375.00,2500.0000,-262.5000,
30/08/2020 22:00:00,3692.25000,01/09/2020 16:00:00,3693.50000,@ES,1,1,62.50,137.5000,-1975.0000,
07/09/2020 20:00:00,3612.00000,08/09/2020 05:00:00,3564.00000,@ES,1,1,-2400.00,175.0000,-2362.5000,
13/09/2020 18:00:00,3518.75000,15/09/2020 12:00:00,3580.50000,@ES,1,1,3087.50,3450.0000,-187.5000,
22/09/2020 18:00:00,3482.75000,23/09/2020 14:00:00,3434.75000,@ES,1,1,-2400.00,787.5000,-2187.5000,
30/09/2020 08:00:00,3500.25000,02/10/2020 03:00:00,3505.75000,@ES,1,1,275.00,3325.0000,-1062.5000,
02/10/2020 08:00:00,3504.00000,05/10/2020 15:00:00,3574.00000,@ES,1,1,3500.00,3462.5000,-987.5000,
05/10/2020 23:00:00,3575.75000,06/10/2020 15:00:00,3527.75000,@ES,1,1,-2400.00,1237.5000,-2000.0000,
11/10/2020 23:00:00,3655.75000,13/10/2020 18:00:00,3680.75000,@ES,1,1,1250.00,3200.0000,-62.5000,
19/10/2020 03:00:00,3665.75000,19/10/2020 14:00:00,3617.75000,@ES,1,1,-2400.00,475.0000,-2225.0000,
23/10/2020 05:00:00,3638.75000,26/10/2020 03:00:00,3590.75000,@ES,1,1,-2400.00,125.0000,-2337.5000,
11/11/2020 08:00:00,3752.00000,12/11/2020 13:00:00,3704.00000,@ES,1,1,-2400.00,175.0000,-2387.5000,
13/11/2020 01:00:00,3714.75000,15/11/2020 18:00:00,3784.75000,@ES,1,1,3500.00,3437.5000,-200.0000,
26/11/2020 02:00:00,3816.75000,30/11/2020 04:00:00,3800.25000,@ES,1,1,-825.00,700.0000,-1762.5000,
01/12/2020 02:00:00,3833.50000,02/12/2020 21:00:00,3846.75000,@ES,1,1,662.50,1137.5000,-625.0000,
06/12/2020 18:00:00,3878.75000,08/12/2020 12:00:00,3875.00000,@ES,1,1,-187.50,250.0000,-1787.5000,
09/12/2020 02:00:00,3891.25000,09/12/2020 13:00:00,3843.25000,@ES,1,1,-2400.00,75.0000,-2337.5000,
10/12/2020 18:00:00,3849.75000,14/12/2020 12:00:00,3857.50000,@ES,1,1,387.50,1437.5000,-2100.0000,
15/12/2020 18:00:00,3876.75000,17/12/2020 12:00:00,3895.25000,@ES,1,1,925.00,1387.5000,-487.5000,
27/12/2020 18:00:00,3883.00000,29/12/2020 12:00:00,3919.00000,@ES,1,1,1800.00,2587.5000,0.0000,
30/12/2020 05:00:00,3921.25000,04/01/2021,3935.50000,@ES,1,1,712.50,1062.5000,-962.5000,
13/01/2021 12:00:00,3990.75000,15/01/2021 07:00:00,3964.00000,@ES,1,1,-1337.50,700.0000,-1925.0000,
18/01/2021 08:00:00,3951.00000,20/01/2021 07:00:00,3990.25000,@ES,1,1,1962.50,2212.5000,-187.5000,
22/01/2021 11:00:00,4024.25000,25/01/2021 11:00:00,3976.25000,@ES,1,1,-2400.00,800.0000,-1737.5000,
04/02/2021 05:00:00,4017.75000,08/02/2021,4084.00000,@ES,1,1,3312.50,3487.5000,-475.0000,
09/02/2021 22:00:00,4107.00000,11/02/2021 16:00:00,4098.25000,@ES,1,1,-437.50,425.0000,-2087.5000,
12/02/2021,4094.00000,15/02/2021 23:00:00,4145.00000,@ES,1,1,2550.00,2575.0000,-837.5000,
17/02/2021 18:00:00,4115.25000,19/02/2021 12:00:00,4108.00000,@ES,1,1,-362.50,387.5000,-2387.5000,
14/03/2021 18:00:00,4135.25000,16/03/2021 12:00:00,4159.25000,@ES,1,1,1200.00,1612.5000,-1275.0000,
25/03/2021 06:00:00,4086.25000,26/03/2021 15:00:00,4156.25000,@ES,1,1,3500.00,2900.0000,-2312.5000,
31/03/2021 22:00:00,4169.50000,05/04/2021,4224.25000,@ES,1,1,2737.50,3262.5000,-412.5000,
07/04/2021 21:00:00,4277.00000,09/04/2021 15:00:00,4298.00000,@ES,1,1,1050.00,1187.5000,-362.5000,
13/04/2021 05:00:00,4320.25000,15/04/2021,4319.50000,@ES,1,1,-37.50,1025.0000,-1112.5000,
15/04/2021 12:00:00,4356.00000,19/04/2021 07:00:00,4363.75000,@ES,1,1,387.50,1212.5000,-275.0000,
19/04/2021 18:00:00,4355.75000,20/04/2021 11:00:00,4307.75000,@ES,1,1,-2400.00,412.5000,-2162.5000,
22/04/2021 23:00:00,4333.75000,26/04/2021 18:00:00,4378.25000,@ES,1,1,2225.00,2487.5000,-475.0000,
26/04/2021 23:00:00,4380.00000,28/04/2021 18:00:00,4381.50000,@ES,1,1,75.00,525.0000,-825.0000,
24/05/2021 05:00:00,4369.50000,26/05/2021,4394.50000,@ES,1,1,1250.00,2000.0000,-225.0000,
01/06/2021 09:00:00,4422.75000,03/06/2021 04:00:00,4395.75000,@ES,1,1,-1350.00,200.0000,-1762.5000,
06/06/2021 18:00:00,4429.00000,08/06/2021 12:00:00,4419.50000,@ES,1,1,-475.00,225.0000,-1325.0000,
10/06/2021 05:00:00,4418.25000,14/06/2021,4446.75000,@ES,1,1,1425.00,1587.5000,-737.5000,
16/06/2021 08:00:00,4442.25000,16/06/2021 20:00:00,4394.25000,@ES,1,1,-2400.00,275.0000,-2287.5000,
24/06/2021 12:00:00,4463.50000,28/06/2021 07:00:00,4478.00000,@ES,1,1,725.00,1062.5000,-212.5000,
29/06/2021 03:00:00,4484.50000,30/06/2021 22:00:00,4504.00000,@ES,1,1,975.00,1000.0000,-450.0000,
01/07/2021 09:00:00,4503.25000,05/07/2021 04:00:00,4541.25000,@ES,1,1,1900.00,2500.0000,-162.5000,
07/07/2021 05:00:00,4549.00000,08/07/2021 06:00:00,4501.00000,@ES,1,1,-2400.00,525.0000,-2325.0000,
21/07/2021 21:00:00,4561.75000,23/07/2021 15:00:00,4608.50000,@ES,1,1,2337.50,2500.0000,-700.0000,
25/07/2021 18:00:00,4610.00000,27/07/2021 12:00:00,4587.00000,@ES,1,1,-1150.00,650.0000,-1562.5000,
04/08/2021 22:00:00,4609.75000,06/08/2021 16:00:00,4635.75000,@ES,1,1,1300.00,1487.5000,-487.5000,
10/08/2021,4626.00000,11/08/2021 19:00:00,4645.75000,@ES,1,1,987.50,1175.0000,-50.0000,
27/08/2021 05:00:00,4688.00000,31/08/2021,4737.00000,@ES,1,1,2450.00,2637.5000,-412.5000,
02/09/2021 22:00:00,4744.50000,06/09/2021 21:00:00,4744.25000,@ES,1,1,-12.50,562.5000,-950.0000,
09/09/2021 07:00:00,4709.25000,13/09/2021 02:00:00,4674.25000,@ES,1,1,-1750.00,1300.0000,-2362.5000,
17/09/2021 03:00:00,4686.25000,17/09/2021 11:00:00,4638.25000,@ES,1,1,-2400.00,87.5000,-2337.5000,
28/09/2021 09:00:00,4618.00000,28/09/2021 10:00:00,4570.00000,@ES,1,1,-2400.00,362.5000,-2362.5000,
19/10/2021 04:00:00,4704.50000,20/10/2021 23:00:00,4741.50000,@ES,1,1,1850.00,2162.5000,-87.5000,
21/10/2021 05:00:00,4734.25000,25/10/2021,4754.25000,@ES,1,1,1000.00,1637.5000,-275.0000,
27/10/2021 03:00:00,4788.25000,28/10/2021 22:00:00,4786.00000,@ES,1,1,-112.50,850.0000,-1450.0000,
08/11/2021 02:00:00,4900.50000,09/11/2021 21:00:00,4884.75000,@ES,1,1,-787.50,1100.0000,-1087.5000,
12/11/2021 05:00:00,4866.25000,16/11/2021,4894.25000,@ES,1,1,1400.00,2337.5000,-250.0000,
16/11/2021 08:00:00,4899.00000,18/11/2021 03:00:00,4910.50000,@ES,1,1,575.00,1312.5000,-500.0000,
28/11/2021 18:00:00,4816.50000,30/11/2021 12:00:00,4792.00000,@ES,1,1,-1225.00,3437.5000,-1762.5000,
29/12/2021 02:00:00,5009.50000,30/12/2021 21:00:00,4992.00000,@ES,1,1,-875.00,625.0000,-1837.5000,
31/12/2021 02:00:00,4990.50000,03/01/2022 21:00:00,5006.50000,@ES,1,1,800.00,1150.0000,-1037.5000,
29/03/2022 03:00:00,4812.75000,30/03/2022 22:00:00,4840.75000,@ES,1,1,1400.00,2450.0000,-362.5000,
18/04/2022 23:00:00,4630.00000,20/04/2022 07:00:00,4700.00000,@ES,1,1,3500.00,3387.5000,-1375.0000,
24/06/2022 05:00:00,4058.75000,24/06/2022 15:00:00,4128.75000,@ES,1,1,3500.00,3500.0000,-337.5000,
07/07/2022 03:00:00,4091.50000,10/07/2022 22:00:00,4106.00000,@ES,1,1,725.00,2962.5000,-662.5000,
24/07/2022 18:00:00,4196.50000,26/07/2022 11:00:00,4148.50000,@ES,1,1,-2400.00,1050.0000,-2212.5000,
31/07/2022 18:00:00,4366.25000,02/08/2022 03:00:00,4318.25000,@ES,1,1,-2400.00,487.5000,-2337.5000,
03/08/2022 07:00:00,4341.00000,05/08/2022 02:00:00,4392.00000,@ES,1,1,2550.00,3050.0000,-212.5000,
07/08/2022 18:00:00,4378.50000,09/08/2022 12:00:00,4353.00000,@ES,1,1,-1275.00,1912.5000,-1775.0000,
10/08/2022 15:00:00,4436.75000,12/08/2022 10:00:00,4465.25000,@ES,1,1,1425.00,2625.0000,-262.5000,
15/08/2022 11:00:00,4509.00000,17/08/2022 06:00:00,4514.00000,@ES,1,1,250.00,2362.5000,-75.0000,
24/08/2022 02:00:00,4355.75000,25/08/2022 15:00:00,4425.75000,@ES,1,1,3500.00,3412.5000,-812.5000,
02/09/2022 02:00:00,4199.50000,02/09/2022 15:00:00,4151.50000,@ES,1,1,-2400.00,2425.0000,-2375.0000,
05/09/2022 20:00:00,4172.50000,06/09/2022 10:00:00,4124.50000,@ES,1,1,-2400.00,975.0000,-1787.5000,
08/09/2022 22:00:00,4247.75000,12/09/2022 04:00:00,4317.75000,@ES,1,1,3500.00,3475.0000,-400.0000,
19/09/2022 08:00:00,4075.00000,19/09/2022 20:00:00,4145.00000,@ES,1,1,3500.00,3412.5000,-487.5000,
23/09/2022 09:00:00,3940.75000,23/09/2022 12:00:00,3892.75000,@ES,1,1,-2400.00,537.5000,-2262.5000,
19/10/2022 05:00:00,3954.75000,19/10/2022 12:00:00,3906.75000,@ES,1,1,-2400.00,525.0000,-2275.0000,
20/10/2022 22:00:00,3881.25000,21/10/2022 12:00:00,3951.25000,@ES,1,1,3500.00,3425.0000,-1387.5000,
25/10/2022 11:00:00,4063.25000,27/10/2022 06:00:00,4053.25000,@ES,1,1,-500.00,2312.5000,-1350.0000,
04/11/2022 02:00:00,3952.25000,07/11/2022 14:00:00,4022.25000,@ES,1,1,3500.00,3262.5000,-1462.5000,
07/11/2022 18:00:00,4028.50000,09/11/2022 12:00:00,4017.00000,@ES,1,1,-575.00,2525.0000,-1412.5000,
14/11/2022 03:00:00,4205.25000,15/11/2022 22:00:00,4207.75000,@ES,1,1,125.00,2875.0000,-1662.5000,
20/11/2022 18:00:00,4186.75000,22/11/2022 12:00:00,4198.00000,@ES,1,1,562.50,737.5000,-1862.5000,
22/11/2022 18:00:00,4222.75000,24/11/2022 12:00:00,4257.25000,@ES,1,1,1725.00,1925.0000,-437.5000,
28/11/2022 22:00:00,4189.00000,30/11/2022 15:00:00,4259.00000,@ES,1,1,3500.00,3350.0000,-1787.5000,
04/12/2022 18:00:00,4287.75000,05/12/2022 10:00:00,4239.75000,@ES,1,1,-2400.00,0.0000,-1837.5000,
07/12/2022 18:00:00,4150.50000,09/12/2022 12:00:00,4190.00000,@ES,1,1,1975.00,2725.0000,-1112.5000,
13/12/2022 02:00:00,4210.25000,13/12/2022 08:00:00,4280.25000,@ES,1,1,3500.00,3337.5000,-337.5000,
18/12/2022 18:00:00,4060.25000,19/12/2022 14:00:00,4012.25000,@ES,1,1,-2400.00,987.5000,-2300.0000,
19/12/2022 18:00:00,4026.75000,21/12/2022 11:00:00,4096.75000,@ES,1,1,3500.00,3500.0000,-2112.5000,
26/12/2022 18:00:00,4059.00000,28/12/2022 11:00:00,4011.00000,@ES,1,1,-2400.00,1125.0000,-2350.0000,
29/12/2022 08:00:00,4007.00000,02/01/2023 18:00:00,4077.00000,@ES,1,1,3500.00,3450.0000,-225.0000,
03/01/2023 02:00:00,4055.25000,03/01/2023 11:00:00,4007.25000,@ES,1,1,-2400.00,1625.0000,-2162.5000,
13/01/2023 12:00:00,4179.75000,17/01/2023 11:00:00,4195.75000,@ES,1,1,800.00,1825.0000,-287.5000,
20/01/2023 02:00:00,4107.75000,23/01/2023 08:00:00,4177.75000,@ES,1,1,3500.00,3475.0000,-750.0000,
26/01/2023 03:00:00,4226.00000,29/01/2023 22:00:00,4255.75000,@ES,1,1,1487.50,3212.5000,-887.5000,
09/02/2023,4320.75000,09/02/2023 15:00:00,4272.75000,@ES,1,1,-2400.00,1525.0000,-2362.5000,
12/02/2023 18:00:00,4286.00000,14/02/2023 08:00:00,4356.00000,@ES,1,1,3500.00,3100.0000,-1312.5000,
17/02/2023 12:00:00,4251.75000,21/02/2023 11:00:00,4208.50000,@ES,1,1,-2162.50,987.5000,-2187.5000,
22/02/2023 09:00:00,4198.50000,24/02/2023 04:00:00,4188.00000,@ES,1,1,-525.00,837.5000,-2162.5000,
27/03/2023 01:00:00,4169.00000,28/03/2023 20:00:00,4157.50000,@ES,1,1,-575.00,575.0000,-2100.0000,
29/03/2023 03:00:00,4175.75000,30/03/2023 22:00:00,4237.75000,@ES,1,1,3100.00,3237.5000,-75.0000,
20/04/2023 12:00:00,4309.00000,24/04/2023 07:00:00,4297.50000,@ES,1,1,-575.00,450.0000,-1462.5000,
27/04/2023,4232.75000,27/04/2023 15:00:00,4302.75000,@ES,1,1,3500.00,3462.5000,-12.5000,
30/04/2023 22:00:00,4334.50000,02/05/2023 10:00:00,4286.50000,@ES,1,1,-2400.00,900.0000,-2125.0000,
04/05/2023 15:00:00,4234.25000,05/05/2023 14:00:00,4304.25000,@ES,1,1,3500.00,3475.0000,-850.0000,
11/05/2023 05:00:00,4314.50000,12/05/2023 12:00:00,4266.50000,@ES,1,1,-2400.00,12.5000,-2362.5000,
18/05/2023 22:00:00,4365.00000,22/05/2023 16:00:00,4351.75000,@ES,1,1,-662.50,425.0000,-1612.5000,
26/05/2023 12:00:00,4357.00000,30/05/2023 11:00:00,4365.50000,@ES,1,1,425.00,1625.0000,-337.5000,
31/05/2023 15:00:00,4345.50000,02/06/2023 09:00:00,4415.50000,@ES,1,1,3500.00,3487.5000,-1062.5000,
07/06/2023 09:00:00,4443.00000,09/06/2023 04:00:00,4436.75000,@ES,1,1,-312.50,400.0000,-1700.0000,
19/06/2023 03:00:00,4556.75000,21/06/2023 02:00:00,4534.75000,@ES,1,1,-1100.00,312.5000,-2200.0000,
21/06/2023 12:00:00,4523.25000,23/06/2023 07:00:00,4502.75000,@ES,1,1,-1025.00,487.5000,-1400.0000,
25/06/2023 18:00:00,4494.25000,27/06/2023 12:00:00,4500.50000,@ES,1,1,312.50,550.0000,-1175.0000,
28/06/2023 03:00:00,4515.75000,29/06/2023 22:00:00,4541.75000,@ES,1,1,1300.00,1362.5000,-712.5000,
30/06/2023 03:00:00,4543.50000,04/07/2023 01:00:00,4594.25000,@ES,1,1,2537.50,2837.5000,-50.0000,
04/07/2023 11:00:00,4593.50000,06/07/2023 08:00:00,4545.50000,@ES,1,1,-2400.00,75.0000,-2312.5000,
07/07/2023 11:00:00,4553.50000,11/07/2023 06:00:00,4552.75000,@ES,1,1,-37.50,1237.5000,-2000.0000,
11/07/2023 07:00:00,4553.75000,12/07/2023 10:00:00,4623.75000,@ES,1,1,3500.00,3500.0000,-475.0000,
12/07/2023 22:00:00,4617.00000,14/07/2023 16:00:00,4641.50000,@ES,1,1,1225.00,2287.5000,-37.5000,
18/07/2023 03:00:00,4654.75000,19/07/2023 22:00:00,4692.25000,@ES,1,1,1875.00,2837.5000,-387.5000,
21/07/2023 08:00:00,4680.25000,25/07/2023 03:00:00,4690.50000,@ES,1,1,512.50,725.0000,-900.0000,
25/07/2023 11:00:00,4694.00000,27/07/2023 06:00:00,4723.00000,@ES,1,1,1450.00,1550.0000,-900.0000,
09/08/2023 22:00:00,4602.25000,11/08/2023 16:00:00,4584.25000,@ES,1,1,-900.00,2237.5000,-2050.0000,
14/08/2023 18:00:00,4610.00000,15/08/2023 10:00:00,4562.00000,@ES,1,1,-2400.00,500.0000,-2325.0000,
21/08/2023 07:00:00,4508.75000,23/08/2023 02:00:00,4517.25000,@ES,1,1,425.00,1675.0000,-1712.5000,
31/08/2023 05:00:00,4633.50000,04/09/2023,4624.25000,@ES,1,1,-462.50,825.0000,-1200.0000,
06/09/2023,4602.00000,06/09/2023 12:00:00,4554.00000,@ES,1,1,-2400.00,62.5000,-2387.5000,
14/09/2023 01:00:00,4585.00000,17/09/2023 20:00:00,4558.50000,@ES,1,1,-1325.00,1687.5000,-1912.5000,
25/09/2023 11:00:00,4416.75000,26/09/2023 13:00:00,4368.75000,@ES,1,1,-2400.00,975.0000,-2312.5000,
06/10/2023 05:00:00,4349.50000,06/10/2023 08:00:00,4301.50000,@ES,1,1,-2400.00,425.0000,-275.0000,
07/11/2023 05:00:00,4430.25000,09/11/2023,4449.25000,@ES,1,1,950.00,1512.5000,-575.0000,
09/11/2023 03:00:00,4452.75000,12/11/2023 22:00:00,4465.50000,@ES,1,1,637.50,1775.0000,-2287.5000,
17/11/2023 05:00:00,4588.25000,21/11/2023,4616.75000,@ES,1,1,1425.00,1775.0000,-1137.5000,
22/11/2023 11:00:00,4624.25000,24/11/2023 10:00:00,4621.00000,@ES,1,1,-162.50,200.0000,-812.5000,
27/11/2023 05:00:00,4613.50000,29/11/2023,4622.50000,@ES,1,1,450.00,825.0000,-687.5000,
29/11/2023 06:00:00,4632.00000,01/12/2023 01:00:00,4626.75000,@ES,1,1,-262.50,887.5000,-1725.0000,
04/12/2023 22:00:00,4621.25000,06/12/2023 16:00:00,4609.00000,@ES,1,1,-612.50,1500.0000,-825.0000,
07/12/2023 21:00:00,4640.50000,11/12/2023 15:00:00,4673.00000,@ES,1,1,1625.00,1787.5000,-1300.0000,
11/12/2023 18:00:00,4678.50000,13/12/2023 12:00:00,4702.00000,@ES,1,1,1175.00,1537.5000,-812.5000,
19/12/2023 09:00:00,4804.00000,20/12/2023 15:00:00,4756.00000,@ES,1,1,-2400.00,1337.5000,-2212.5000,
02/01/2024 02:00:00,4822.50000,02/01/2024 09:00:00,4774.50000,@ES,1,1,-2400.00,275.0000,-2262.5000,
10/01/2024 02:00:00,4791.25000,11/01/2024 21:00:00,4807.25000,@ES,1,1,800.00,2337.5000,-925.0000,
15/01/2024 01:00:00,4818.50000,17/01/2024,4789.50000,@ES,1,1,-1450.00,225.0000,-1950.0000,
25/01/2024 02:00:00,4901.75000,28/01/2024 21:00:00,4912.25000,@ES,1,1,525.00,1625.0000,-312.5000,
28/01/2024 22:00:00,4912.50000,30/01/2024 16:00:00,4949.50000,@ES,1,1,1850.00,2237.5000,-150.0000,
09/02/2024 05:00:00,5022.25000,13/02/2024,5032.75000,@ES,1,1,525.00,2212.5000,-300.0000,
