14/10/2010 19:00:00,1181.00000,20/10/2010 03:00:00,1172.00000,@ES,1,1,-450.00,400.0000,-937.5000,
27/10/2010 02:00:00,1183.00000,01/11/2010 10:00:00,1195.00000,@ES,1,1,600.00,675.0000,-425.0000,
03/11/2010,1199.00000,08/11/2010 08:00:00,1225.00000,@ES,1,1,1300.00,1612.5000,-637.5000,
09/11/2010 18:00:00,1216.00000,15/11/2010 02:00:00,1205.00000,@ES,1,1,-550.00,387.5000,-887.5000,
15/11/2010 14:00:00,1208.75000,18/11/2010 23:00:00,1201.25000,@ES,1,1,-375.00,37.5000,-1550.0000,
25/11/2010 09:00:00,1200.75000,01/12/2010 02:00:00,1189.25000,@ES,1,1,-575.00,325.0000,-1087.5000,
02/12/2010 19:00:00,1228.25000,08/12/2010 03:00:00,1226.50000,@ES,1,1,-87.50,675.0000,-425.0000,
08/12/2010 06:00:00,1227.50000,13/12/2010 14:00:00,1252.75000,@ES,1,1,1262.50,1287.5000,-87.5000,
15/12/2010 18:00:00,1242.50000,21/12/2010 02:00:00,1258.25000,@ES,1,1,787.50,800.0000,-162.5000,
05/01/2011 02:00:00,1273.50000,10/01/2011 10:00:00,1270.50000,@ES,1,1,-150.00,762.5000,-300.0000,
12/01/2011 15:00:00,1292.50000,18/01/2011 05:00:00,1303.50000,@ES,1,1,550.00,550.0000,-325.0000,
23/01/2011 18:00:00,1290.50000,27/01/2011 02:00:00,1307.00000,@ES,1,1,825.00,900.0000,-87.5000,
03/02/2011 18:00:00,1314.50000,09/02/2011 02:00:00,1331.00000,@ES,1,1,825.00,975.0000,-237.5000,
10/02/2011 13:00:00,1327.50000,15/02/2011 22:00:00,1342.25000,@ES,1,1,737.50,775.0000,-287.5000,
16/02/2011,1342.75000,21/02/2011 08:00:00,1351.25000,@ES,1,1,425.00,600.0000,-175.0000,
21/02/2011 22:00:00,1338.75000,25/02/2011 06:00:00,1322.00000,@ES,1,1,-837.50,375.0000,-1725.0000,
27/02/2011 18:00:00,1329.50000,03/03/2011 02:00:00,1324.75000,@ES,1,1,-237.50,937.5000,-1075.0000,
08/03/2011 14:00:00,1333.50000,13/03/2011 23:00:00,1312.00000,@ES,1,1,-1075.00,162.5000,-1912.5000,
14/03/2011 03:00:00,1311.50000,17/03/2011 11:00:00,1288.50000,@ES,1,1,-1150.00,200.0000,-2675.0000,
17/03/2011 18:00:00,1282.75000,23/03/2011 02:00:00,1300.75000,@ES,1,1,900.00,1525.0000,-225.0000,
24/03/2011,1307.25000,29/03/2011 08:00:00,1322.25000,@ES,1,1,750.00,1237.5000,-62.5000,
01/04/2011 13:00:00,1347.50000,06/04/2011 22:00:00,1345.25000,@ES,1,1,-112.50,287.5000,-387.5000,
10/04/2011 23:00:00,1342.25000,14/04/2011 07:00:00,1318.75000,@ES,1,1,-1175.00,237.5000,-1200.0000,
15/04/2011 01:00:00,1325.25000,20/04/2011 09:00:00,1342.75000,@ES,1,1,875.00,1012.5000,-912.5000,
26/04/2011 07:00:00,1351.50000,29/04/2011 15:00:00,1376.25000,@ES,1,1,1237.50,1312.5000,-12.5000,
03/05/2011 18:00:00,1366.75000,09/05/2011 02:00:00,1357.25000,@ES,1,1,-475.00,250.0000,-1237.5000,
10/05/2011 13:00:00,1365.25000,15/05/2011 22:00:00,1346.00000,@ES,1,1,-962.50,487.5000,-1087.5000,
15/05/2011 23:00:00,1344.00000,19/05/2011 07:00:00,1360.25000,@ES,1,1,812.50,837.5000,-562.5000,
25/05/2011 13:00:00,1333.75000,31/05/2011 03:00:00,1355.75000,@ES,1,1,1100.00,1137.5000,-225.0000,
02/06/2011 18:00:00,1328.00000,08/06/2011 02:00:00,1301.00000,@ES,1,1,-1350.00,75.0000,-1512.5000,
13/06/2011 20:00:00,1289.50000,17/06/2011 04:00:00,1281.50000,@ES,1,1,-400.00,987.5000,-750.0000,
17/06/2011 09:00:00,1296.00000,22/06/2011 18:00:00,1301.50000,@ES,1,1,275.00,1000.0000,-875.0000,
24/06/2011 15:00:00,1286.00000,30/06/2011,1329.00000,@ES,1,1,2150.00,2175.0000,-337.5000,
30/06/2011 15:00:00,1334.75000,06/07/2011 05:00:00,1354.50000,@ES,1,1,987.50,1412.5000,-12.5000,
12/07/2011 13:00:00,1337.00000,17/07/2011 22:00:00,1328.75000,@ES,1,1,-412.50,650.0000,-712.5000,
21/07/2011 14:00:00,1361.50000,26/07/2011 23:00:00,1350.00000,@ES,1,1,-575.00,425.0000,-862.5000,
27/07/2011 19:00:00,1320.75000,02/08/2011 03:00:00,1295.50000,@ES,1,1,-1262.50,725.0000,-1412.5000,
04/08/2011 08:00:00,1265.00000,08/08/2011 18:00:00,1125.00000,@ES,1,1,-7000.00,300.0000,-6987.5000,
08/08/2011 20:00:00,1124.25000,12/08/2011 04:00:00,1180.25000,@ES,1,1,2800.00,4100.0000,-1250.0000,
12/08/2011 14:00:00,1199.50000,17/08/2011 23:00:00,1205.75000,@ES,1,1,312.50,1475.0000,-337.5000,
18/08/2011 19:00:00,1163.50000,24/08/2011 03:00:00,1171.75000,@ES,1,1,412.50,1025.0000,-1500.0000,
24/08/2011 18:00:00,1192.50000,30/08/2011 02:00:00,1229.75000,@ES,1,1,1862.50,1987.5000,-1875.0000,
01/09/2011 19:00:00,1223.00000,07/09/2011 08:00:00,1198.75000,@ES,1,1,-1212.50,125.0000,-3237.5000,
07/09/2011 20:00:00,1222.50000,13/09/2011 04:00:00,1172.75000,@ES,1,1,-2487.50,175.0000,-3550.0000,
13/09/2011 18:00:00,1189.50000,19/09/2011 02:00:00,1219.75000,@ES,1,1,1512.50,2650.0000,-675.0000,
19/09/2011 18:00:00,1224.25000,23/09/2011 02:00:00,1157.25000,@ES,1,1,-3350.00,912.5000,-4475.0000,
25/09/2011 18:00:00,1150.00000,29/09/2011 02:00:00,1184.75000,@ES,1,1,1737.50,3400.0000,-350.0000,
30/09/2011 05:00:00,1172.75000,05/10/2011 13:00:00,1150.00000,@ES,1,1,-1137.50,200.0000,-3837.5000,
05/10/2011 18:00:00,1161.75000,11/10/2011 02:00:00,1216.50000,@ES,1,1,2737.50,2925.0000,-237.5000,
13/10/2011 18:00:00,1224.50000,19/10/2011 02:00:00,1245.00000,@ES,1,1,1025.00,1712.5000,-550.0000,
19/10/2011 12:00:00,1246.50000,24/10/2011 21:00:00,1272.75000,@ES,1,1,1312.50,1700.0000,-1300.0000,
25/10/2011 14:00:00,1261.75000,30/10/2011 23:00:00,1302.50000,@ES,1,1,2037.50,2775.0000,-862.5000,
31/10/2011 15:00:00,1289.00000,04/11/2011,1280.25000,@ES,1,1,-437.50,0.0000,-2625.0000,
04/11/2011 15:00:00,1274.50000,10/11/2011,1253.75000,@ES,1,1,-1037.50,1437.5000,-1337.5000,
10/11/2011 18:00:00,1264.75000,16/11/2011 02:00:00,1267.25000,@ES,1,1,125.00,1700.0000,-150.0000,
17/11/2011 12:00:00,1254.25000,22/11/2011 21:00:00,1199.75000,@ES,1,1,-2725.00,175.0000,-2875.0000,
24/11/2011 20:00:00,1183.25000,30/11/2011 07:00:00,1233.75000,@ES,1,1,2525.00,2650.0000,-387.5000,
07/12/2011 14:00:00,1282.00000,12/12/2011 23:00:00,1266.50000,@ES,1,1,-775.00,887.5000,-1412.5000,
13/12/2011,1265.00000,16/12/2011 08:00:00,1254.25000,@ES,1,1,-537.50,637.5000,-1662.5000,
16/12/2011 14:00:00,1243.75000,21/12/2011 23:00:00,1268.25000,@ES,1,1,1225.00,1950.0000,-725.0000,
30/12/2011 12:00:00,1289.75000,06/01/2012 09:00:00,1310.50000,@ES,1,1,1037.50,1312.5000,-262.5000,
06/01/2012 13:00:00,1306.00000,11/01/2012 22:00:00,1320.50000,@ES,1,1,725.00,987.5000,-250.0000,
17/01/2012 14:00:00,1326.50000,22/01/2012 23:00:00,1341.00000,@ES,1,1,725.00,950.0000,-337.5000,
25/01/2012 18:00:00,1353.50000,31/01/2012 02:00:00,1345.00000,@ES,1,1,-425.00,500.0000,-1187.5000,
01/02/2012 07:00:00,1350.00000,06/02/2012 15:00:00,1372.00000,@ES,1,1,1100.00,1287.5000,-50.0000,
07/02/2012 13:00:00,1375.50000,12/02/2012 22:00:00,1380.00000,@ES,1,1,225.00,550.0000,-400.0000,
13/02/2012 18:00:00,1381.75000,17/02/2012 02:00:00,1388.25000,@ES,1,1,325.00,500.0000,-687.5000,
19/02/2012 20:00:00,1401.00000,23/02/2012 09:00:00,1391.50000,@ES,1,1,-475.00,62.5000,-712.5000,
26/02/2012 22:00:00,1395.25000,01/03/2012 06:00:00,1399.25000,@ES,1,1,200.00,787.5000,-425.0000,
04/03/2012 18:00:00,1401.00000,08/03/2012 02:00:00,1387.75000,@ES,1,1,-662.50,112.5000,-1437.5000,
08/03/2012 14:00:00,1397.00000,13/03/2012 23:00:00,1428.25000,@ES,1,1,1562.50,1787.5000,-12.5000,
15/03/2012 14:00:00,1433.00000,20/03/2012 23:00:00,1444.25000,@ES,1,1,562.50,725.0000,-87.5000,
26/03/2012 12:00:00,1443.50000,29/03/2012 21:00:00,1438.50000,@ES,1,1,-250.00,787.5000,-887.5000,
02/04/2012 14:00:00,1454.50000,05/04/2012 23:00:00,1433.00000,@ES,1,1,-1075.00,137.5000,-1550.0000,
08/04/2012 21:00:00,1412.50000,12/04/2012 05:00:00,1409.25000,@ES,1,1,-162.50,487.5000,-1025.0000,
16/04/2012 15:00:00,1407.00000,20/04/2012,1413.75000,@ES,1,1,337.50,1125.0000,-412.5000,
20/04/2012 01:00:00,1412.75000,25/04/2012 09:00:00,1418.00000,@ES,1,1,262.50,500.0000,-962.5000,
30/04/2012 23:00:00,1434.75000,04/05/2012 07:00:00,1427.75000,@ES,1,1,-350.00,825.0000,-612.5000,
06/05/2012 20:00:00,1386.75000,10/05/2012 04:00:00,1395.25000,@ES,1,1,425.00,1150.0000,-400.0000,
10/05/2012 23:00:00,1387.25000,16/05/2012 07:00:00,1368.00000,@ES,1,1,-962.50,775.0000,-1350.0000,
16/05/2012 13:00:00,1368.50000,21/05/2012 22:00:00,1353.75000,@ES,1,1,-737.50,137.5000,-2087.5000,
22/05/2012 18:00:00,1352.50000,28/05/2012 05:00:00,1363.50000,@ES,1,1,550.00,837.5000,-950.0000,
31/05/2012 06:00:00,1353.50000,05/06/2012 14:00:00,1322.00000,@ES,1,1,-1575.00,250.0000,-2600.0000,
06/06/2012 01:00:00,1332.25000,11/06/2012 09:00:00,1374.75000,@ES,1,1,2125.00,2787.5000,-150.0000,
14/06/2012 01:00:00,1359.75000,19/06/2012 09:00:00,1389.75000,@ES,1,1,1500.00,1687.5000,-412.5000,
01/07/2012 22:00:00,1399.25000,05/07/2012 13:00:00,1410.00000,@ES,1,1,537.50,1087.5000,-187.5000,
09/07/2012 01:00:00,1393.50000,12/07/2012 09:00:00,1372.75000,@ES,1,1,-1037.50,450.0000,-1175.0000,
16/07/2012 08:00:00,1393.50000,19/07/2012 16:00:00,1417.25000,@ES,1,1,1187.50,1425.0000,-412.5000,
22/07/2012 18:00:00,1401.50000,26/07/2012 02:00:00,1380.50000,@ES,1,1,-1050.00,62.5000,-1712.5000,
27/07/2012 01:00:00,1403.50000,01/08/2012 09:00:00,1425.50000,@ES,1,1,1100.00,1500.0000,-237.5000,
02/08/2012,1418.50000,07/08/2012 08:00:00,1440.50000,@ES,1,1,1100.00,1175.0000,-1162.5000,
10/08/2012 13:00:00,1442.25000,15/08/2012 22:00:00,1451.00000,@ES,1,1,437.50,662.5000,-100.0000,
16/08/2012 06:00:00,1449.75000,21/08/2012 14:00:00,1460.50000,@ES,1,1,537.50,1050.0000,-100.0000,
23/08/2012 07:00:00,1460.75000,28/08/2012 15:00:00,1455.25000,@ES,1,1,-275.00,62.5000,-975.0000,
30/08/2012 06:00:00,1448.75000,04/09/2012 20:00:00,1449.50000,@ES,1,1,37.50,475.0000,-412.5000,
05/09/2012 13:00:00,1450.25000,10/09/2012 22:00:00,1470.75000,@ES,1,1,1025.00,1725.0000,-212.5000,
12/09/2012 20:00:00,1484.25000,18/09/2012 04:00:00,1504.50000,@ES,1,1,1012.50,1837.5000,-162.5000,
20/09/2012 02:00:00,1501.00000,25/09/2012 10:00:00,1506.00000,@ES,1,1,250.00,712.5000,-225.0000,
28/09/2012 01:00:00,1494.25000,03/10/2012 09:00:00,1496.00000,@ES,1,1,87.50,512.5000,-675.0000,
12/10/2012 13:00:00,1474.25000,17/10/2012 22:00:00,1509.00000,@ES,1,1,1737.50,1850.0000,-237.5000,
22/10/2012 15:00:00,1471.25000,26/10/2012,1451.00000,@ES,1,1,-1012.50,750.0000,-1062.5000,
26/10/2012 06:00:00,1450.00000,01/11/2012 05:00:00,1456.25000,@ES,1,1,312.50,1062.5000,-200.0000,
01/11/2012 13:00:00,1472.75000,06/11/2012 22:00:00,1465.50000,@ES,1,1,-362.50,587.5000,-862.5000,
08/11/2012 15:00:00,1432.00000,14/11/2012,1428.75000,@ES,1,1,-162.50,450.0000,-775.0000,
15/11/2012 19:00:00,1402.50000,21/11/2012 03:00:00,1436.00000,@ES,1,1,1675.00,1987.5000,-462.5000,
27/11/2012 18:00:00,1449.50000,03/12/2012 02:00:00,1467.75000,@ES,1,1,912.50,1150.0000,-675.0000,
05/12/2012 15:00:00,1463.00000,11/12/2012,1470.75000,@ES,1,1,387.50,612.5000,-300.0000,
11/12/2012 14:00:00,1482.75000,16/12/2012 23:00:00,1473.00000,@ES,1,1,-487.50,450.0000,-887.5000,
18/12/2012 14:00:00,1498.00000,23/12/2012 23:00:00,1477.75000,@ES,1,1,-1012.50,362.5000,-2375.0000,
26/12/2012 23:00:00,1471.75000,02/01/2013 20:00:00,1513.25000,@ES,1,1,2075.00,2275.0000,-1512.5000,
07/01/2013 19:00:00,1514.50000,11/01/2013 03:00:00,1526.00000,@ES,1,1,575.00,812.5000,-462.5000,
14/01/2013 19:00:00,1523.25000,18/01/2013 03:00:00,1537.00000,@ES,1,1,687.50,825.0000,-375.0000,
03/02/2013 20:00:00,1565.75000,07/02/2013 04:00:00,1564.75000,@ES,1,1,-50.00,225.0000,-812.5000,
14/02/2013 21:00:00,1577.00000,20/02/2013 10:00:00,1584.25000,@ES,1,1,362.50,612.5000,-325.0000,
21/02/2013 14:00:00,1556.25000,26/02/2013 23:00:00,1551.00000,@ES,1,1,-262.50,1375.0000,-762.5000,
04/03/2013 09:00:00,1572.75000,07/03/2013 18:00:00,1602.00000,@ES,1,1,1462.50,1587.5000,-150.0000,
19/03/2013 18:00:00,1603.25000,25/03/2013 02:00:00,1622.25000,@ES,1,1,950.00,1025.0000,-212.5000,
25/03/2013 15:00:00,1608.25000,01/04/2013,1625.50000,@ES,1,1,862.50,1012.5000,-150.0000,
03/04/2013 18:00:00,1611.00000,09/04/2013 02:00:00,1624.25000,@ES,1,1,662.50,837.5000,-687.5000,
15/04/2013 14:00:00,1624.00000,18/04/2013 23:00:00,1605.00000,@ES,1,1,-950.00,537.5000,-1462.5000,
19/04/2013 13:00:00,1608.25000,24/04/2013 22:00:00,1638.00000,@ES,1,1,1487.50,1737.5000,-75.0000,
29/04/2013 19:00:00,1651.25000,03/05/2013 03:00:00,1655.50000,@ES,1,1,212.50,412.5000,-562.5000,
03/05/2013 13:00:00,1675.00000,08/05/2013 22:00:00,1694.25000,@ES,1,1,962.50,1000.0000,-187.5000,
12/05/2013 20:00:00,1686.25000,16/05/2013 04:00:00,1715.75000,@ES,1,1,1475.00,1875.0000,-12.5000,
19/05/2013 23:00:00,1726.75000,23/05/2013 07:00:00,1706.50000,@ES,1,1,-1012.50,1150.0000,-1500.0000,
26/05/2013 20:00:00,1715.25000,30/05/2013 09:00:00,1714.00000,@ES,1,1,-62.50,1075.0000,-662.5000,
30/05/2013 18:00:00,1716.50000,05/06/2013 02:00:00,1688.75000,@ES,1,1,-1387.50,275.0000,-1587.5000,
06/06/2013,1675.25000,11/06/2013 08:00:00,1691.00000,@ES,1,1,787.50,1862.5000,-737.5000,
11/06/2013 13:00:00,1698.50000,16/06/2013 22:00:00,1694.75000,@ES,1,1,-187.50,325.0000,-1837.5000,
21/06/2013 07:00:00,1664.75000,26/06/2013 15:00:00,1668.25000,@ES,1,1,175.00,250.0000,-2075.0000,
26/06/2013 19:00:00,1665.00000,02/07/2013 03:00:00,1684.25000,@ES,1,1,962.50,1275.0000,-87.5000,
24/07/2013 19:00:00,1752.75000,30/07/2013 03:00:00,1755.00000,@ES,1,1,112.50,312.5000,-612.5000,
31/07/2013 19:00:00,1754.75000,06/08/2013 03:00:00,1770.50000,@ES,1,1,787.50,1012.5000,-12.5000,
08/08/2013 01:00:00,1762.75000,13/08/2013 09:00:00,1760.00000,@ES,1,1,-137.50,212.5000,-875.0000,
15/08/2013 01:00:00,1749.25000,20/08/2013 09:00:00,1717.25000,@ES,1,1,-1600.00,87.5000,-1912.5000,
26/08/2013 15:00:00,1732.25000,30/08/2013,1711.75000,@ES,1,1,-1025.00,0.0000,-1875.0000,
30/08/2013 13:00:00,1698.75000,05/09/2013 03:00:00,1722.50000,@ES,1,1,1187.50,1350.0000,-162.5000,
16/09/2013 18:00:00,1765.50000,20/09/2013 02:00:00,1792.50000,@ES,1,1,1350.00,1887.5000,-62.5000,
23/09/2013 07:00:00,1780.75000,26/09/2013 15:00:00,1763.75000,@ES,1,1,-850.00,0.0000,-987.5000,
29/09/2013 20:00:00,1749.75000,03/10/2013 04:00:00,1756.75000,@ES,1,1,350.00,950.0000,-325.0000,
03/10/2013 16:00:00,1746.75000,09/10/2013 01:00:00,1732.50000,@ES,1,1,-712.50,787.5000,-1200.0000,
11/10/2013 15:00:00,1771.25000,17/10/2013,1789.00000,@ES,1,1,887.50,1112.5000,-700.0000,
24/10/2013 20:00:00,1824.75000,30/10/2013 04:00:00,1845.75000,@ES,1,1,1050.00,1075.0000,-275.0000,
06/11/2013 18:00:00,1840.25000,12/11/2013 02:00:00,1844.50000,@ES,1,1,212.50,537.5000,-1362.5000,
14/11/2013 18:00:00,1863.50000,20/11/2013 02:00:00,1860.75000,@ES,1,1,-137.50,637.5000,-250.0000,
20/11/2013 05:00:00,1861.25000,25/11/2013 13:00:00,1880.25000,@ES,1,1,950.00,1225.0000,-512.5000,
27/11/2013,1878.25000,02/12/2013 16:00:00,1876.25000,@ES,1,1,-100.00,537.5000,-237.5000,
13/12/2013 08:00:00,1857.50000,18/12/2013 16:00:00,1888.00000,@ES,1,1,1525.00,1550.0000,-1037.5000,
18/12/2013 23:00:00,1884.00000,24/12/2013 07:00:00,1905.75000,@ES,1,1,1087.50,1162.5000,-312.5000,
05/01/2014 20:00:00,1909.00000,09/01/2014 04:00:00,1912.75000,@ES,1,1,187.50,425.0000,-450.0000,
12/01/2014 23:00:00,1915.75000,16/01/2014 07:00:00,1922.00000,@ES,1,1,312.50,637.5000,-1175.0000,
16/01/2014 15:00:00,1920.25000,22/01/2014 05:00:00,1920.25000,@ES,1,1,0.00,325.0000,-562.5000,
22/01/2014 20:00:00,1923.50000,28/01/2014 04:00:00,1866.50000,@ES,1,1,-2850.00,0.0000,-3687.5000,
28/01/2014 06:00:00,1866.50000,31/01/2014 14:00:00,1868.50000,@ES,1,1,100.00,875.0000,-1125.0000,
02/02/2014 20:00:00,1862.75000,06/02/2014 04:00:00,1830.00000,@ES,1,1,-1637.50,112.5000,-2400.0000,
06/02/2014 13:00:00,1846.00000,11/02/2014 22:00:00,1895.25000,@ES,1,1,2462.50,2812.5000,-250.0000,
19/02/2014 20:00:00,1909.50000,25/02/2014 04:00:00,1925.75000,@ES,1,1,812.50,1500.0000,-475.0000,
27/02/2014,1927.75000,04/03/2014 08:00:00,1945.50000,@ES,1,1,887.50,1075.0000,-637.5000,
05/03/2014 15:00:00,1953.25000,11/03/2014,1959.25000,@ES,1,1,300.00,850.0000,-237.5000,
11/03/2014 21:00:00,1945.75000,17/03/2014 05:00:00,1933.50000,@ES,1,1,-612.50,587.5000,-1625.0000,
23/03/2014 18:00:00,1945.25000,27/03/2014 02:00:00,1936.00000,@ES,1,1,-462.50,662.5000,-712.5000,
28/03/2014 13:00:00,1943.75000,02/04/2014 22:00:00,1971.25000,@ES,1,1,1375.00,1612.5000,-450.0000,
09/04/2014 06:00:00,1936.75000,14/04/2014 14:00:00,1910.50000,@ES,1,1,-1312.50,1025.0000,-2187.5000,
17/04/2014 15:00:00,1949.50000,24/04/2014,1967.75000,@ES,1,1,912.50,1000.0000,-162.5000,
29/04/2014 15:00:00,1962.00000,05/05/2014,1962.00000,@ES,1,1,0.00,687.5000,-300.0000,
07/05/2014 19:00:00,1963.00000,13/05/2014 03:00:00,1985.00000,@ES,1,1,1100.00,1112.5000,-537.5000,
16/05/2014 13:00:00,1956.00000,21/05/2014 22:00:00,1976.50000,@ES,1,1,1025.00,1125.0000,-87.5000,
03/06/2014 20:00:00,2011.25000,09/06/2014 04:00:00,2036.50000,@ES,1,1,1262.50,1425.0000,-275.0000,
12/06/2014 15:00:00,2017.00000,18/06/2014,2031.50000,@ES,1,1,725.00,787.5000,-125.0000,
25/06/2014 20:00:00,2045.75000,01/07/2014 04:00:00,2053.25000,@ES,1,1,375.00,400.0000,-625.0000,
03/07/2014 08:00:00,2066.00000,09/07/2014,2058.00000,@ES,1,1,-400.00,462.5000,-812.5000,
13/07/2014 23:00:00,2061.50000,17/07/2014 07:00:00,2060.25000,@ES,1,1,-62.50,675.0000,-287.5000,
20/07/2014 18:00:00,2067.25000,24/07/2014 02:00:00,2076.00000,@ES,1,1,437.50,662.5000,-562.5000,
24/07/2014 13:00:00,2080.00000,29/07/2014 22:00:00,2062.25000,@ES,1,1,-887.50,75.0000,-1112.5000,
06/08/2014 08:00:00,2002.00000,11/08/2014 16:00:00,2029.25000,@ES,1,1,1362.50,1800.0000,-737.5000,
14/08/2014 08:00:00,2043.00000,19/08/2014 16:00:00,2075.25000,@ES,1,1,1612.50,1687.5000,-437.5000,
27/08/2014 14:00:00,2094.00000,02/09/2014 03:00:00,2101.75000,@ES,1,1,387.50,462.5000,-475.0000,
03/09/2014 09:00:00,2102.25000,08/09/2014 18:00:00,2097.25000,@ES,1,1,-250.00,237.5000,-850.0000,
10/09/2014 18:00:00,2091.50000,16/09/2014 02:00:00,2081.00000,@ES,1,1,-525.00,250.0000,-925.0000,
16/09/2014 08:00:00,2077.50000,19/09/2014 16:00:00,2107.50000,@ES,1,1,1500.00,2100.0000,-112.5000,
22/09/2014 18:00:00,2089.00000,26/09/2014 02:00:00,2068.50000,@ES,1,1,-1025.00,425.0000,-1312.5000,
28/09/2014 18:00:00,2079.00000,02/10/2014 02:00:00,2047.00000,@ES,1,1,-1600.00,212.5000,-2012.5000,
02/10/2014 18:00:00,2042.25000,08/10/2014 02:00:00,2034.50000,@ES,1,1,-387.50,1687.5000,-637.5000,
09/10/2014 06:00:00,2070.50000,14/10/2014 14:00:00,1988.00000,@ES,1,1,-4125.00,37.5000,-5062.5000,
15/10/2014 18:00:00,1947.75000,21/10/2014 02:00:00,1997.50000,@ES,1,1,2487.50,3037.5000,-1375.0000,
12/11/2014 18:00:00,2138.75000,18/11/2014 02:00:00,2145.75000,@ES,1,1,350.00,500.0000,-425.0000,
25/11/2014 14:00:00,2172.50000,01/12/2014 06:00:00,2162.00000,@ES,1,1,-525.00,387.5000,-775.0000,
02/12/2014 22:00:00,2171.75000,08/12/2014 06:00:00,2175.00000,@ES,1,1,162.50,612.5000,-275.0000,
09/12/2014 21:00:00,2162.50000,15/12/2014 05:00:00,2120.00000,@ES,1,1,-2125.00,125.0000,-3137.5000,
15/12/2014 08:00:00,2114.75000,18/12/2014 16:00:00,2168.25000,@ES,1,1,2675.00,2700.0000,-2062.5000,
19/12/2014 12:00:00,2173.25000,26/12/2014,2193.75000,@ES,1,1,1025.00,1162.5000,-150.0000,
04/01/2015 18:00:00,2157.00000,08/01/2015 02:00:00,2145.75000,@ES,1,1,-562.50,162.5000,-3037.5000,
08/01/2015 05:00:00,2143.75000,13/01/2015 13:00:00,2147.00000,@ES,1,1,162.50,1512.5000,-825.0000,
13/01/2015 18:00:00,2127.00000,19/01/2015 02:00:00,2120.25000,@ES,1,1,-337.50,612.5000,-2237.5000,
21/01/2015 01:00:00,2130.00000,26/01/2015 09:00:00,2157.75000,@ES,1,1,1387.50,2225.0000,-637.5000,
27/01/2015 19:00:00,2145.75000,02/02/2015 03:00:00,2106.50000,@ES,1,1,-1962.50,637.5000,-2587.5000,
02/02/2015 08:00:00,2104.00000,05/02/2015 16:00:00,2169.50000,@ES,1,1,3275.00,3337.5000,-912.5000,
11/02/2015 19:00:00,2177.75000,17/02/2015 07:00:00,2203.00000,@ES,1,1,1262.50,1450.0000,-362.5000,
17/02/2015 15:00:00,2206.25000,23/02/2015,2218.50000,@ES,1,1,612.50,725.0000,-600.0000,
24/02/2015 19:00:00,2225.00000,02/03/2015 03:00:00,2216.75000,@ES,1,1,-412.50,237.5000,-612.5000,
03/03/2015 18:00:00,2216.00000,09/03/2015 02:00:00,2180.75000,@ES,1,1,-1762.50,12.5000,-1925.0000,
11/03/2015 01:00:00,2159.75000,16/03/2015 09:00:00,2173.25000,@ES,1,1,675.00,1050.0000,-475.0000,
16/03/2015 13:00:00,2183.75000,19/03/2015 22:00:00,2202.75000,@ES,1,1,950.00,1775.0000,-600.0000,
22/03/2015 20:00:00,2221.50000,26/03/2015 04:00:00,2162.75000,@ES,1,1,-2937.50,250.0000,-2962.5000,
30/03/2015 01:00:00,2177.75000,02/04/2015 09:00:00,2170.00000,@ES,1,1,-387.50,1175.0000,-1237.5000,
07/04/2015 15:00:00,2196.75000,13/04/2015,2212.75000,@ES,1,1,800.00,1025.0000,-637.5000,
13/04/2015 02:00:00,2212.50000,16/04/2015 10:00:00,2214.25000,@ES,1,1,87.50,625.0000,-862.5000,
16/04/2015 20:00:00,2220.00000,22/04/2015 04:00:00,2214.00000,@ES,1,1,-300.00,237.5000,-1800.0000,
23/04/2015 07:00:00,2212.25000,28/04/2015 15:00:00,2226.25000,@ES,1,1,700.00,1350.0000,-225.0000,
30/04/2015 14:00:00,2205.50000,05/05/2015 23:00:00,2208.25000,@ES,1,1,137.50,1450.0000,-787.5000,
07/05/2015 15:00:00,2203.00000,13/05/2015,2220.25000,@ES,1,1,862.50,1500.0000,-212.5000,
13/05/2015 01:00:00,2219.25000,18/05/2015 09:00:00,2235.50000,@ES,1,1,812.50,1150.0000,-412.5000,
20/05/2015 22:00:00,2236.50000,26/05/2015 10:00:00,2229.25000,@ES,1,1,-362.50,750.0000,-412.5000,
26/05/2015 13:00:00,2220.00000,31/05/2015 22:00:00,2228.50000,@ES,1,1,425.00,1187.5000,-225.0000,
01/06/2015 09:00:00,2229.75000,04/06/2015 18:00:00,2218.25000,@ES,1,1,-575.00,525.0000,-950.0000,
05/06/2015 12:00:00,2210.75000,10/06/2015 21:00:00,2224.75000,@ES,1,1,700.00,837.5000,-1125.0000,
11/06/2015 15:00:00,2228.50000,17/06/2015,2216.50000,@ES,1,1,-600.00,112.5000,-1962.5000,
17/06/2015 06:00:00,2220.50000,22/06/2015 14:00:00,2242.50000,@ES,1,1,1100.00,1437.5000,-725.0000,
28/06/2015 23:00:00,2192.50000,02/07/2015 09:00:00,2204.00000,@ES,1,1,575.00,900.0000,-925.0000,
02/07/2015 19:00:00,2195.25000,08/07/2015 06:00:00,2180.25000,@ES,1,1,-750.00,500.0000,-1687.5000,
10/07/2015 01:00:00,2188.50000,15/07/2015 09:00:00,2229.75000,@ES,1,1,2062.50,2312.5000,-462.5000,
23/07/2015 02:00:00,2239.50000,28/07/2015 10:00:00,2196.50000,@ES,1,1,-2150.00,75.0000,-2787.5000,
29/07/2015 14:00:00,2222.00000,03/08/2015 23:00:00,2217.00000,@ES,1,1,-250.00,725.0000,-737.5000,
07/08/2015 13:00:00,2190.25000,12/08/2015 22:00:00,2211.50000,@ES,1,1,1062.50,1937.5000,-825.0000,
13/08/2015 15:00:00,2211.25000,19/08/2015,2218.25000,@ES,1,1,350.00,987.5000,-512.5000,
20/08/2015 07:00:00,2183.50000,23/08/2015 23:00:00,2043.50000,@ES,1,1,-7000.00,437.5000,-6650.0000,
25/08/2015 06:00:00,2050.00000,28/08/2015 14:00:00,2104.50000,@ES,1,1,2725.00,3500.0000,-3612.5000,
30/08/2015 23:00:00,2093.25000,03/09/2015 07:00:00,2081.25000,@ES,1,1,-600.00,887.5000,-3362.5000,
03/09/2015 20:00:00,2075.00000,09/09/2015 08:00:00,2113.25000,@ES,1,1,1912.50,2212.5000,-2000.0000,
09/09/2015 18:00:00,2065.75000,15/09/2015 02:00:00,2080.75000,@ES,1,1,750.00,1750.0000,-512.5000,
20/09/2015 20:00:00,2084.00000,24/09/2015 04:00:00,2059.50000,@ES,1,1,-1225.00,1075.0000,-1850.0000,
24/09/2015 09:00:00,2044.00000,29/09/2015 18:00:00,2011.50000,@ES,1,1,-1625.00,2175.0000,-2325.0000,
29/09/2015 20:00:00,2010.75000,05/10/2015 04:00:00,2083.50000,@ES,1,1,3637.50,3762.5000,-150.0000,
12/10/2015 19:00:00,2146.50000,16/10/2015 03:00:00,2154.50000,@ES,1,1,400.00,650.0000,-1375.0000,
27/10/2015 19:00:00,2196.50000,02/11/2015 03:00:00,2202.75000,@ES,1,1,312.50,1737.5000,-225.0000,
04/11/2015 18:00:00,2230.75000,10/11/2015 02:00:00,2213.25000,@ES,1,1,-875.00,525.0000,-1612.5000,
12/11/2015 22:00:00,2179.00000,18/11/2015 06:00:00,2181.00000,@ES,1,1,100.00,1050.0000,-2200.0000,
23/11/2015 18:00:00,2219.25000,27/11/2015 06:00:00,2227.25000,@ES,1,1,400.00,775.0000,-862.5000,
30/11/2015 02:00:00,2222.00000,03/12/2015 10:00:00,2210.25000,@ES,1,1,-587.50,975.0000,-675.0000,
06/12/2015 18:00:00,2223.50000,10/12/2015 02:00:00,2183.75000,@ES,1,1,-1987.50,425.0000,-2637.5000,
13/12/2015 20:00:00,2147.00000,17/12/2015 04:00:00,2210.50000,@ES,1,1,3175.00,3300.0000,-975.0000,
21/12/2015 09:00:00,2150.75000,27/12/2015 21:00:00,2195.00000,@ES,1,1,2212.50,2662.5000,-537.5000,
28/12/2015 19:00:00,2192.50000,04/01/2016 03:00:00,2157.25000,@ES,1,1,-1762.50,1337.5000,-1950.0000,
04/01/2016 06:00:00,2147.50000,07/01/2016 14:00:00,2083.50000,@ES,1,1,-3200.00,687.5000,-3612.5000,
08/01/2016 05:00:00,2097.75000,13/01/2016 13:00:00,2056.00000,@ES,1,1,-2087.50,562.5000,-3050.0000,
13/01/2016 19:00:00,2026.50000,19/01/2016 07:00:00,2051.25000,@ES,1,1,1237.50,2262.5000,-1650.0000,
21/01/2016 18:00:00,2002.25000,27/01/2016 02:00:00,2032.75000,@ES,1,1,1525.00,2312.5000,-337.5000,
27/01/2016 18:00:00,2017.50000,02/02/2016 02:00:00,2068.75000,@ES,1,1,2562.50,3337.5000,-375.0000,
04/02/2016 18:00:00,2049.50000,10/02/2016 02:00:00,1987.50000,@ES,1,1,-3100.00,462.5000,-4175.0000,
12/02/2016 08:00:00,1984.25000,17/02/2016 21:00:00,2069.75000,@ES,1,1,4275.00,4425.0000,-325.0000,
21/02/2016 18:00:00,2055.25000,25/02/2016 02:00:00,2069.50000,@ES,1,1,712.50,1637.5000,-1212.5000,
26/02/2016 16:00:00,2087.50000,03/03/2016 01:00:00,2131.00000,@ES,1,1,2175.00,2187.5000,-1125.0000,
09/03/2016 02:00:00,2127.75000,14/03/2016 10:00:00,2156.50000,@ES,1,1,1437.50,1925.0000,-812.5000,
16/03/2016 06:00:00,2160.75000,21/03/2016 14:00:00,2195.25000,@ES,1,1,1725.00,1850.0000,-512.5000,
28/03/2016 18:00:00,2180.50000,01/04/2016 02:00:00,2200.50000,@ES,1,1,1000.00,1875.0000,-387.5000,
03/04/2016 18:00:00,2216.75000,07/04/2016 02:00:00,2212.50000,@ES,1,1,-212.50,412.5000,-1450.0000,
11/04/2016 08:00:00,2200.50000,14/04/2016 16:00:00,2229.25000,@ES,1,1,1437.50,1737.5000,-887.5000,
17/04/2016 20:00:00,2216.25000,21/04/2016 04:00:00,2253.00000,@ES,1,1,1837.50,2125.0000,-212.5000,
29/04/2016,2224.75000,04/05/2016 08:00:00,2198.25000,@ES,1,1,-1325.00,312.5000,-1525.0000,
05/05/2016 09:00:00,2205.00000,10/05/2016 18:00:00,2230.75000,@ES,1,1,1287.50,1412.5000,-1050.0000,
15/05/2016 18:00:00,2194.75000,19/05/2016 02:00:00,2190.75000,@ES,1,1,-200.00,1412.5000,-525.0000,
20/05/2016 13:00:00,2204.50000,25/05/2016 22:00:00,2237.00000,@ES,1,1,1625.00,2075.0000,-487.5000,
27/05/2016 13:00:00,2247.00000,02/06/2016 02:00:00,2246.00000,@ES,1,1,-50.00,512.5000,-512.5000,
09/06/2016 18:00:00,2266.75000,15/06/2016 02:00:00,2226.50000,@ES,1,1,-2012.50,25.0000,-2475.0000,
15/06/2016 18:00:00,2223.75000,21/06/2016 02:00:00,2243.50000,@ES,1,1,987.50,1562.5000,-1025.0000,
21/06/2016 08:00:00,2245.00000,24/06/2016 16:00:00,2189.75000,@ES,1,1,-2762.50,1850.0000,-4175.0000,
28/06/2016 20:00:00,2188.50000,04/07/2016 04:00:00,2262.50000,@ES,1,1,3700.00,3937.5000,-162.5000,
05/07/2016 19:00:00,2243.00000,11/07/2016 03:00:00,2290.00000,@ES,1,1,2350.00,2625.0000,-737.5000,
11/07/2016 14:00:00,2295.75000,14/07/2016 23:00:00,2320.50000,@ES,1,1,1237.50,1737.5000,-237.5000,
18/07/2016 20:00:00,2322.00000,22/07/2016 04:00:00,2322.75000,@ES,1,1,37.50,537.5000,-412.5000,
22/07/2016 09:00:00,2322.50000,27/07/2016 18:00:00,2325.25000,@ES,1,1,137.50,625.0000,-400.0000,
28/07/2016 20:00:00,2327.50000,03/08/2016 04:00:00,2310.75000,@ES,1,1,-837.50,637.5000,-1175.0000,
05/08/2016,2324.50000,10/08/2016 08:00:00,2342.25000,@ES,1,1,887.50,1075.0000,-75.0000,
16/08/2016 13:00:00,2341.00000,21/08/2016 22:00:00,2341.75000,@ES,1,1,37.50,300.0000,-650.0000,
22/08/2016,2339.75000,25/08/2016 08:00:00,2333.50000,@ES,1,1,-312.50,712.5000,-425.0000,
28/08/2016 18:00:00,2329.25000,01/09/2016 02:00:00,2336.25000,@ES,1,1,350.00,775.0000,-362.5000,
01/09/2016 08:00:00,2334.75000,06/09/2016 21:00:00,2347.25000,@ES,1,1,625.00,700.0000,-875.0000,
11/09/2016 21:00:00,2281.00000,15/09/2016 05:00:00,2286.50000,@ES,1,1,275.00,2200.0000,-587.5000,
15/09/2016 20:00:00,2302.25000,21/09/2016 04:00:00,2310.00000,@ES,1,1,387.50,675.0000,-512.5000,
21/09/2016 18:00:00,2323.25000,27/09/2016 02:00:00,2321.00000,@ES,1,1,-112.50,925.0000,-1050.0000,
27/09/2016 23:00:00,2316.75000,03/10/2016 07:00:00,2329.00000,@ES,1,1,612.50,1025.0000,-600.0000,
04/10/2016 19:00:00,2312.25000,10/10/2016 03:00:00,2321.00000,@ES,1,1,437.50,912.5000,-262.5000,
11/10/2016 23:00:00,2307.00000,17/10/2016 07:00:00,2291.50000,@ES,1,1,-775.00,262.5000,-1512.5000,
18/10/2016 06:00:00,2301.50000,21/10/2016 14:00:00,2303.00000,@ES,1,1,75.00,600.0000,-462.5000,
23/10/2016 20:00:00,2306.00000,27/10/2016 04:00:00,2304.50000,@ES,1,1,-75.00,637.5000,-612.5000,
27/10/2016 14:00:00,2299.50000,01/11/2016 23:00:00,2264.25000,@ES,1,1,-1762.50,237.5000,-1975.0000,
02/11/2016 13:00:00,2265.75000,07/11/2016 22:00:00,2293.00000,@ES,1,1,1362.50,1700.0000,-900.0000,
08/11/2016 02:00:00,2295.50000,11/11/2016 10:00:00,2325.00000,@ES,1,1,1475.00,2700.0000,-4900.0000,
14/11/2016 18:00:00,2328.00000,18/11/2016 02:00:00,2352.00000,@ES,1,1,1200.00,1325.0000,-25.0000,
29/11/2016 22:00:00,2371.75000,05/12/2016 06:00:00,2369.00000,@ES,1,1,-137.50,550.0000,-1187.5000,
06/12/2016 19:00:00,2379.00000,12/12/2016 03:00:00,2426.75000,@ES,1,1,2387.50,3000.0000,-162.5000,
22/12/2016 15:00:00,2429.50000,29/12/2016,2421.25000,@ES,1,1,-412.50,712.5000,-587.5000,
30/12/2016 02:00:00,2424.75000,05/01/2017 10:00:00,2437.25000,@ES,1,1,625.00,837.5000,-1125.0000,
10/01/2017 07:00:00,2439.00000,13/01/2017 15:00:00,2443.50000,@ES,1,1,225.00,462.5000,-812.5000,
18/01/2017 22:00:00,2440.25000,24/01/2017 06:00:00,2437.25000,@ES,1,1,-150.00,337.5000,-712.5000,
29/01/2017 18:00:00,2456.25000,02/02/2017 02:00:00,2440.50000,@ES,1,1,-787.50,187.5000,-987.5000,
03/02/2017 13:00:00,2464.75000,08/02/2017 22:00:00,2463.00000,@ES,1,1,-87.50,225.0000,-475.0000,
13/02/2017 05:00:00,2488.75000,16/02/2017 13:00:00,2516.75000,@ES,1,1,1400.00,1850.0000,-12.5000,
17/02/2017 01:00:00,2518.50000,22/02/2017 13:00:00,2535.75000,@ES,1,1,862.50,1037.5000,-387.5000,
02/03/2017 14:00:00,2558.00000,07/03/2017 23:00:00,2535.75000,@ES,1,1,-1112.50,212.5000,-1212.5000,
16/03/2017 14:00:00,2553.25000,21/03/2017 23:00:00,2511.00000,@ES,1,1,-2112.50,312.5000,-2150.0000,
22/03/2017 01:00:00,2512.75000,27/03/2017 09:00:00,2500.75000,@ES,1,1,-600.00,1025.0000,-887.5000,
28/03/2017 06:00:00,2517.25000,31/03/2017 14:00:00,2540.50000,@ES,1,1,1162.50,1337.5000,-325.0000,
02/04/2017 20:00:00,2536.25000,06/04/2017 04:00:00,2519.50000,@ES,1,1,-837.50,800.0000,-1050.0000,
07/04/2017 05:00:00,2526.50000,12/04/2017 13:00:00,2516.50000,@ES,1,1,-500.00,700.0000,-800.0000,
18/04/2017 18:00:00,2513.75000,24/04/2017 02:00:00,2545.75000,@ES,1,1,1600.00,1812.5000,-262.5000,
28/04/2017 13:00:00,2557.25000,03/05/2017 22:00:00,2563.25000,@ES,1,1,300.00,537.5000,-225.0000,
04/05/2017 23:00:00,2561.75000,10/05/2017 07:00:00,2566.00000,@ES,1,1,212.50,962.5000,-275.0000,
12/05/2017 13:00:00,2563.25000,17/05/2017 22:00:00,2540.00000,@ES,1,1,-1162.50,925.0000,-1562.5000,
18/05/2017 12:00:00,2535.75000,23/05/2017 21:00:00,2573.50000,@ES,1,1,1887.50,2050.0000,-87.5000,
30/05/2017 14:00:00,2589.25000,04/06/2017 23:00:00,2612.75000,@ES,1,1,1175.00,1387.5000,-462.5000,
06/06/2017 09:00:00,2604.75000,11/06/2017 18:00:00,2607.50000,@ES,1,1,137.50,912.5000,-637.5000,
14/06/2017 18:00:00,2613.00000,20/06/2017 02:00:00,2628.75000,@ES,1,1,787.50,900.0000,-862.5000,
21/06/2017 18:00:00,2610.50000,27/06/2017 02:00:00,2615.25000,@ES,1,1,237.50,825.0000,-150.0000,
03/07/2017 02:00:00,2605.25000,06/07/2017 18:00:00,2588.75000,@ES,1,1,-825.00,537.5000,-1025.0000,
06/07/2017 23:00:00,2589.50000,12/07/2017 07:00:00,2608.25000,@ES,1,1,937.50,1000.0000,-125.0000,
17/07/2017 20:00:00,2637.75000,21/07/2017 04:00:00,2652.00000,@ES,1,1,712.50,900.0000,-512.5000,
25/07/2017 02:00:00,2647.25000,28/07/2017 10:00:00,2644.50000,@ES,1,1,-137.50,637.5000,-537.5000,
03/08/2017 19:00:00,2649.00000,09/08/2017 03:00:00,2646.75000,@ES,1,1,-112.50,950.0000,-400.0000,
09/08/2017 19:00:00,2650.75000,15/08/2017 03:00:00,2648.50000,@ES,1,1,-112.50,100.0000,-2050.0000,
18/08/2017,2610.00000,23/08/2017 08:00:00,2623.75000,@ES,1,1,687.50,1212.5000,-737.5000,
27/08/2017 18:00:00,2621.25000,31/08/2017 02:00:00,2637.50000,@ES,1,1,812.50,900.0000,-1037.5000,
31/08/2017 23:00:00,2650.25000,06/09/2017 11:00:00,2642.25000,@ES,1,1,-400.00,450.0000,-1262.5000,
07/09/2017 22:00:00,2641.25000,13/09/2017 06:00:00,2672.25000,@ES,1,1,1550.00,1775.0000,-237.5000,
20/09/2017 18:00:00,2685.50000,26/09/2017 02:00:00,2675.50000,@ES,1,1,-500.00,100.0000,-962.5000,
26/09/2017 15:00:00,2677.25000,02/10/2017,2700.00000,@ES,1,1,1137.50,1375.0000,-150.0000,
02/10/2017 19:00:00,2707.25000,06/10/2017 03:00:00,2730.50000,@ES,1,1,1162.50,1237.5000,-25.0000,
09/10/2017 14:00:00,2726.00000,12/10/2017 23:00:00,2730.25000,@ES,1,1,212.50,437.5000,-275.0000,
16/10/2017,2736.25000,19/10/2017 08:00:00,2729.25000,@ES,1,1,-350.00,362.5000,-625.0000,
23/10/2017,2755.25000,26/10/2017 08:00:00,2742.75000,@ES,1,1,-625.00,150.0000,-1625.0000,
29/10/2017 18:00:00,2756.75000,02/11/2017 02:00:00,2751.25000,@ES,1,1,-275.00,500.0000,-600.0000,
02/11/2017 14:00:00,2752.75000,07/11/2017 23:00:00,2764.50000,@ES,1,1,587.50,1100.0000,-25.0000,
14/11/2017 12:00:00,2755.25000,19/11/2017 21:00:00,2751.75000,@ES,1,1,-175.00,775.0000,-925.0000,
21/11/2017 23:00:00,2778.00000,27/11/2017 14:00:00,2783.25000,@ES,1,1,262.50,437.5000,-362.5000,
04/12/2017 14:00:00,2835.75000,07/12/2017 23:00:00,2820.75000,@ES,1,1,-750.00,0.0000,-1725.0000,
11/12/2017 15:00:00,2838.25000,15/12/2017,2837.50000,@ES,1,1,-37.50,787.5000,-400.0000,
25/12/2017 20:00:00,2865.25000,29/12/2017 04:00:00,2867.50000,@ES,1,1,112.50,212.5000,-262.5000,
29/12/2017 13:00:00,2862.25000,04/01/2018 22:00:00,2903.50000,@ES,1,1,2062.50,2262.5000,-800.0000,
11/01/2018 19:00:00,2946.50000,17/01/2018 07:00:00,2971.00000,@ES,1,1,1225.00,2025.0000,-62.5000,
18/01/2018 20:00:00,2975.75000,24/01/2018 04:00:00,3022.25000,@ES,1,1,2325.00,2400.0000,-275.0000,
26/01/2018,3023.50000,31/01/2018 08:00:00,3017.50000,@ES,1,1,-300.00,1675.0000,-1325.0000,
05/02/2018 01:00:00,2928.25000,05/02/2018 16:00:00,2788.25000,@ES,1,1,-7000.00,662.5000,-6312.5000,
05/02/2018 20:00:00,2788.50000,08/02/2018 15:00:00,2788.50000,@ES,1,1,0.00,5837.5000,-4050.0000,
09/02/2018,2778.75000,14/02/2018 08:00:00,2849.75000,@ES,1,1,3550.00,3862.5000,-3500.0000,
14/02/2018 18:00:00,2872.75000,20/02/2018 06:00:00,2896.50000,@ES,1,1,1187.50,3025.0000,-287.5000,
21/02/2018 20:00:00,2868.75000,27/02/2018 04:00:00,2957.00000,@ES,1,1,4412.50,4837.5000,-412.5000,
02/03/2018 15:00:00,2849.00000,08/03/2018,2903.25000,@ES,1,1,2712.50,3200.0000,-337.5000,
08/03/2018 18:00:00,2915.50000,14/03/2018 02:00:00,2941.75000,@ES,1,1,1312.50,3262.5000,-325.0000,
15/03/2018 01:00:00,2930.25000,20/03/2018 09:00:00,2898.25000,@ES,1,1,-1600.00,525.0000,-2975.0000,
21/03/2018 09:00:00,2892.25000,26/03/2018 18:00:00,2833.00000,@ES,1,1,-2962.50,1262.5000,-6637.5000,
27/03/2018 18:00:00,2783.50000,03/04/2018 02:00:00,2753.25000,@ES,1,1,-1512.50,2475.0000,-2900.0000,
05/04/2018 18:00:00,2833.75000,11/04/2018 02:00:00,2815.75000,@ES,1,1,-900.00,300.0000,-3787.5000,
12/04/2018 20:00:00,2826.75000,18/04/2018 04:00:00,2885.00000,@ES,1,1,2912.50,3050.0000,-425.0000,
20/04/2018 15:00:00,2839.75000,26/04/2018,2821.75000,@ES,1,1,-900.00,1112.5000,-2750.0000,
26/04/2018 19:00:00,2845.25000,02/05/2018 03:00:00,2825.75000,@ES,1,1,-975.00,525.0000,-2425.0000,
02/05/2018 20:00:00,2801.00000,08/05/2018 04:00:00,2842.50000,@ES,1,1,2075.00,2700.0000,-1812.5000,
08/05/2018 14:00:00,2832.25000,13/05/2018 23:00:00,2912.00000,@ES,1,1,3987.50,4050.0000,-325.0000,
17/05/2018 18:00:00,2891.25000,23/05/2018 02:00:00,2893.75000,@ES,1,1,125.00,1200.0000,-450.0000,
23/05/2018 19:00:00,2902.50000,29/05/2018 07:00:00,2870.25000,@ES,1,1,-1612.50,437.5000,-1937.5000,
30/05/2018 18:00:00,2893.75000,05/06/2018 02:00:00,2917.50000,@ES,1,1,1187.50,1450.0000,-1025.0000,
05/06/2018 08:00:00,2921.25000,08/06/2018 16:00:00,2952.25000,@ES,1,1,1550.00,1600.0000,-437.5000,
14/06/2018 18:00:00,2956.75000,20/06/2018 02:00:00,2942.75000,@ES,1,1,-700.00,75.0000,-2562.5000,
20/06/2018 14:00:00,2943.25000,25/06/2018 23:00:00,2889.50000,@ES,1,1,-2687.50,587.5000,-3650.0000,
26/06/2018 15:00:00,2900.00000,02/07/2018,2887.75000,@ES,1,1,-612.50,887.5000,-1850.0000,
02/07/2018 18:00:00,2895.00000,06/07/2018 09:00:00,2907.50000,@ES,1,1,625.00,1112.5000,-725.0000,
16/07/2018 01:00:00,2974.50000,19/07/2018 09:00:00,2977.00000,@ES,1,1,125.00,675.0000,-750.0000,
20/07/2018 13:00:00,2975.00000,25/07/2018 22:00:00,3005.50000,@ES,1,1,1525.00,2212.5000,-637.5000,
27/07/2018 08:00:00,3012.50000,01/08/2018 16:00:00,2983.00000,@ES,1,1,-1475.00,87.5000,-2225.0000,
06/08/2018 08:00:00,3009.50000,09/08/2018 16:00:00,3023.25000,@ES,1,1,687.50,1200.0000,-212.5000,
09/08/2018 20:00:00,3020.00000,15/08/2018 04:00:00,3007.25000,@ES,1,1,-637.50,75.0000,-1512.5000,
16/08/2018 14:00:00,3015.00000,21/08/2018 23:00:00,3024.50000,@ES,1,1,475.00,1437.5000,-512.5000,
22/08/2018 20:00:00,3031.75000,28/08/2018 04:00:00,3068.75000,@ES,1,1,1850.00,2087.5000,-362.5000,
02/09/2018 23:00:00,3073.75000,06/09/2018 10:00:00,3062.50000,@ES,1,1,-562.50,425.0000,-1325.0000,
06/09/2018 18:00:00,3047.00000,12/09/2018 02:00:00,3059.75000,@ES,1,1,637.50,787.5000,-612.5000,
17/09/2018 18:00:00,3059.25000,21/09/2018 02:00:00,3106.50000,@ES,1,1,2362.50,2412.5000,-550.0000,
25/09/2018 15:00:00,3084.00000,01/10/2018,3099.75000,@ES,1,1,787.50,837.5000,-587.5000,
01/10/2018 14:00:00,3096.25000,04/10/2018 23:00:00,3074.00000,@ES,1,1,-1112.50,662.5000,-2187.5000,
08/10/2018 19:00:00,3056.00000,10/10/2018 21:00:00,2916.00000,@ES,1,1,-7000.00,437.5000,-6712.5000,
12/10/2018 04:00:00,2941.50000,17/10/2018 12:00:00,2975.00000,@ES,1,1,1675.00,2375.0000,-2225.0000,
18/10/2018 19:00:00,2936.00000,24/10/2018 03:00:00,2896.50000,@ES,1,1,-1975.00,1462.5000,-3950.0000,
24/10/2018 19:00:00,2830.25000,30/10/2018 03:00:00,2824.75000,@ES,1,1,-275.00,2912.5000,-3125.0000,
01/11/2018,2882.00000,06/11/2018 08:00:00,2899.50000,@ES,1,1,875.00,2450.0000,-887.5000,
06/11/2018 14:00:00,2913.00000,11/11/2018 23:00:00,2957.00000,@ES,1,1,2200.00,3487.5000,-525.0000,
12/11/2018,2955.25000,15/11/2018 08:00:00,2866.50000,@ES,1,1,-4437.50,87.5000,-5212.5000,
19/11/2018 18:00:00,2856.50000,23/11/2018 06:00:00,2801.75000,@ES,1,1,-2737.50,187.5000,-3237.5000,
28/11/2018 09:00:00,2859.00000,03/12/2018 18:00:00,2954.50000,@ES,1,1,4775.00,5987.5000,-500.0000,
06/12/2018 19:00:00,2856.00000,12/12/2018 03:00:00,2811.75000,@ES,1,1,-2212.50,925.0000,-5412.5000,
12/12/2018 06:00:00,2825.25000,17/12/2018 14:00:00,2723.25000,@ES,1,1,-5100.00,1300.0000,-5137.5000,
17/12/2018 22:00:00,2725.75000,21/12/2018 08:00:00,2637.25000,@ES,1,1,-4425.00,1350.0000,-6175.0000,
21/12/2018 14:00:00,2601.25000,28/12/2018 02:00:00,2648.75000,@ES,1,1,2375.00,3262.5000,-6187.5000,
28/12/2018 09:00:00,2661.00000,03/01/2019 18:00:00,2612.50000,@ES,1,1,-2425.00,1137.5000,-2850.0000,
15/01/2019,2756.25000,18/01/2019 08:00:00,2808.25000,@ES,1,1,2600.00,2687.5000,-762.5000,
22/01/2019,2812.50000,25/01/2019 08:00:00,2814.00000,@ES,1,1,75.00,325.0000,-1962.5000,
25/01/2019 14:00:00,2823.25000,30/01/2019 23:00:00,2851.50000,@ES,1,1,1412.50,1462.5000,-2012.5000,
01/02/2019,2864.00000,06/02/2019 08:00:00,2889.25000,@ES,1,1,1262.50,1725.0000,-387.5000,
10/02/2019 23:00:00,2864.75000,14/02/2019 07:00:00,2918.00000,@ES,1,1,2662.50,2950.0000,-112.5000,
25/02/2019 23:00:00,2945.25000,01/03/2019 09:00:00,2961.75000,@ES,1,1,825.00,950.0000,-475.0000,
03/03/2019 20:00:00,2975.50000,07/03/2019 04:00:00,2925.00000,@ES,1,1,-2525.00,187.5000,-2662.5000,
07/03/2019 14:00:00,2913.00000,12/03/2019 23:00:00,2945.00000,@ES,1,1,1600.00,2275.0000,-1562.5000,
15/03/2019 01:00:00,2973.75000,20/03/2019 09:00:00,2988.50000,@ES,1,1,737.50,2012.5000,-175.0000,
24/03/2019 20:00:00,2964.50000,28/03/2019 04:00:00,2959.25000,@ES,1,1,-262.50,1287.5000,-987.5000,
29/03/2019 06:00:00,2978.50000,03/04/2019 14:00:00,3031.75000,@ES,1,1,2662.50,3300.0000,-62.5000,
08/04/2019 01:00:00,3045.00000,11/04/2019 09:00:00,3051.25000,@ES,1,1,312.50,512.5000,-625.0000,
11/04/2019 20:00:00,3047.25000,17/04/2019 04:00:00,3070.50000,@ES,1,1,1162.50,1462.5000,-25.0000,
21/04/2019 18:00:00,3063.00000,25/04/2019 02:00:00,3090.50000,@ES,1,1,1375.00,1600.0000,-437.5000,
25/04/2019 20:00:00,3078.00000,01/05/2019 04:00:00,3115.25000,@ES,1,1,1862.50,1925.0000,-275.0000,
02/05/2019 20:00:00,3074.00000,08/05/2019 04:00:00,3050.00000,@ES,1,1,-1200.00,1537.5000,-2812.5000,
09/05/2019 15:00:00,3020.00000,15/05/2019,2999.25000,@ES,1,1,-1037.50,1412.5000,-3250.0000,
17/05/2019 07:00:00,3018.75000,22/05/2019 15:00:00,3017.75000,@ES,1,1,-50.00,1200.0000,-1550.0000,
22/05/2019 16:00:00,3012.25000,28/05/2019 05:00:00,2979.25000,@ES,1,1,-1650.00,100.0000,-2562.5000,
31/05/2019 14:00:00,2912.00000,05/06/2019 23:00:00,2983.50000,@ES,1,1,3575.00,3637.5000,-1400.0000,
06/06/2019,2981.25000,11/06/2019 08:00:00,3057.75000,@ES,1,1,3825.00,3987.5000,-212.5000,
13/06/2019 01:00:00,3029.50000,18/06/2019 09:00:00,3065.00000,@ES,1,1,1775.00,1887.5000,-25.0000,
26/06/2019,3073.50000,01/07/2019 08:00:00,3128.75000,@ES,1,1,2762.50,2912.5000,-387.5000,
01/07/2019 18:00:00,3117.00000,05/07/2019 09:00:00,3139.00000,@ES,1,1,1100.00,2012.5000,-362.5000,
08/07/2019 01:00:00,3132.50000,11/07/2019 09:00:00,3153.75000,@ES,1,1,1062.50,1312.5000,-887.5000,
22/07/2019 08:00:00,3134.25000,25/07/2019 16:00:00,3158.00000,@ES,1,1,1187.50,2237.5000,-225.0000,
31/07/2019 06:00:00,3168.25000,05/08/2019 09:00:00,3028.25000,@ES,1,1,-7000.00,125.0000,-6875.0000,
06/08/2019 18:00:00,3025.00000,12/08/2019 02:00:00,3077.00000,@ES,1,1,2600.00,3350.0000,-2525.0000,
15/08/2019 11:00:00,2993.25000,20/08/2019 20:00:00,3050.25000,@ES,1,1,2850.00,4512.5000,-850.0000,
21/08/2019 13:00:00,3075.50000,26/08/2019 22:00:00,3034.25000,@ES,1,1,-2062.50,775.0000,-5700.0000,
28/08/2019 13:00:00,3032.25000,03/09/2019 02:00:00,3058.50000,@ES,1,1,1312.50,3275.0000,-287.5000,
03/09/2019 13:00:00,3051.25000,08/09/2019 22:00:00,3134.75000,@ES,1,1,4175.00,4450.0000,-287.5000,
12/09/2019 05:00:00,3156.75000,17/09/2019 13:00:00,3148.50000,@ES,1,1,-412.50,925.0000,-1187.5000,
17/09/2019 18:00:00,3156.00000,23/09/2019 02:00:00,3152.00000,@ES,1,1,-200.00,900.0000,-1287.5000,
23/09/2019 15:00:00,3145.00000,27/09/2019,3125.00000,@ES,1,1,-1000.00,837.5000,-2087.5000,
27/09/2019 08:00:00,3137.50000,02/10/2019 16:00:00,3037.50000,@ES,1,1,-5000.00,325.0000,-5700.0000,
03/10/2019,3036.50000,08/10/2019 08:00:00,3068.00000,@ES,1,1,1575.00,3625.0000,-1600.0000,
08/10/2019 14:00:00,3056.00000,13/10/2019 23:00:00,3126.25000,@ES,1,1,3512.50,4375.0000,-1237.5000,
14/10/2019 23:00:00,3120.25000,18/10/2019 07:00:00,3148.50000,@ES,1,1,1412.50,1862.5000,-62.5000,
22/10/2019 14:00:00,3157.75000,27/10/2019 23:00:00,3174.25000,@ES,1,1,825.00,912.5000,-1312.5000,
01/11/2019 12:00:00,3205.75000,06/11/2019 21:00:00,3220.50000,@ES,1,1,737.50,1475.0000,-137.5000,
07/11/2019 06:00:00,3237.50000,12/11/2019 14:00:00,3246.25000,@ES,1,1,437.50,700.0000,-775.0000,
13/11/2019 23:00:00,3239.50000,19/11/2019 07:00:00,3279.50000,@ES,1,1,2000.00,2125.0000,-412.5000,
21/11/2019 22:00:00,3256.50000,27/11/2019 06:00:00,3298.50000,@ES,1,1,2100.00,2162.5000,-462.5000,
29/11/2019,3293.75000,04/12/2019 11:00:00,3265.75000,@ES,1,1,-1400.00,687.5000,-3737.5000,
04/12/2019 22:00:00,3258.50000,10/12/2019 06:00:00,3275.00000,@ES,1,1,825.00,2100.0000,-287.5000,
23/12/2019 15:00:00,3373.75000,30/12/2019 03:00:00,3388.25000,@ES,1,1,725.00,1350.0000,-225.0000,
30/12/2019 14:00:00,3373.00000,05/01/2020 23:00:00,3372.00000,@ES,1,1,-50.00,1862.5000,-975.0000,
06/01/2020 01:00:00,3372.50000,09/01/2020 09:00:00,3417.50000,@ES,1,1,2250.00,2412.5000,-2237.5000,
26/01/2020 18:00:00,3416.50000,30/01/2020 02:00:00,3398.00000,@ES,1,1,-925.00,1150.0000,-1837.5000,
30/01/2020 06:00:00,3396.00000,04/02/2020 14:00:00,3448.50000,@ES,1,1,2625.00,2762.5000,-1825.0000,
04/02/2020 22:00:00,3439.00000,10/02/2020 06:00:00,3473.50000,@ES,1,1,1725.00,3275.0000,-162.5000,
10/02/2020 07:00:00,3472.25000,13/02/2020 15:00:00,3529.00000,@ES,1,1,2837.50,2962.5000,-537.5000,
20/02/2020 18:00:00,3513.75000,24/02/2020 12:00:00,3373.75000,@ES,1,1,-7000.00,112.5000,-6875.0000,
25/02/2020 23:00:00,3294.25000,27/02/2020 10:00:00,3154.25000,@ES,1,1,-7000.00,1725.0000,-6987.5000,
01/03/2020 23:00:00,3111.00000,05/03/2020 07:00:00,3203.50000,@ES,1,1,4625.00,8637.5000,-3025.0000,
08/03/2020 18:00:00,3062.75000,09/03/2020 09:00:00,2908.75000,@ES,1,1,-7700.00,0.0000,-7700.0000,
11/03/2020 01:00:00,2946.25000,11/03/2020 21:00:00,2806.25000,@ES,1,1,-7000.00,1875.0000,-6487.5000,
12/03/2020 21:00:00,2583.75000,16/03/2020 09:00:00,2583.75000,@ES,1,1,0.00,13575.0000,-2287.5000,
26/03/2020 01:00:00,2596.50000,31/03/2020 09:00:00,2748.75000,@ES,1,1,7612.50,9862.5000,-1812.5000,
31/03/2020 20:00:00,2695.00000,06/04/2020 04:00:00,2740.50000,@ES,1,1,2275.00,2487.5000,-5612.5000,
06/04/2020 08:00:00,2729.25000,09/04/2020 16:00:00,2937.75000,@ES,1,1,10425.00,11912.5000,-362.5000,
16/04/2020 14:00:00,2924.25000,21/04/2020 06:00:00,2924.25000,@ES,1,1,0.00,5937.5000,-75.0000,
23/04/2020 20:00:00,2923.25000,29/04/2020 04:00:00,3051.50000,@ES,1,1,6412.50,7412.5000,-500.0000,
03/05/2020 18:00:00,2947.00000,07/05/2020 02:00:00,3009.25000,@ES,1,1,3112.50,5037.5000,-900.0000,
13/05/2020 14:00:00,2958.50000,18/05/2020 23:00:00,3099.50000,@ES,1,1,7050.00,8212.5000,-2012.5000,
21/05/2020 14:00:00,3101.25000,27/05/2020 03:00:00,3167.25000,@ES,1,1,3300.00,3825.0000,-1975.0000,
02/06/2020 07:00:00,3228.25000,05/06/2020 15:00:00,3352.75000,@ES,1,1,6225.00,7012.5000,-1125.0000,
08/06/2020 01:00:00,3350.00000,11/06/2020 09:00:00,3262.25000,@ES,1,1,-4387.50,1962.5000,-4737.5000,
11/06/2020 14:00:00,3191.75000,16/06/2020 23:00:00,3273.25000,@ES,1,1,4075.00,6650.0000,-4975.0000,
22/06/2020 01:00:00,3239.75000,25/06/2020 09:00:00,3196.50000,@ES,1,1,-2162.50,3725.0000,-3312.5000,
25/06/2020 14:00:00,3208.00000,30/06/2020 23:00:00,3250.75000,@ES,1,1,2137.50,3087.5000,-2800.0000,
13/07/2020 09:00:00,3365.75000,16/07/2020 18:00:00,3367.00000,@ES,1,1,62.50,1800.0000,-3912.5000,
20/07/2020 18:00:00,3410.00000,24/07/2020 02:00:00,3381.75000,@ES,1,1,-1412.50,2150.0000,-1600.0000,
24/07/2020 09:00:00,3381.25000,29/07/2020 18:00:00,3425.25000,@ES,1,1,2200.00,2212.5000,-1062.5000,
14/08/2020 13:00:00,3536.25000,19/08/2020 22:00:00,3520.00000,@ES,1,1,-812.50,1400.0000,-850.0000,
21/08/2020 01:00:00,3556.25000,26/08/2020 09:00:00,3612.25000,@ES,1,1,2800.00,3050.0000,-1550.0000,
06/09/2020 22:00:00,3576.50000,10/09/2020 10:00:00,3583.50000,@ES,1,1,350.00,1950.0000,-5625.0000,
15/09/2020 13:00:00,3579.75000,20/09/2020 22:00:00,3490.75000,@ES,1,1,-4450.00,925.0000,-6012.5000,
20/09/2020 23:00:00,3489.25000,24/09/2020 07:00:00,3411.50000,@ES,1,1,-3887.50,462.5000,-5025.0000,
27/09/2020 20:00:00,3472.75000,01/10/2020 04:00:00,3556.00000,@ES,1,1,4162.50,4500.0000,-137.5000,
04/10/2020 23:00:00,3539.00000,08/10/2020 07:00:00,3599.00000,@ES,1,1,3000.00,3637.5000,-1487.5000,
08/10/2020 14:00:00,3607.00000,13/10/2020 23:00:00,3691.25000,@ES,1,1,4212.50,5637.5000,-12.5000,
15/10/2020 23:00:00,3663.00000,21/10/2020 07:00:00,3612.00000,@ES,1,1,-2550.00,1212.5000,-3675.0000,
21/10/2020 19:00:00,3605.50000,27/10/2020 03:00:00,3583.50000,@ES,1,1,-1100.00,1787.5000,-3537.5000,
30/10/2020,3448.25000,04/11/2020 08:00:00,3596.25000,@ES,1,1,7400.00,8137.5000,-2225.0000,
09/11/2020 21:00:00,3715.25000,13/11/2020 05:00:00,3742.50000,@ES,1,1,1362.50,2012.5000,-1500.0000,
16/11/2020 23:00:00,3787.50000,20/11/2020 07:00:00,3760.25000,@ES,1,1,-1362.50,725.0000,-3325.0000,
23/11/2020 06:00:00,3752.50000,26/11/2020 19:00:00,3799.00000,@ES,1,1,2325.00,4062.5000,-1250.0000,
30/11/2020 09:00:00,3802.75000,03/12/2020 18:00:00,3847.00000,@ES,1,1,2212.50,2900.0000,-1587.5000,
04/12/2020 13:00:00,3867.50000,09/12/2020 22:00:00,3856.00000,@ES,1,1,-575.00,1300.0000,-1462.5000,
14/12/2020 23:00:00,3827.00000,18/12/2020 07:00:00,3903.50000,@ES,1,1,3825.00,4150.0000,-187.5000,
24/12/2020 09:00:00,3872.75000,30/12/2020 21:00:00,3915.75000,@ES,1,1,2150.00,3100.0000,-487.5000,
31/12/2020 14:00:00,3908.50000,06/01/2021 23:00:00,3949.25000,@ES,1,1,2037.50,2662.5000,-3450.0000,
11/01/2021 22:00:00,3980.50000,15/01/2021 06:00:00,3965.25000,@ES,1,1,-762.50,1212.5000,-1412.5000,
15/01/2021 15:00:00,3954.75000,21/01/2021 04:00:00,4037.50000,@ES,1,1,4137.50,4600.0000,-1362.5000,
24/01/2021 23:00:00,4035.75000,27/01/2021 16:00:00,3895.75000,@ES,1,1,-7000.00,675.0000,-6275.0000,
28/01/2021 20:00:00,3949.25000,03/02/2021 04:00:00,4020.75000,@ES,1,1,3575.00,4062.5000,-5287.5000,
03/02/2021 07:00:00,4018.25000,08/02/2021 15:00:00,4083.75000,@ES,1,1,3275.00,3587.5000,-1175.0000,
11/02/2021 18:00:00,4092.00000,17/02/2021 06:00:00,4111.75000,@ES,1,1,987.50,2712.5000,-737.5000,
17/02/2021 18:00:00,4112.00000,23/02/2021 02:00:00,4076.75000,@ES,1,1,-1762.50,550.0000,-3187.5000,
23/02/2021 18:00:00,4059.75000,01/03/2021 02:00:00,4025.75000,@ES,1,1,-1700.00,3087.5000,-4387.5000,
01/03/2021 06:00:00,4036.75000,04/03/2021 14:00:00,3908.00000,@ES,1,1,-6437.50,3112.5000,-6462.5000,
04/03/2021 18:00:00,3952.50000,10/03/2021 02:00:00,4047.75000,@ES,1,1,4762.50,6787.5000,-1850.0000,
24/03/2021 01:00:00,4093.50000,29/03/2021 09:00:00,4141.00000,@ES,1,1,2375.00,3562.5000,-2675.0000,
30/03/2021 01:00:00,4158.00000,02/04/2021 09:00:00,4228.75000,@ES,1,1,3537.50,3837.5000,-1375.0000,
09/04/2021 06:00:00,4287.25000,14/04/2021 14:00:00,4322.00000,@ES,1,1,1737.50,2675.0000,-475.0000,
20/04/2021 19:00:00,4317.25000,26/04/2021 03:00:00,4369.75000,@ES,1,1,2625.00,3312.5000,-375.0000,
28/04/2021 09:00:00,4374.25000,03/05/2021 18:00:00,4381.00000,@ES,1,1,337.50,1675.0000,-512.5000,
03/05/2021 19:00:00,4379.00000,07/05/2021 03:00:00,4394.25000,@ES,1,1,762.50,1075.0000,-3087.5000,
11/05/2021 19:00:00,4334.50000,17/05/2021 03:00:00,4361.50000,@ES,1,1,1350.00,2050.0000,-5425.0000,
17/05/2021 06:00:00,4355.25000,20/05/2021 14:00:00,4350.75000,@ES,1,1,-225.00,1050.0000,-5150.0000,
21/05/2021 03:00:00,4357.75000,26/05/2021 11:00:00,4389.00000,@ES,1,1,1562.50,2587.5000,-925.0000,
27/05/2021 01:00:00,4381.75000,01/06/2021 13:00:00,4398.00000,@ES,1,1,812.50,2250.0000,-362.5000,
01/06/2021 18:00:00,4394.00000,07/06/2021 02:00:00,4418.00000,@ES,1,1,1200.00,1762.5000,-1600.0000,
07/06/2021 13:00:00,4413.75000,10/06/2021 22:00:00,4437.75000,@ES,1,1,1200.00,1600.0000,-562.5000,
15/06/2021 01:00:00,4458.25000,18/06/2021 09:00:00,4395.75000,@ES,1,1,-3125.00,312.5000,-3925.0000,
20/06/2021 20:00:00,4353.50000,24/06/2021 04:00:00,4450.25000,@ES,1,1,4837.50,5050.0000,-1025.0000,
08/07/2021 08:00:00,4492.00000,13/07/2021 16:00:00,4567.75000,@ES,1,1,3787.50,4900.0000,-325.0000,
18/07/2021 18:00:00,4520.50000,22/07/2021 02:00:00,4560.50000,@ES,1,1,2000.00,2137.5000,-4512.5000,
28/07/2021 06:00:00,4606.50000,02/08/2021 14:00:00,4596.00000,@ES,1,1,-525.00,1112.5000,-1475.0000,
02/08/2021 15:00:00,4594.25000,06/08/2021,4626.25000,@ES,1,1,1600.00,1737.5000,-1137.5000,
06/08/2021 08:00:00,4629.25000,11/08/2021 16:00:00,4647.25000,@ES,1,1,900.00,1012.5000,-537.5000,
12/08/2021 08:00:00,4648.00000,17/08/2021 16:00:00,4650.75000,@ES,1,1,137.50,1737.5000,-1500.0000,
19/08/2021 18:00:00,4607.50000,25/08/2021 02:00:00,4688.25000,@ES,1,1,4037.50,4537.5000,-1475.0000,
27/08/2021 07:00:00,4684.50000,01/09/2021 15:00:00,4733.25000,@ES,1,1,2437.50,3200.0000,-237.5000,
01/09/2021 20:00:00,4728.00000,07/09/2021 08:00:00,4743.25000,@ES,1,1,762.50,1387.5000,-287.5000,
07/09/2021 19:00:00,4723.00000,13/09/2021 03:00:00,4681.25000,@ES,1,1,-2087.50,612.5000,-3050.0000,
14/09/2021 12:00:00,4658.00000,19/09/2021 21:00:00,4628.25000,@ES,1,1,-1487.50,1800.0000,-1912.5000,
20/09/2021 07:00:00,4574.50000,23/09/2021 15:00:00,4663.50000,@ES,1,1,4450.00,4800.0000,-3262.5000,
24/09/2021 01:00:00,4653.50000,29/09/2021 09:00:00,4576.25000,@ES,1,1,-3862.50,1700.0000,-5162.5000,
30/09/2021 09:00:00,4578.00000,05/10/2021 18:00:00,4549.50000,@ES,1,1,-1425.00,550.0000,-5125.0000,
07/10/2021 23:00:00,4611.75000,13/10/2021 07:00:00,4562.00000,@ES,1,1,-2487.50,575.0000,-3950.0000,
14/10/2021 01:00:00,4583.25000,19/10/2021 09:00:00,4708.75000,@ES,1,1,6275.00,6837.5000,-12.5000,
27/10/2021 22:00:00,4765.00000,02/11/2021 06:00:00,4818.75000,@ES,1,1,2687.50,3500.0000,-212.5000,
09/11/2021 18:00:00,4889.50000,15/11/2021 02:00:00,4895.50000,@ES,1,1,300.00,775.0000,-2437.5000,
15/11/2021 19:00:00,4893.75000,19/11/2021 03:00:00,4934.75000,@ES,1,1,2050.00,2262.5000,-512.5000,
19/11/2021 15:00:00,4911.00000,25/11/2021,4928.00000,@ES,1,1,850.00,2250.0000,-2325.0000,
25/11/2021 08:00:00,4922.25000,30/11/2021 11:00:00,4782.25000,@ES,1,1,-7000.00,100.0000,-6937.5000,
01/12/2021 06:00:00,4831.75000,06/12/2021 14:00:00,4822.75000,@ES,1,1,-450.00,1725.0000,-6212.5000,
06/12/2021 22:00:00,4809.00000,10/12/2021 06:00:00,4895.25000,@ES,1,1,4312.50,5925.0000,-25.0000,
15/12/2021 06:00:00,4845.75000,17/12/2021 09:00:00,4845.75000,@ES,1,1,0.00,5987.5000,-1075.0000,
17/12/2021 15:00:00,4849.50000,23/12/2021,4911.50000,@ES,1,1,3100.00,3300.0000,-5350.0000,
23/12/2021 13:00:00,4940.50000,29/12/2021 22:00:00,5004.50000,@ES,1,1,3200.00,3987.5000,-250.0000,
07/01/2022 14:00:00,4895.25000,12/01/2022 23:00:00,4929.75000,@ES,1,1,1725.00,3325.0000,-5012.5000,
17/01/2022,4865.75000,20/01/2022 12:00:00,4804.00000,@ES,1,1,-3087.50,1137.5000,-6450.0000,
26/01/2022,4580.00000,31/01/2022 08:00:00,4633.00000,@ES,1,1,2650.00,4425.0000,-4725.0000,
31/01/2022 20:00:00,4712.75000,04/02/2022 04:00:00,4729.50000,@ES,1,1,837.50,4775.0000,-1425.0000,
06/02/2022 21:00:00,4701.50000,10/02/2022 05:00:00,4790.50000,@ES,1,1,4450.00,5287.5000,-1150.0000,
10/02/2022 18:00:00,4706.50000,16/02/2022 02:00:00,4681.50000,@ES,1,1,-1250.00,1812.5000,-6512.5000,
16/02/2022 14:00:00,4650.25000,21/02/2022 12:00:00,4510.25000,@ES,1,1,-7000.00,2825.0000,-6850.0000,
21/02/2022 21:00:00,4491.50000,23/02/2022 22:00:00,4351.50000,@ES,1,1,-7000.00,4475.0000,-6337.5000,
24/02/2022 18:00:00,4484.25000,27/02/2022 18:00:00,4484.25000,@ES,1,1,0.00,6112.5000,-1725.0000,
28/02/2022 14:00:00,4553.25000,03/03/2022 23:00:00,4540.75000,@ES,1,1,-625.00,4387.5000,-2800.0000,
06/03/2022 18:00:00,4531.00000,08/03/2022 01:00:00,4391.00000,@ES,1,1,-7000.00,825.0000,-6987.5000,
08/03/2022 05:00:00,4426.75000,11/03/2022 13:00:00,4464.75000,@ES,1,1,1900.00,6537.5000,-2812.5000,
14/03/2022 07:00:00,4456.25000,17/03/2022 15:00:00,4619.00000,@ES,1,1,8137.50,8387.5000,-4800.0000,
24/03/2022 06:00:00,4702.50000,29/03/2022 14:00:00,4836.25000,@ES,1,1,6687.50,7562.5000,-787.5000,
30/03/2022 19:00:00,4829.25000,05/04/2022 03:00:00,4804.00000,@ES,1,1,-1262.50,787.5000,-4862.5000,
05/04/2022 20:00:00,4752.75000,11/04/2022 04:00:00,4703.75000,@ES,1,1,-2450.00,337.5000,-3875.0000,
19/04/2022 01:00:00,4632.25000,21/04/2022 14:00:00,4632.25000,@ES,1,1,0.00,5375.0000,-1487.5000,
25/04/2022 07:00:00,4455.50000,28/04/2022 15:00:00,4524.25000,@ES,1,1,3437.50,3937.5000,-4400.0000,
29/04/2022 14:00:00,4412.00000,04/05/2022 23:00:00,4518.25000,@ES,1,1,5312.50,6087.5000,-6262.5000,
08/05/2022 18:00:00,4318.00000,11/05/2022 08:00:00,4178.00000,@ES,1,1,-7000.00,587.5000,-6787.5000,
12/05/2022,4168.25000,17/05/2022 08:00:00,4295.00000,@ES,1,1,6337.50,7312.5000,-4125.0000,
20/05/2022 07:00:00,4168.00000,25/05/2022 15:00:00,4210.50000,@ES,1,1,2125.00,2250.0000,-6487.5000,
25/05/2022 19:00:00,4201.00000,31/05/2022 07:00:00,4367.00000,@ES,1,1,8300.00,11600.0000,-487.5000,
01/06/2022 06:00:00,4363.50000,06/06/2022 14:00:00,4370.75000,@ES,1,1,362.50,2812.5000,-3062.5000,
06/06/2022 18:00:00,4346.75000,10/06/2022 02:00:00,4251.75000,@ES,1,1,-4750.00,2400.0000,-5137.5000,
16/06/2022 13:00:00,3892.50000,22/06/2022 02:00:00,3951.25000,@ES,1,1,2937.50,6000.0000,-1237.5000,
30/06/2022 14:00:00,4021.50000,06/07/2022 03:00:00,4056.25000,@ES,1,1,1737.50,3250.0000,-2437.5000,
11/07/2022 23:00:00,4064.50000,15/07/2022 07:00:00,4031.75000,@ES,1,1,-1637.50,2037.5000,-5600.0000,
19/07/2022 08:00:00,4088.50000,22/07/2022 16:00:00,4194.00000,@ES,1,1,5275.00,7825.0000,-200.0000,
26/07/2022,4186.25000,29/07/2022 08:00:00,4328.00000,@ES,1,1,7087.50,7675.0000,-2212.5000,
03/08/2022 20:00:00,4378.50000,09/08/2022 04:00:00,4375.00000,@ES,1,1,-175.00,1912.5000,-2300.0000,
11/08/2022 20:00:00,4441.25000,17/08/2022 04:00:00,4526.25000,@ES,1,1,4250.00,5750.0000,-212.5000,
17/08/2022 18:00:00,4504.50000,22/08/2022 14:00:00,4364.50000,@ES,1,1,-7000.00,987.5000,-6887.5000,
24/08/2022,4343.00000,26/08/2022 11:00:00,4343.00000,@ES,1,1,0.00,5150.0000,-175.0000,
30/08/2022 02:00:00,4269.25000,02/09/2022 10:00:00,4212.75000,@ES,1,1,-2825.00,1612.5000,-6850.0000,
04/09/2022 18:00:00,4152.75000,08/09/2022 06:00:00,4208.75000,@ES,1,1,2800.00,3562.5000,-2025.0000,
15/09/2022 22:00:00,4105.00000,21/09/2022 06:00:00,4095.50000,@ES,1,1,-475.00,2162.5000,-2487.5000,
28/09/2022 18:00:00,3940.25000,02/10/2022 19:00:00,3800.25000,@ES,1,1,-7000.00,387.5000,-6987.5000,
03/10/2022 01:00:00,3803.75000,06/10/2022 09:00:00,3999.75000,@ES,1,1,9800.00,11412.5000,-212.5000,
09/10/2022 18:00:00,3850.75000,13/10/2022 02:00:00,3800.50000,@ES,1,1,-2512.50,1437.5000,-2987.5000,
13/10/2022 20:00:00,3890.75000,19/10/2022 04:00:00,3954.75000,@ES,1,1,3200.00,4925.0000,-4412.5000,
20/10/2022 18:00:00,3884.50000,26/10/2022 02:00:00,4043.75000,@ES,1,1,7962.50,10087.5000,-1550.0000,
30/10/2022 20:00:00,4116.75000,02/11/2022 16:00:00,3976.75000,@ES,1,1,-7000.00,1162.5000,-6900.0000,
03/11/2022 14:00:00,3950.50000,08/11/2022 23:00:00,4042.25000,@ES,1,1,4587.50,6425.0000,-1375.0000,
10/11/2022 22:00:00,4170.75000,16/11/2022 06:00:00,4217.50000,@ES,1,1,2337.50,4600.0000,-387.5000,
16/11/2022 19:00:00,4186.50000,22/11/2022 03:00:00,4168.50000,@ES,1,1,-900.00,975.0000,-3100.0000,
23/11/2022 23:00:00,4252.75000,29/11/2022 14:00:00,4170.75000,@ES,1,1,-4100.00,425.0000,-4975.0000,
29/11/2022 18:00:00,4169.75000,05/12/2022 02:00:00,4284.00000,@ES,1,1,5712.50,7612.5000,-750.0000,
06/12/2022 22:00:00,4161.75000,12/12/2022 06:00:00,4159.75000,@ES,1,1,-100.00,2162.5000,-1787.5000,
12/12/2022 08:00:00,4157.75000,15/12/2022 08:00:00,4157.75000,@ES,1,1,0.00,10162.5000,-387.5000,
19/12/2022 08:00:00,4067.50000,22/12/2022 16:00:00,4031.00000,@ES,1,1,-1825.00,1662.5000,-4900.0000,
22/12/2022 19:00:00,4026.00000,29/12/2022 03:00:00,3994.75000,@ES,1,1,-1562.50,2775.0000,-2025.0000,
29/12/2022 13:00:00,4052.50000,04/01/2023 22:00:00,4043.25000,@ES,1,1,-462.50,1762.5000,-2850.0000,
10/01/2023 22:00:00,4121.75000,16/01/2023 06:00:00,4188.75000,@ES,1,1,3350.00,4375.0000,-312.5000,
18/01/2023 18:00:00,4125.50000,24/01/2023 02:00:00,4218.00000,@ES,1,1,4625.00,5612.5000,-2137.5000,
25/01/2023,4195.00000,30/01/2023 08:00:00,4230.25000,@ES,1,1,1762.50,4762.5000,-2537.5000,
30/01/2023 22:00:00,4217.50000,03/02/2023 06:00:00,4339.75000,@ES,1,1,6112.50,8600.0000,-1450.0000,
05/02/2023 18:00:00,4315.25000,09/02/2023 02:00:00,4326.50000,@ES,1,1,562.50,2700.0000,-1800.0000,
09/02/2023 21:00:00,4270.50000,15/02/2023 05:00:00,4312.50000,@ES,1,1,2100.00,4850.0000,-1437.5000,
16/02/2023,4345.25000,21/02/2023 11:00:00,4205.25000,@ES,1,1,-7000.00,212.5000,-6975.0000,
21/02/2023 18:00:00,4186.75000,27/02/2023 02:00:00,4157.25000,@ES,1,1,-1475.00,1425.0000,-2912.5000,
27/02/2023 23:00:00,4174.50000,03/03/2023 07:00:00,4178.75000,@ES,1,1,212.50,512.5000,-3425.0000,
05/03/2023 23:00:00,4237.25000,09/03/2023 07:00:00,4169.25000,@ES,1,1,-3400.00,1312.5000,-4237.5000,
09/03/2023 18:00:00,4094.00000,15/03/2023 02:00:00,4099.75000,@ES,1,1,287.50,1437.5000,-5425.0000,
15/03/2023 19:00:00,4067.75000,21/03/2023 03:00:00,4137.25000,@ES,1,1,3475.00,4387.5000,-1325.0000,
21/03/2023 18:00:00,4183.25000,27/03/2023 02:00:00,4169.00000,@ES,1,1,-712.50,1837.5000,-5000.0000,
28/03/2023 13:00:00,4141.25000,02/04/2023 22:00:00,4271.00000,@ES,1,1,6487.50,7375.0000,-712.5000,
05/04/2023 18:00:00,4260.00000,11/04/2023 09:00:00,4283.00000,@ES,1,1,1150.00,1762.5000,-862.5000,
11/04/2023 23:00:00,4284.00000,17/04/2023 07:00:00,4314.00000,@ES,1,1,1500.00,2562.5000,-1375.0000,
17/04/2023 13:00:00,4296.00000,20/04/2023 22:00:00,4300.75000,@ES,1,1,237.50,2425.0000,-637.5000,
23/04/2023 18:00:00,4296.25000,27/04/2023 02:00:00,4237.00000,@ES,1,1,-2962.50,712.5000,-4062.5000,
27/04/2023 20:00:00,4294.25000,03/05/2023 04:00:00,4288.00000,@ES,1,1,-312.50,2912.5000,-2125.0000,
04/05/2023 22:00:00,4234.75000,10/05/2023 06:00:00,4275.00000,@ES,1,1,2012.50,3737.5000,-150.0000,
11/05/2023 20:00:00,4292.00000,17/05/2023 04:00:00,4274.25000,@ES,1,1,-887.50,937.5000,-1700.0000,
17/05/2023 15:00:00,4311.25000,23/05/2023,4359.25000,@ES,1,1,2400.00,3112.5000,-187.5000,
24/05/2023 21:00:00,4288.25000,30/05/2023 09:00:00,4383.50000,@ES,1,1,4762.50,5062.5000,-325.0000,
30/05/2023 18:00:00,4359.25000,05/06/2023 02:00:00,4431.75000,@ES,1,1,3625.00,4237.5000,-1950.0000,
06/06/2023 18:00:00,4435.00000,12/06/2023 02:00:00,4457.75000,@ES,1,1,1137.50,1837.5000,-1300.0000,
20/06/2023 22:00:00,4537.00000,26/06/2023 06:00:00,4486.75000,@ES,1,1,-2512.50,137.5000,-2950.0000,
26/06/2023 14:00:00,4478.00000,29/06/2023 23:00:00,4541.50000,@ES,1,1,3175.00,3325.0000,-362.5000,
06/07/2023 16:00:00,4546.25000,12/07/2023 01:00:00,4578.50000,@ES,1,1,1612.50,1725.0000,-1637.5000,
20/07/2023 18:00:00,4666.25000,26/07/2023 02:00:00,4698.00000,@ES,1,1,1587.50,2237.5000,-200.0000,
26/07/2023 08:00:00,4689.00000,31/07/2023 16:00:00,4718.75000,@ES,1,1,1487.50,2387.5000,-1650.0000,
01/08/2023 12:00:00,4696.25000,06/08/2023 21:00:00,4614.75000,@ES,1,1,-4075.00,625.0000,-5012.5000,
07/08/2023 08:00:00,4609.25000,10/08/2023 16:00:00,4588.25000,@ES,1,1,-1050.00,1887.5000,-1675.0000,
13/08/2023 20:00:00,4589.50000,17/08/2023 04:00:00,4526.50000,@ES,1,1,-3150.00,1525.0000,-3887.5000,
18/08/2023 01:00:00,4485.00000,23/08/2023 09:00:00,4506.00000,@ES,1,1,1050.00,2862.5000,-1637.5000,
27/08/2023 20:00:00,4521.50000,31/08/2023 04:00:00,4633.50000,@ES,1,1,5600.00,5625.0000,-237.5000,
05/09/2023 13:00:00,4613.75000,10/09/2023 22:00:00,4566.25000,@ES,1,1,-2375.00,250.0000,-3862.5000,
11/09/2023 18:00:00,4589.25000,15/09/2023 02:00:00,4617.50000,@ES,1,1,1412.50,1475.0000,-2075.0000,
18/09/2023 20:00:00,4555.50000,22/09/2023 04:00:00,4429.50000,@ES,1,1,-6300.00,337.5000,-6837.5000,
24/09/2023 20:00:00,4417.75000,28/09/2023 04:00:00,4367.75000,@ES,1,1,-2500.00,925.0000,-4400.0000,
02/10/2023 23:00:00,4374.50000,06/10/2023 07:00:00,4354.00000,@ES,1,1,-1025.00,700.0000,-4312.5000,
06/10/2023 16:00:00,4393.00000,12/10/2023 01:00:00,4475.75000,@ES,1,1,4137.50,4150.0000,-2037.5000,
15/10/2023 22:00:00,4419.50000,19/10/2023 06:00:00,4392.75000,@ES,1,1,-1337.50,2825.0000,-2300.0000,
22/10/2023 22:00:00,4309.25000,26/10/2023 06:00:00,4237.00000,@ES,1,1,-3612.50,1700.0000,-4275.0000,
30/10/2023,4202.50000,02/11/2023 08:00:00,4332.50000,@ES,1,1,6500.00,6625.0000,-37.5000,
06/11/2023 18:00:00,4432.50000,10/11/2023 02:00:00,4420.00000,@ES,1,1,-625.00,1662.5000,-1275.0000,
16/11/2023 19:00:00,4576.75000,22/11/2023 03:00:00,4602.25000,@ES,1,1,1275.00,2350.0000,-562.5000,
22/11/2023 14:00:00,4618.75000,28/11/2023 06:00:00,4612.00000,@ES,1,1,-337.50,400.0000,-775.0000,
28/11/2023 22:00:00,4620.25000,04/12/2023 06:00:00,4642.00000,@ES,1,1,1087.50,2012.5000,-1137.5000,
04/12/2023 18:00:00,4624.50000,08/12/2023 02:00:00,4639.75000,@ES,1,1,762.50,1337.5000,-1150.0000,
11/12/2023 18:00:00,4675.25000,15/12/2023 02:00:00,4778.25000,@ES,1,1,5150.00,5825.0000,-650.0000,
21/12/2023 18:00:00,4793.25000,28/12/2023 02:00:00,4840.75000,@ES,1,1,2375.00,2412.5000,-425.0000,
01/01/2024 20:00:00,4818.50000,05/01/2024 04:00:00,4723.25000,@ES,1,1,-4762.50,475.0000,-4825.0000,
07/01/2024 18:00:00,4734.00000,11/01/2024 02:00:00,4831.25000,@ES,1,1,4862.50,4925.0000,-937.5000,
14/01/2024 18:00:00,4809.25000,18/01/2024 06:00:00,4780.25000,@ES,1,1,-1450.00,687.5000,-3150.0000,
30/01/2024 06:00:00,4948.50000,02/02/2024 14:00:00,4980.00000,@ES,1,1,1575.00,1750.0000,-4125.0000,
05/02/2024 07:00:00,4969.75000,08/02/2024 15:00:00,5014.75000,@ES,1,1,2250.00,2512.5000,-1600.0000,
08/02/2024 18:00:00,5013.50000,14/02/2024 02:00:00,4975.25000,@ES,1,1,-1912.50,2650.0000,-3850.0000,
14/02/2024 19:00:00,5016.25000,20/02/2024 07:00:00,5003.75000,@ES,1,1,-625.00,2150.0000,-1100.0000,
21/02/2024 21:00:00,5028.50000,27/02/2024 05:00:00,5085.50000,@ES,1,1,2850.00,4750.0000,-75.0000,
