17/10/2010 19:00:00,1771.90000,18/10/2010 17:00:00,1776.50000,@GC,-1,1,-460.00,1780.0000,-460.0000,
21/10/2010 19:00:00,1726.70000,22/10/2010 17:00:00,1729.00000,@GC,1,1,230.00,300.0000,-1020.0000,
14/11/2010 19:00:00,1771.90000,15/11/2010 17:00:00,1757.20000,@GC,-1,1,1470.00,1620.0000,-560.0000,
02/12/2010 19:00:00,1786.50000,03/12/2010 17:00:00,1814.00000,@GC,1,1,2750.00,2800.0000,-180.0000,
12/12/2010 19:00:00,1784.40000,13/12/2010 17:00:00,1793.90000,@GC,-1,1,-950.00,420.0000,-1520.0000,
16/12/2010 19:00:00,1769.80000,17/12/2010 17:00:00,1775.00000,@GC,1,1,520.00,940.0000,-500.0000,
26/12/2010 19:00:00,1778.30000,27/12/2010 17:00:00,1783.10000,@GC,1,1,480.00,810.0000,-620.0000,
30/12/2010 19:00:00,1804.40000,31/12/2010 17:00:00,1821.10000,@GC,1,1,1670.00,1700.0000,-40.0000,
06/01/2011 19:00:00,1771.10000,07/01/2011 17:00:00,1768.20000,@GC,1,1,-290.00,730.0000,-1900.0000,
09/01/2011 19:00:00,1769.20000,10/01/2011 17:00:00,1773.30000,@GC,-1,1,-410.00,480.0000,-660.0000,
13/01/2011 19:00:00,1773.00000,14/01/2011 17:00:00,1759.10000,@GC,1,1,-1390.00,420.0000,-1900.0000,
16/01/2011 19:00:00,1760.60000,18/01/2011 04:00:00,1764.90000,@GC,-1,1,-430.00,440.0000,-580.0000,
20/01/2011 19:00:00,1744.90000,21/01/2011 17:00:00,1741.70000,@GC,1,1,-320.00,420.0000,-850.0000,
23/01/2011 19:00:00,1742.40000,24/01/2011 17:00:00,1734.60000,@GC,-1,1,780.00,990.0000,-940.0000,
27/01/2011 19:00:00,1713.40000,28/01/2011 17:00:00,1734.00000,@GC,1,1,2060.00,3260.0000,-630.0000,
06/02/2011 19:00:00,1746.50000,07/02/2011 17:00:00,1748.50000,@GC,-1,1,-200.00,400.0000,-640.0000,
10/02/2011 19:00:00,1762.40000,11/02/2011 17:00:00,1755.00000,@GC,1,1,-740.00,570.0000,-970.0000,
13/02/2011 19:00:00,1756.60000,14/02/2011 17:00:00,1761.20000,@GC,-1,1,-460.00,380.0000,-930.0000,
24/02/2011 19:00:00,1800.30000,25/02/2011 17:00:00,1807.30000,@GC,1,1,700.00,1050.0000,-180.0000,
03/03/2011 19:00:00,1814.10000,04/03/2011 17:00:00,1827.10000,@GC,1,1,1300.00,1710.0000,-190.0000,
10/03/2011 19:00:00,1810.20000,11/03/2011 17:00:00,1815.60000,@GC,1,1,540.00,1280.0000,-700.0000,
24/03/2011 19:00:00,1831.90000,25/03/2011 17:00:00,1826.30000,@GC,1,1,-560.00,460.0000,-1150.0000,
27/03/2011 19:00:00,1826.90000,28/03/2011 17:00:00,1819.10000,@GC,-1,1,780.00,1840.0000,-150.0000,
03/04/2011 19:00:00,1827.30000,04/04/2011 17:00:00,1832.20000,@GC,-1,1,-490.00,90.0000,-1030.0000,
07/04/2011 19:00:00,1857.10000,08/04/2011 17:00:00,1872.00000,@GC,1,1,1490.00,1660.0000,-210.0000,
05/05/2011 19:00:00,1873.20000,06/05/2011 17:00:00,1888.00000,@GC,1,1,1480.00,2260.0000,-480.0000,
15/05/2011 19:00:00,1891.90000,16/05/2011 17:00:00,1888.50000,@GC,-1,1,340.00,860.0000,-970.0000,
19/05/2011 19:00:00,1890.80000,20/05/2011 17:00:00,1910.70000,@GC,1,1,1990.00,2230.0000,-710.0000,
26/05/2011 19:00:00,1916.70000,27/05/2011 17:00:00,1933.50000,@GC,1,1,1680.00,1910.0000,-100.0000,
02/06/2011 19:00:00,1931.30000,03/06/2011 17:00:00,1938.70000,@GC,1,1,740.00,1340.0000,-1010.0000,
12/06/2011 19:00:00,1927.00000,13/06/2011 17:00:00,1913.60000,@GC,-1,1,1340.00,1930.0000,-320.0000,
16/06/2011 19:00:00,1925.40000,17/06/2011 17:00:00,1935.90000,@GC,1,1,1050.00,1390.0000,-590.0000,
23/06/2011 19:00:00,1919.00000,24/06/2011 17:00:00,1897.70000,@GC,1,1,-2130.00,380.0000,-2420.0000,
26/06/2011 19:00:00,1897.20000,27/06/2011 17:00:00,1892.90000,@GC,-1,1,430.00,1010.0000,-520.0000,
30/06/2011 19:00:00,1897.80000,01/07/2011 17:00:00,1884.20000,@GC,1,1,-1360.00,150.0000,-2320.0000,
03/07/2011 19:00:00,1883.10000,05/07/2011 04:00:00,1890.50000,@GC,-1,1,-740.00,60.0000,-1170.0000,
21/07/2011 19:00:00,1986.00000,22/07/2011 17:00:00,1999.50000,@GC,1,1,1350.00,1800.0000,-650.0000,
04/08/2011 19:00:00,2043.20000,05/08/2011 17:00:00,2057.20000,@GC,1,1,1400.00,2070.0000,-550.0000,
11/08/2011 19:00:00,2161.00000,12/08/2011 10:00:00,2134.00000,@GC,1,1,-2700.00,340.0000,-2530.0000,
14/08/2011 19:00:00,2140.60000,15/08/2011 17:00:00,2160.20000,@GC,-1,1,-1960.00,1630.0000,-2070.0000,
11/09/2011 19:00:00,2255.70000,12/09/2011 17:00:00,2211.50000,@GC,-1,1,4420.00,5820.0000,-300.0000,
15/09/2011 19:00:00,2184.00000,16/09/2011 17:00:00,2203.40000,@GC,1,1,1940.00,3450.0000,-2510.0000,
22/09/2011 19:00:00,2132.50000,23/09/2011 07:00:00,2105.50000,@GC,1,1,-2700.00,1890.0000,-2450.0000,
25/09/2011 19:00:00,2053.50000,26/09/2011 02:00:00,1973.50000,@GC,-1,1,8000.00,7400.0000,-630.0000,
09/10/2011 19:00:00,2034.00000,10/10/2011 07:00:00,2061.00000,@GC,-1,1,-2700.00,60.0000,-2650.0000,
13/10/2011 19:00:00,2062.50000,14/10/2011 17:00:00,2074.50000,@GC,1,1,1200.00,1650.0000,-650.0000,
20/10/2011 19:00:00,2014.40000,21/10/2011 17:00:00,2034.20000,@GC,1,1,1980.00,2890.0000,-810.0000,
30/10/2011 19:00:00,2136.60000,31/10/2011 17:00:00,2113.90000,@GC,-1,1,2270.00,3760.0000,-340.0000,
06/11/2011 19:00:00,2148.70000,07/11/2011 10:00:00,2175.70000,@GC,-1,1,-2700.00,120.0000,-2670.0000,
10/11/2011 19:00:00,2153.10000,11/11/2011 17:00:00,2182.50000,@GC,1,1,2940.00,3050.0000,-1460.0000,
17/11/2011 19:00:00,2115.00000,18/11/2011 17:00:00,2117.70000,@GC,1,1,270.00,1700.0000,-1010.0000,
01/12/2011 19:00:00,2136.50000,02/12/2011 17:00:00,2137.50000,@GC,1,1,100.00,1860.0000,-680.0000,
08/12/2011 19:00:00,2096.90000,09/12/2011 17:00:00,2102.60000,@GC,1,1,570.00,1900.0000,-400.0000,
15/12/2011 19:00:00,1961.30000,16/12/2011 17:00:00,1987.60000,@GC,1,1,2630.00,3020.0000,-120.0000,
22/12/2011 19:00:00,1995.80000,23/12/2011 17:00:00,1997.10000,@GC,1,1,130.00,780.0000,-380.0000,
29/12/2011 19:00:00,1935.30000,30/12/2011 17:00:00,1952.00000,@GC,1,1,1670.00,3550.0000,-110.0000,
15/01/2012 19:00:00,2023.80000,17/01/2012 03:00:00,2050.80000,@GC,-1,1,-2700.00,390.0000,-2650.0000,
19/01/2012 19:00:00,2045.00000,20/01/2012 17:00:00,2054.80000,@GC,1,1,980.00,1020.0000,-1180.0000,
05/02/2012 19:00:00,2115.60000,06/02/2012 17:00:00,2107.20000,@GC,-1,1,840.00,1700.0000,-990.0000,
09/02/2012 19:00:00,2115.70000,10/02/2012 17:00:00,2106.60000,@GC,1,1,-910.00,610.0000,-2470.0000,
12/02/2012 19:00:00,2112.00000,13/02/2012 17:00:00,2110.50000,@GC,-1,1,150.00,970.0000,-800.0000,
19/02/2012 19:00:00,2113.00000,21/02/2012 04:00:00,2127.60000,@GC,-1,1,-1460.00,140.0000,-1640.0000,
26/02/2012 19:00:00,2161.40000,27/02/2012 17:00:00,2153.20000,@GC,-1,1,820.00,1420.0000,-420.0000,
04/03/2012 19:00:00,2097.00000,05/03/2012 17:00:00,2091.00000,@GC,-1,1,600.00,1800.0000,-560.0000,
22/03/2012 19:00:00,2028.70000,23/03/2012 17:00:00,2047.30000,@GC,1,1,1860.00,2220.0000,-260.0000,
29/03/2012 19:00:00,2045.10000,30/03/2012 17:00:00,2052.20000,@GC,1,1,710.00,950.0000,-200.0000,
15/04/2012 19:00:00,2040.60000,16/04/2012 17:00:00,2034.60000,@GC,-1,1,600.00,1670.0000,-90.0000,
03/05/2012 19:00:00,2018.30000,04/05/2012 17:00:00,2024.70000,@GC,1,1,640.00,1160.0000,-960.0000,
13/05/2012 19:00:00,1967.40000,14/05/2012 17:00:00,1940.20000,@GC,-1,1,2720.00,3050.0000,-30.0000,
24/05/2012 19:00:00,1939.50000,25/05/2012 17:00:00,1954.50000,@GC,1,1,1500.00,1610.0000,-690.0000,
31/05/2012 19:00:00,1941.40000,01/06/2012 17:00:00,2003.10000,@GC,1,1,6170.00,7020.0000,-1630.0000,
07/06/2012 19:00:00,1969.90000,07/06/2012 23:00:00,1942.90000,@GC,1,1,-2700.00,330.0000,-1230.0000,
21/06/2012 19:00:00,1945.30000,22/06/2012 17:00:00,1953.20000,@GC,1,1,790.00,840.0000,-710.0000,
28/06/2012 19:00:00,1931.40000,29/06/2012 17:00:00,1978.60000,@GC,1,1,4720.00,5600.0000,-50.0000,
05/07/2012 19:00:00,1984.80000,06/07/2012 13:00:00,1957.80000,@GC,1,1,-2700.00,540.0000,-2300.0000,
08/07/2012 19:00:00,1962.00000,09/07/2012 17:00:00,1967.10000,@GC,-1,1,-510.00,640.0000,-1070.0000,
12/07/2012 19:00:00,1950.80000,13/07/2012 17:00:00,1967.70000,@GC,1,1,1690.00,2530.0000,-560.0000,
02/08/2012 19:00:00,1967.20000,03/08/2012 17:00:00,1980.70000,@GC,1,1,1350.00,1760.0000,-380.0000,
26/08/2012 19:00:00,2048.10000,27/08/2012 17:00:00,2041.30000,@GC,-1,1,680.00,720.0000,-610.0000,
30/08/2012 19:00:00,2032.70000,31/08/2012 17:00:00,2069.40000,@GC,1,1,3670.00,3770.0000,-1070.0000,
20/09/2012 19:00:00,2145.10000,21/09/2012 17:00:00,2150.60000,@GC,1,1,550.00,1980.0000,-110.0000,
30/09/2012 19:00:00,2148.60000,01/10/2012 17:00:00,2154.20000,@GC,-1,1,-560.00,800.0000,-2070.0000,
07/10/2012 19:00:00,2156.90000,08/10/2012 17:00:00,2151.40000,@GC,-1,1,550.00,1380.0000,-50.0000,
14/10/2012 19:00:00,2130.10000,15/10/2012 17:00:00,2113.00000,@GC,-1,1,1710.00,2550.0000,-30.0000,
18/10/2012 19:00:00,2117.30000,19/10/2012 17:00:00,2098.20000,@GC,1,1,-1910.00,230.0000,-2640.0000,
21/10/2012 19:00:00,2097.60000,22/10/2012 17:00:00,2104.70000,@GC,-1,1,-710.00,830.0000,-760.0000,
28/10/2012 19:00:00,2087.10000,29/10/2012 17:00:00,2084.60000,@GC,-1,1,250.00,600.0000,-560.0000,
01/11/2012 19:00:00,2090.50000,02/11/2012 11:00:00,2063.50000,@GC,1,1,-2700.00,160.0000,-2490.0000,
04/11/2012 19:00:00,2051.60000,05/11/2012 17:00:00,2059.20000,@GC,-1,1,-760.00,420.0000,-950.0000,
11/11/2012 19:00:00,2106.70000,12/11/2012 17:00:00,2103.00000,@GC,-1,1,370.00,660.0000,-620.0000,
15/11/2012 19:00:00,2090.40000,16/11/2012 17:00:00,2086.50000,@GC,1,1,-390.00,170.0000,-990.0000,
18/11/2012 19:00:00,2089.30000,19/11/2012 17:00:00,2107.40000,@GC,-1,1,-1810.00,100.0000,-2110.0000,
02/12/2012 19:00:00,2087.90000,03/12/2012 17:00:00,2089.10000,@GC,-1,1,-120.00,130.0000,-940.0000,
13/12/2012 19:00:00,2072.00000,14/12/2012 17:00:00,2067.90000,@GC,1,1,-410.00,230.0000,-560.0000,
16/12/2012 19:00:00,2070.80000,17/12/2012 17:00:00,2071.40000,@GC,-1,1,-60.00,1090.0000,-260.0000,
20/12/2012 19:00:00,2020.90000,21/12/2012 17:00:00,2028.20000,@GC,1,1,730.00,1200.0000,-1220.0000,
30/12/2012 19:00:00,2028.30000,31/12/2012 17:00:00,2046.00000,@GC,-1,1,-1770.00,0.0000,-2510.0000,
03/01/2013 19:00:00,2036.20000,04/01/2013 05:00:00,2009.20000,@GC,1,1,-2700.00,70.0000,-2550.0000,
06/01/2013 19:00:00,2028.70000,07/01/2013 17:00:00,2019.00000,@GC,-1,1,970.00,1370.0000,-670.0000,
13/01/2013 19:00:00,2031.90000,14/01/2013 17:00:00,2040.50000,@GC,-1,1,-860.00,0.0000,-1530.0000,
20/01/2013 19:00:00,2058.90000,22/01/2013 04:00:00,2065.60000,@GC,-1,1,-670.00,170.0000,-780.0000,
24/01/2013 19:00:00,2039.40000,25/01/2013 17:00:00,2030.70000,@GC,1,1,-870.00,460.0000,-1200.0000,
27/01/2013 19:00:00,2030.30000,28/01/2013 17:00:00,2026.90000,@GC,-1,1,340.00,690.0000,-370.0000,
31/01/2013 19:00:00,2035.50000,01/02/2013 17:00:00,2038.90000,@GC,1,1,340.00,1780.0000,-460.0000,
07/02/2013 19:00:00,2042.10000,08/02/2013 17:00:00,2039.70000,@GC,1,1,-240.00,250.0000,-600.0000,
10/02/2013 19:00:00,2038.20000,11/02/2013 17:00:00,2020.60000,@GC,-1,1,1760.00,2380.0000,-240.0000,
14/02/2013 22:00:00,2002.20000,15/02/2013 11:00:00,1975.20000,@GC,1,1,-2700.00,300.0000,-2650.0000,
17/02/2013 19:00:00,1980.30000,19/02/2013 04:00:00,1982.60000,@GC,-1,1,-230.00,330.0000,-880.0000,
28/02/2013 19:00:00,1948.80000,01/03/2013 17:00:00,1945.40000,@GC,1,1,-340.00,840.0000,-1450.0000,
03/03/2013 19:00:00,1948.30000,04/03/2013 17:00:00,1943.60000,@GC,-1,1,470.00,930.0000,-630.0000,
07/03/2013 19:00:00,1947.70000,08/03/2013 17:00:00,1947.50000,@GC,1,1,-20.00,570.0000,-1700.0000,
10/03/2013 19:00:00,1948.60000,11/03/2013 17:00:00,1950.50000,@GC,-1,1,-190.00,380.0000,-420.0000,
24/03/2013 19:00:00,1979.10000,25/03/2013 17:00:00,1973.60000,@GC,-1,1,550.00,2040.0000,-400.0000,
31/03/2013 19:00:00,1966.40000,01/04/2013 17:00:00,1967.60000,@GC,1,1,120.00,350.0000,-290.0000,
04/04/2013 19:00:00,1922.30000,05/04/2013 17:00:00,1947.50000,@GC,1,1,2520.00,2680.0000,-500.0000,
14/04/2013 19:00:00,1849.30000,15/04/2013 06:00:00,1769.30000,@GC,-1,1,8000.00,8000.0000,-1400.0000,
28/04/2013 19:00:00,1834.50000,29/04/2013 17:00:00,1838.70000,@GC,-1,1,-420.00,460.0000,-1210.0000,
09/05/2013 19:00:00,1825.80000,10/05/2013 08:00:00,1798.80000,@GC,1,1,-2700.00,370.0000,-2670.0000,
12/05/2013 19:00:00,1816.00000,13/05/2013 17:00:00,1798.60000,@GC,-1,1,1740.00,2300.0000,-60.0000,
16/05/2013 19:00:00,1753.50000,17/05/2013 12:00:00,1726.50000,@GC,1,1,-2700.00,610.0000,-2670.0000,
19/05/2013 19:00:00,1729.60000,20/05/2013 13:00:00,1756.60000,@GC,-1,1,-2700.00,2500.0000,-2610.0000,
26/05/2013 19:00:00,1754.60000,28/05/2013 04:00:00,1757.70000,@GC,-1,1,-310.00,330.0000,-930.0000,
02/06/2013 19:00:00,1756.30000,03/06/2013 12:00:00,1783.30000,@GC,-1,1,-2700.00,50.0000,-2660.0000,
09/06/2013 19:00:00,1750.50000,10/06/2013 17:00:00,1752.70000,@GC,-1,1,-220.00,790.0000,-550.0000,
13/06/2013 19:00:00,1752.30000,14/06/2013 17:00:00,1757.40000,@GC,1,1,510.00,700.0000,-700.0000,
20/06/2013 19:00:00,1645.10000,21/06/2013 17:00:00,1661.10000,@GC,1,1,1600.00,2410.0000,-890.0000,
27/06/2013 19:00:00,1567.00000,28/06/2013 17:00:00,1599.40000,@GC,1,1,3240.00,3380.0000,-2010.0000,
07/07/2013 19:00:00,1588.60000,08/07/2013 17:00:00,1602.70000,@GC,-1,1,-1410.00,670.0000,-1630.0000,
14/07/2013 19:00:00,1651.40000,15/07/2013 17:00:00,1651.30000,@GC,-1,1,10.00,1140.0000,-970.0000,
28/07/2013 19:00:00,1700.60000,29/07/2013 17:00:00,1697.00000,@GC,-1,1,360.00,1040.0000,-500.0000,
01/08/2013 19:00:00,1674.80000,02/08/2013 17:00:00,1674.10000,@GC,1,1,-70.00,1030.0000,-2530.0000,
29/08/2013 19:00:00,1774.60000,30/08/2013 17:00:00,1761.10000,@GC,1,1,-1350.00,400.0000,-1570.0000,
01/09/2013 19:00:00,1761.10000,03/09/2013 04:00:00,1757.70000,@GC,-1,1,340.00,2040.0000,-450.0000,
05/09/2013 19:00:00,1733.80000,06/09/2013 17:00:00,1756.00000,@GC,1,1,2220.00,2690.0000,-790.0000,
12/09/2013 19:00:00,1689.80000,13/09/2013 17:00:00,1690.60000,@GC,1,1,80.00,810.0000,-1810.0000,
22/09/2013 19:00:00,1694.10000,23/09/2013 17:00:00,1688.50000,@GC,-1,1,560.00,1360.0000,-500.0000,
26/09/2013 19:00:00,1690.80000,27/09/2013 17:00:00,1703.60000,@GC,1,1,1280.00,2150.0000,-370.0000,
06/10/2013 19:00:00,1679.40000,07/10/2013 17:00:00,1689.70000,@GC,-1,1,-1030.00,440.0000,-1720.0000,
10/10/2013 19:00:00,1653.50000,11/10/2013 17:00:00,1637.10000,@GC,1,1,-1640.00,840.0000,-2680.0000,
13/10/2013 19:00:00,1642.60000,14/10/2013 17:00:00,1639.40000,@GC,-1,1,320.00,710.0000,-1610.0000,
20/10/2013 19:00:00,1683.10000,21/10/2013 17:00:00,1682.60000,@GC,-1,1,50.00,400.0000,-790.0000,
31/10/2013 19:00:00,1690.20000,01/11/2013 17:00:00,1682.40000,@GC,1,1,-780.00,420.0000,-1750.0000,
03/11/2013 19:00:00,1680.10000,04/11/2013 17:00:00,1681.30000,@GC,-1,1,-120.00,220.0000,-940.0000,
07/11/2013 19:00:00,1674.90000,08/11/2013 11:00:00,1647.90000,@GC,1,1,-2700.00,560.0000,-2680.0000,
10/11/2013 19:00:00,1655.40000,11/11/2013 17:00:00,1650.00000,@GC,-1,1,540.00,1020.0000,-50.0000,
21/11/2013 19:00:00,1609.40000,22/11/2013 17:00:00,1609.70000,@GC,1,1,30.00,600.0000,-200.0000,
05/12/2013 19:00:00,1592.00000,06/12/2013 17:00:00,1595.10000,@GC,1,1,310.00,2000.0000,-1490.0000,
12/12/2013 19:00:00,1593.10000,13/12/2013 17:00:00,1604.10000,@GC,1,1,1100.00,1200.0000,-660.0000,
19/12/2013 19:00:00,1555.80000,20/12/2013 17:00:00,1568.30000,@GC,1,1,1250.00,1810.0000,-80.0000,
30/01/2014 19:00:00,1611.30000,31/01/2014 17:00:00,1612.00000,@GC,1,1,70.00,1080.0000,-580.0000,
02/03/2014 19:00:00,1699.70000,03/03/2014 17:00:00,1719.40000,@GC,-1,1,-1970.00,170.0000,-2260.0000,
09/03/2014 19:00:00,1708.10000,10/03/2014 17:00:00,1707.30000,@GC,-1,1,80.00,1330.0000,-410.0000,
20/03/2014 19:00:00,1696.60000,21/03/2014 17:00:00,1701.10000,@GC,1,1,450.00,1370.0000,-130.0000,
27/03/2014 19:00:00,1659.60000,28/03/2014 17:00:00,1660.60000,@GC,1,1,100.00,710.0000,-620.0000,
03/04/2014 19:00:00,1653.90000,04/04/2014 17:00:00,1670.90000,@GC,1,1,1700.00,2090.0000,-220.0000,
20/04/2014 19:00:00,1662.20000,21/04/2014 17:00:00,1657.20000,@GC,1,1,-500.00,760.0000,-1310.0000,
01/05/2014 19:00:00,1652.00000,02/05/2014 17:00:00,1665.80000,@GC,1,1,1380.00,2020.0000,-1270.0000,
08/05/2014 19:00:00,1656.90000,09/05/2014 17:00:00,1656.10000,@GC,1,1,-80.00,490.0000,-410.0000,
11/05/2014 19:00:00,1657.10000,12/05/2014 17:00:00,1664.60000,@GC,-1,1,-750.00,1210.0000,-1470.0000,
15/05/2014 19:00:00,1663.70000,16/05/2014 17:00:00,1660.40000,@GC,1,1,-330.00,190.0000,-870.0000,
18/05/2014 19:00:00,1660.30000,19/05/2014 17:00:00,1660.90000,@GC,-1,1,-60.00,350.0000,-1270.0000,
25/05/2014 19:00:00,1660.90000,27/05/2014 05:00:00,1651.60000,@GC,-1,1,930.00,1120.0000,-120.0000,
29/05/2014 19:00:00,1623.10000,30/05/2014 17:00:00,1617.90000,@GC,1,1,-520.00,460.0000,-1380.0000,
01/06/2014 19:00:00,1617.60000,02/06/2014 17:00:00,1610.40000,@GC,-1,1,720.00,940.0000,-50.0000,
08/06/2014 19:00:00,1620.10000,09/06/2014 17:00:00,1620.50000,@GC,-1,1,-40.00,140.0000,-430.0000,
22/06/2014 19:00:00,1682.00000,23/06/2014 17:00:00,1685.30000,@GC,-1,1,-330.00,450.0000,-430.0000,
26/06/2014 19:00:00,1684.20000,27/06/2014 17:00:00,1683.90000,@GC,1,1,-30.00,600.0000,-390.0000,
29/06/2014 19:00:00,1683.90000,30/06/2014 17:00:00,1697.20000,@GC,-1,1,-1330.00,580.0000,-1360.0000,
03/07/2014 19:00:00,1688.20000,07/07/2014 05:00:00,1681.80000,@GC,1,1,-640.00,300.0000,-790.0000,
20/07/2014 19:00:00,1678.40000,21/07/2014 17:00:00,1680.50000,@GC,-1,1,-210.00,340.0000,-770.0000,
24/07/2014 19:00:00,1661.30000,25/07/2014 17:00:00,1674.60000,@GC,1,1,1330.00,1470.0000,-320.0000,
31/07/2014 19:00:00,1648.80000,01/08/2014 17:00:00,1658.50000,@GC,1,1,970.00,1420.0000,-320.0000,
10/08/2014 19:00:00,1675.00000,11/08/2014 17:00:00,1675.00000,@GC,-1,1,0.00,400.0000,-250.0000,
17/08/2014 19:00:00,1668.80000,18/08/2014 17:00:00,1664.50000,@GC,-1,1,430.00,770.0000,-70.0000,
21/08/2014 19:00:00,1642.80000,22/08/2014 17:00:00,1645.90000,@GC,1,1,310.00,570.0000,-360.0000,
31/08/2014 19:00:00,1653.10000,02/09/2014 05:00:00,1642.60000,@GC,-1,1,1050.00,1330.0000,-240.0000,
04/09/2014 19:00:00,1626.30000,05/09/2014 17:00:00,1634.10000,@GC,1,1,780.00,1310.0000,-370.0000,
11/09/2014 19:00:00,1605.50000,12/09/2014 17:00:00,1595.80000,@GC,1,1,-970.00,140.0000,-1280.0000,
14/09/2014 19:00:00,1592.90000,15/09/2014 17:00:00,1598.90000,@GC,-1,1,-600.00,200.0000,-1090.0000,
21/09/2014 19:00:00,1581.00000,22/09/2014 17:00:00,1580.30000,@GC,-1,1,70.00,760.0000,-460.0000,
28/09/2014 19:00:00,1583.70000,29/09/2014 17:00:00,1581.50000,@GC,-1,1,220.00,330.0000,-480.0000,
05/10/2014 19:00:00,1556.60000,06/10/2014 17:00:00,1571.90000,@GC,-1,1,-1530.00,870.0000,-1790.0000,
12/10/2014 19:00:00,1589.40000,13/10/2014 17:00:00,1597.40000,@GC,-1,1,-800.00,120.0000,-1320.0000,
16/10/2014 19:00:00,1604.10000,17/10/2014 17:00:00,1602.70000,@GC,1,1,-140.00,260.0000,-750.0000,
19/10/2014 19:00:00,1603.70000,20/10/2014 17:00:00,1611.10000,@GC,-1,1,-740.00,420.0000,-1020.0000,
23/10/2014 19:00:00,1598.10000,24/10/2014 17:00:00,1595.70000,@GC,1,1,-240.00,120.0000,-480.0000,
26/10/2014 19:00:00,1595.20000,27/10/2014 17:00:00,1592.60000,@GC,-1,1,260.00,350.0000,-150.0000,
30/10/2014 19:00:00,1564.10000,31/10/2014 04:00:00,1537.10000,@GC,1,1,-2700.00,290.0000,-2620.0000,
02/11/2014 19:00:00,1535.70000,03/11/2014 17:00:00,1531.00000,@GC,-1,1,470.00,1010.0000,-230.0000,
13/11/2014 19:00:00,1526.40000,14/11/2014 17:00:00,1554.70000,@GC,1,1,2830.00,3110.0000,-1580.0000,
04/12/2014 19:00:00,1569.80000,05/12/2014 17:00:00,1555.30000,@GC,1,1,-1450.00,260.0000,-1950.0000,
07/12/2014 19:00:00,1555.10000,08/12/2014 17:00:00,1569.10000,@GC,-1,1,-1400.00,390.0000,-1810.0000,
14/12/2014 19:00:00,1585.90000,15/12/2014 17:00:00,1555.30000,@GC,-1,1,3060.00,3070.0000,-300.0000,
21/12/2014 19:00:00,1559.90000,22/12/2014 17:00:00,1536.30000,@GC,-1,1,2360.00,2530.0000,-760.0000,
08/01/2015 19:00:00,1572.80000,09/01/2015 17:00:00,1584.60000,@GC,1,1,1180.00,1260.0000,-190.0000,
25/01/2015 19:00:00,1656.70000,26/01/2015 17:00:00,1644.00000,@GC,-1,1,1270.00,1720.0000,-640.0000,
29/01/2015 19:00:00,1621.70000,30/01/2015 17:00:00,1647.90000,@GC,1,1,2620.00,2640.0000,-150.0000,
05/02/2015 19:00:00,1629.10000,06/02/2015 10:00:00,1602.10000,@GC,1,1,-2700.00,260.0000,-2530.0000,
08/02/2015 19:00:00,1598.60000,09/02/2015 17:00:00,1603.60000,@GC,-1,1,-500.00,150.0000,-770.0000,
19/02/2015 19:00:00,1570.70000,20/02/2015 17:00:00,1563.30000,@GC,1,1,-740.00,730.0000,-1030.0000,
22/02/2015 19:00:00,1566.20000,23/02/2015 17:00:00,1564.70000,@GC,-1,1,150.00,1290.0000,-680.0000,
05/03/2015 19:00:00,1560.20000,06/03/2015 12:00:00,1533.20000,@GC,1,1,-2700.00,250.0000,-2580.0000,
08/03/2015 19:00:00,1532.30000,09/03/2015 17:00:00,1528.60000,@GC,-1,1,370.00,410.0000,-480.0000,
12/03/2015 19:00:00,1515.30000,13/03/2015 17:00:00,1517.00000,@GC,1,1,170.00,830.0000,-220.0000,
29/03/2015 19:00:00,1560.40000,30/03/2015 17:00:00,1547.00000,@GC,-1,1,1340.00,1640.0000,-100.0000,
05/04/2015 19:00:00,1574.40000,06/04/2015 17:00:00,1577.80000,@GC,1,1,340.00,1190.0000,0.0000,
09/04/2015 19:00:00,1555.60000,10/04/2015 17:00:00,1570.10000,@GC,1,1,1450.00,1680.0000,-90.0000,
16/04/2015 19:00:00,1560.40000,17/04/2015 17:00:00,1565.90000,@GC,1,1,550.00,920.0000,-160.0000,
26/04/2015 19:00:00,1541.10000,27/04/2015 13:00:00,1568.10000,@GC,-1,1,-2700.00,170.0000,-2620.0000,
30/04/2015 19:00:00,1545.50000,01/05/2015 17:00:00,1539.40000,@GC,1,1,-610.00,70.0000,-1530.0000,
03/05/2015 19:00:00,1538.40000,04/05/2015 17:00:00,1550.30000,@GC,-1,1,-1190.00,0.0000,-1550.0000,
07/05/2015 19:00:00,1545.50000,08/05/2015 17:00:00,1549.20000,@GC,1,1,370.00,930.0000,-320.0000,
21/05/2015 19:00:00,1567.80000,22/05/2015 17:00:00,1566.60000,@GC,1,1,-120.00,860.0000,-500.0000,
24/05/2015 19:00:00,1567.00000,26/05/2015 05:00:00,1558.30000,@GC,-1,1,870.00,1050.0000,-300.0000,
04/06/2015 19:00:00,1537.40000,05/06/2015 17:00:00,1531.10000,@GC,1,1,-630.00,150.0000,-1440.0000,
07/06/2015 19:00:00,1531.70000,08/06/2015 17:00:00,1534.20000,@GC,-1,1,-250.00,230.0000,-630.0000,
11/06/2015 19:00:00,1541.70000,12/06/2015 17:00:00,1541.30000,@GC,1,1,-40.00,290.0000,-520.0000,
14/06/2015 19:00:00,1540.90000,15/06/2015 17:00:00,1546.40000,@GC,-1,1,-550.00,810.0000,-1020.0000,
21/06/2015 19:00:00,1560.60000,22/06/2015 17:00:00,1545.50000,@GC,-1,1,1510.00,1810.0000,-110.0000,
25/06/2015 19:00:00,1533.40000,26/06/2015 17:00:00,1534.50000,@GC,1,1,110.00,550.0000,-540.0000,
02/07/2015 19:00:00,1526.10000,06/07/2015 05:00:00,1524.70000,@GC,1,1,-140.00,920.0000,-290.0000,
16/07/2015 19:00:00,1505.20000,17/07/2015 17:00:00,1493.40000,@GC,1,1,-1180.00,20.0000,-1470.0000,
19/07/2015 19:00:00,1493.30000,20/07/2015 17:00:00,1462.70000,@GC,-1,1,3060.00,5240.0000,-10.0000,
23/07/2015 19:00:00,1450.40000,24/07/2015 17:00:00,1459.10000,@GC,1,1,870.00,1140.0000,-1720.0000,
30/07/2015 19:00:00,1448.10000,31/07/2015 17:00:00,1454.80000,@GC,1,1,670.00,1530.0000,-850.0000,
13/08/2015 19:00:00,1475.00000,14/08/2015 17:00:00,1474.80000,@GC,1,1,-20.00,580.0000,-350.0000,
27/08/2015 19:00:00,1484.80000,28/08/2015 17:00:00,1494.10000,@GC,1,1,930.00,1590.0000,-130.0000,
03/09/2015 19:00:00,1484.90000,04/09/2015 17:00:00,1481.60000,@GC,1,1,-330.00,860.0000,-880.0000,
06/09/2015 19:00:00,1483.40000,08/09/2015 05:00:00,1479.50000,@GC,-1,1,390.00,830.0000,-110.0000,
13/09/2015 19:00:00,1467.40000,14/09/2015 17:00:00,1468.20000,@GC,-1,1,-80.00,440.0000,-280.0000,
27/09/2015 19:00:00,1505.40000,28/09/2015 17:00:00,1491.80000,@GC,-1,1,1360.00,1770.0000,-280.0000,
01/10/2015 19:00:00,1472.90000,02/10/2015 17:00:00,1497.40000,@GC,1,1,2450.00,2840.0000,-870.0000,
08/10/2015 19:00:00,1498.50000,09/10/2015 17:00:00,1517.40000,@GC,1,1,1890.00,2120.0000,-10.0000,
15/10/2015 19:00:00,1542.90000,16/10/2015 17:00:00,1535.20000,@GC,1,1,-770.00,230.0000,-820.0000,
18/10/2015 19:00:00,1537.30000,19/10/2015 17:00:00,1530.20000,@GC,-1,1,710.00,860.0000,-130.0000,
22/10/2015 19:00:00,1526.30000,23/10/2015 17:00:00,1524.70000,@GC,1,1,-160.00,1350.0000,-730.0000,
25/10/2015 19:00:00,1524.20000,26/10/2015 17:00:00,1524.10000,@GC,-1,1,10.00,180.0000,-580.0000,
29/10/2015 19:00:00,1507.00000,30/10/2015 17:00:00,1501.50000,@GC,1,1,-550.00,320.0000,-820.0000,
01/11/2015 19:00:00,1501.70000,02/11/2015 17:00:00,1494.40000,@GC,-1,1,730.00,880.0000,-140.0000,
05/11/2015 19:00:00,1463.60000,06/11/2015 17:00:00,1447.20000,@GC,1,1,-1640.00,650.0000,-1870.0000,
08/11/2015 19:00:00,1449.50000,09/11/2015 17:00:00,1450.30000,@GC,-1,1,-80.00,170.0000,-580.0000,
12/11/2015 19:00:00,1443.90000,13/11/2015 17:00:00,1441.70000,@GC,1,1,-220.00,450.0000,-530.0000,
15/11/2015 19:00:00,1448.30000,16/11/2015 17:00:00,1442.80000,@GC,-1,1,550.00,740.0000,-950.0000,
22/11/2015 19:00:00,1436.80000,23/11/2015 17:00:00,1427.80000,@GC,-1,1,900.00,1140.0000,-10.0000,
10/12/2015 19:00:00,1432.10000,11/12/2015 17:00:00,1437.40000,@GC,1,1,530.00,770.0000,-970.0000,
17/12/2015 19:00:00,1412.20000,18/12/2015 17:00:00,1426.30000,@GC,1,1,1410.00,1950.0000,-150.0000,
10/01/2016 19:00:00,1464.30000,11/01/2016 17:00:00,1455.20000,@GC,-1,1,910.00,970.0000,-470.0000,
14/01/2016 19:00:00,1439.90000,15/01/2016 17:00:00,1448.60000,@GC,1,1,870.00,1830.0000,-320.0000,
24/01/2016 19:00:00,1458.50000,25/01/2016 17:00:00,1469.60000,@GC,-1,1,-1110.00,20.0000,-1120.0000,
28/01/2016 19:00:00,1475.10000,29/01/2016 17:00:00,1478.20000,@GC,1,1,310.00,410.0000,-630.0000,
14/02/2016 19:00:00,1596.60000,16/02/2016 05:00:00,1560.30000,@GC,-1,1,3630.00,4480.0000,0.0000,
21/02/2016 19:00:00,1587.20000,22/02/2016 17:00:00,1568.10000,@GC,-1,1,1910.00,2440.0000,0.0000,
28/02/2016 19:00:00,1583.40000,29/02/2016 17:00:00,1601.30000,@GC,-1,1,-1790.00,680.0000,-1870.0000,
06/03/2016 19:00:00,1620.80000,07/03/2016 17:00:00,1628.00000,@GC,-1,1,-720.00,310.0000,-1360.0000,
13/03/2016 19:00:00,1611.20000,14/03/2016 17:00:00,1594.10000,@GC,-1,1,1710.00,2100.0000,-1100.0000,
17/03/2016 19:00:00,1618.00000,18/03/2016 17:00:00,1614.20000,@GC,1,1,-380.00,1000.0000,-930.0000,
20/03/2016 19:00:00,1615.50000,21/03/2016 17:00:00,1604.90000,@GC,-1,1,1060.00,1400.0000,-150.0000,
27/03/2016 19:00:00,1576.30000,28/03/2016 17:00:00,1580.30000,@GC,1,1,400.00,720.0000,-1000.0000,
03/04/2016 19:00:00,1581.40000,04/04/2016 17:00:00,1574.90000,@GC,-1,1,650.00,730.0000,-110.0000,
10/04/2016 19:00:00,1600.20000,11/04/2016 17:00:00,1616.30000,@GC,-1,1,-1610.00,20.0000,-1910.0000,
14/04/2016 19:00:00,1586.90000,15/04/2016 17:00:00,1594.10000,@GC,1,1,720.00,910.0000,-170.0000,
24/04/2016 19:00:00,1592.90000,25/04/2016 17:00:00,1597.30000,@GC,-1,1,-440.00,320.0000,-930.0000,
05/05/2016 19:00:00,1637.70000,06/05/2016 17:00:00,1649.60000,@GC,1,1,1190.00,1840.0000,-310.0000,
12/05/2016 19:00:00,1623.20000,13/05/2016 17:00:00,1633.30000,@GC,1,1,1010.00,1290.0000,-80.0000,
19/05/2016 19:00:00,1614.70000,20/05/2016 17:00:00,1611.80000,@GC,1,1,-290.00,490.0000,-670.0000,
22/05/2016 19:00:00,1610.10000,23/05/2016 17:00:00,1608.30000,@GC,-1,1,180.00,820.0000,-510.0000,
26/05/2016 19:00:00,1578.40000,27/05/2016 17:00:00,1568.50000,@GC,1,1,-990.00,350.0000,-1330.0000,
29/05/2016 19:00:00,1571.20000,31/05/2016 05:00:00,1569.60000,@GC,-1,1,160.00,1360.0000,-190.0000,
02/06/2016 19:00:00,1568.90000,03/06/2016 17:00:00,1602.60000,@GC,1,1,3370.00,3410.0000,-370.0000,
16/06/2016 19:00:00,1638.50000,17/06/2016 17:00:00,1657.30000,@GC,1,1,1880.00,2010.0000,-360.0000,
23/06/2016 19:00:00,1610.40000,24/06/2016,1690.40000,@GC,1,1,8000.00,7500.0000,-150.0000,
07/07/2016 19:00:00,1717.10000,08/07/2016 17:00:00,1723.80000,@GC,1,1,670.00,1080.0000,-2470.0000,
14/07/2016 19:00:00,1692.50000,15/07/2016 17:00:00,1685.00000,@GC,1,1,-750.00,80.0000,-1380.0000,
24/07/2016 19:00:00,1678.80000,25/07/2016 17:00:00,1670.60000,@GC,-1,1,820.00,1160.0000,-70.0000,
28/07/2016 19:00:00,1691.30000,29/07/2016 17:00:00,1706.90000,@GC,1,1,1560.00,1930.0000,-770.0000,
07/08/2016 19:00:00,1689.80000,08/08/2016 17:00:00,1689.60000,@GC,-1,1,20.00,590.0000,-270.0000,
11/08/2016 19:00:00,1693.30000,12/08/2016 17:00:00,1689.10000,@GC,1,1,-420.00,1780.0000,-640.0000,
14/08/2016 19:00:00,1692.20000,15/08/2016 17:00:00,1693.60000,@GC,-1,1,-140.00,270.0000,-550.0000,
21/08/2016 19:00:00,1693.60000,22/08/2016 17:00:00,1691.30000,@GC,-1,1,230.00,960.0000,-70.0000,
25/08/2016 19:00:00,1673.40000,26/08/2016 17:00:00,1672.60000,@GC,1,1,-80.00,2120.0000,-360.0000,
28/08/2016 19:00:00,1672.40000,29/08/2016 17:00:00,1675.20000,@GC,-1,1,-280.00,660.0000,-470.0000,
08/09/2016 19:00:00,1690.20000,09/09/2016 17:00:00,1680.80000,@GC,1,1,-940.00,200.0000,-980.0000,
11/09/2016 19:00:00,1680.60000,12/09/2016 17:00:00,1679.00000,@GC,-1,1,160.00,870.0000,-180.0000,
15/09/2016 19:00:00,1666.90000,16/09/2016 17:00:00,1662.70000,@GC,1,1,-420.00,320.0000,-910.0000,
18/09/2016 19:00:00,1661.80000,19/09/2016 17:00:00,1665.10000,@GC,-1,1,-330.00,60.0000,-860.0000,
29/09/2016 19:00:00,1672.20000,30/09/2016 17:00:00,1669.10000,@GC,1,1,-310.00,790.0000,-760.0000,
02/10/2016 19:00:00,1669.60000,03/10/2016 17:00:00,1664.30000,@GC,-1,1,530.00,920.0000,-160.0000,
06/10/2016 19:00:00,1605.40000,07/10/2016 17:00:00,1605.80000,@GC,1,1,40.00,1080.0000,-1360.0000,
16/10/2016 19:00:00,1601.50000,17/10/2016 17:00:00,1604.00000,@GC,-1,1,-250.00,180.0000,-530.0000,
20/10/2016 19:00:00,1615.10000,21/10/2016 17:00:00,1616.20000,@GC,1,1,110.00,230.0000,-480.0000,
10/11/2016 19:00:00,1607.30000,11/11/2016 11:00:00,1580.30000,@GC,1,1,-2700.00,630.0000,-2500.0000,
13/11/2016 19:00:00,1576.30000,14/11/2016 17:00:00,1566.40000,@GC,-1,1,990.00,1670.0000,-320.0000,
17/11/2016 19:00:00,1564.60000,18/11/2016 17:00:00,1556.50000,@GC,1,1,-810.00,150.0000,-1470.0000,
20/11/2016 19:00:00,1555.90000,21/11/2016 17:00:00,1560.70000,@GC,-1,1,-480.00,190.0000,-1050.0000,
01/12/2016 19:00:00,1520.30000,02/12/2016 17:00:00,1523.70000,@GC,1,1,340.00,600.0000,-590.0000,
08/12/2016 19:00:00,1518.50000,09/12/2016 17:00:00,1506.20000,@GC,1,1,-1230.00,130.0000,-1490.0000,
11/12/2016 19:00:00,1507.40000,12/12/2016 17:00:00,1510.30000,@GC,-1,1,-290.00,890.0000,-650.0000,
15/12/2016 19:00:00,1476.50000,16/12/2016 17:00:00,1481.40000,@GC,1,1,490.00,1270.0000,-200.0000,
22/12/2016 19:00:00,1476.00000,23/12/2016 17:00:00,1479.60000,@GC,1,1,360.00,730.0000,-50.0000,
02/01/2017 19:00:00,1497.40000,03/01/2017 17:00:00,1506.10000,@GC,-1,1,-870.00,490.0000,-1460.0000,
08/01/2017 19:00:00,1518.90000,09/01/2017 17:00:00,1528.70000,@GC,-1,1,-980.00,70.0000,-1350.0000,
26/01/2017 19:00:00,1534.50000,27/01/2017 17:00:00,1536.10000,@GC,1,1,160.00,250.0000,-880.0000,
09/02/2017 19:00:00,1572.90000,10/02/2017 17:00:00,1578.80000,@GC,1,1,590.00,930.0000,-700.0000,
19/02/2017 19:00:00,1579.70000,21/02/2017 05:00:00,1577.00000,@GC,-1,1,270.00,400.0000,-380.0000,
02/03/2017 19:00:00,1578.10000,03/03/2017 17:00:00,1578.00000,@GC,1,1,-10.00,190.0000,-1180.0000,
09/03/2017 19:00:00,1543.50000,10/03/2017 17:00:00,1547.30000,@GC,1,1,380.00,600.0000,-570.0000,
23/03/2017 19:00:00,1588.30000,24/03/2017 17:00:00,1591.10000,@GC,1,1,280.00,690.0000,-430.0000,
26/03/2017 19:00:00,1588.80000,27/03/2017 17:00:00,1598.40000,@GC,-1,1,-960.00,0.0000,-1550.0000,
30/03/2017 19:00:00,1584.70000,31/03/2017 17:00:00,1589.60000,@GC,1,1,490.00,820.0000,-310.0000,
06/04/2017 19:00:00,1594.00000,07/04/2017 17:00:00,1596.40000,@GC,1,1,240.00,1940.0000,-150.0000,
27/04/2017 19:00:00,1605.30000,28/04/2017 17:00:00,1609.70000,@GC,1,1,440.00,470.0000,-100.0000,
04/05/2017 19:00:00,1568.60000,05/05/2017 17:00:00,1569.70000,@GC,1,1,110.00,750.0000,-230.0000,
18/05/2017 19:00:00,1586.90000,19/05/2017 17:00:00,1595.00000,@GC,1,1,810.00,960.0000,-70.0000,
25/05/2017 19:00:00,1595.20000,26/05/2017 17:00:00,1607.20000,@GC,1,1,1200.00,1420.0000,-250.0000,
01/06/2017 19:00:00,1604.80000,02/06/2017 17:00:00,1617.50000,@GC,1,1,1270.00,1380.0000,-670.0000,
08/06/2017 19:00:00,1620.30000,09/06/2017 17:00:00,1606.40000,@GC,1,1,-1390.00,110.0000,-1680.0000,
11/06/2017 19:00:00,1606.50000,12/06/2017 17:00:00,1604.10000,@GC,-1,1,240.00,410.0000,-270.0000,
15/06/2017 19:00:00,1592.40000,16/06/2017 17:00:00,1592.40000,@GC,1,1,0.00,300.0000,-240.0000,
18/06/2017 19:00:00,1592.60000,19/06/2017 17:00:00,1583.00000,@GC,-1,1,960.00,1050.0000,-150.0000,
29/06/2017 19:00:00,1582.00000,30/06/2017 17:00:00,1578.20000,@GC,1,1,-380.00,300.0000,-620.0000,
02/07/2017 19:00:00,1578.50000,03/07/2017 17:00:00,1558.00000,@GC,-1,1,2050.00,2320.0000,-90.0000,
06/07/2017 19:00:00,1561.40000,07/07/2017 17:00:00,1548.40000,@GC,1,1,-1300.00,350.0000,-1800.0000,
09/07/2017 19:00:00,1548.90000,10/07/2017 17:00:00,1550.30000,@GC,-1,1,-140.00,810.0000,-290.0000,
13/07/2017 19:00:00,1553.20000,14/07/2017 17:00:00,1564.30000,@GC,1,1,1110.00,1630.0000,-240.0000,
27/07/2017 19:00:00,1595.60000,28/07/2017 17:00:00,1606.00000,@GC,1,1,1040.00,1200.0000,-180.0000,
06/08/2017 19:00:00,1594.90000,07/08/2017 17:00:00,1593.40000,@GC,-1,1,150.00,300.0000,-130.0000,
20/08/2017 19:00:00,1619.70000,21/08/2017 17:00:00,1627.80000,@GC,-1,1,-810.00,290.0000,-1060.0000,
24/08/2017 19:00:00,1621.90000,25/08/2017 17:00:00,1627.00000,@GC,1,1,510.00,1010.0000,-1000.0000,
10/09/2017 19:00:00,1672.10000,11/09/2017 17:00:00,1662.40000,@GC,-1,1,970.00,1090.0000,-310.0000,
17/09/2017 19:00:00,1654.60000,18/09/2017 17:00:00,1642.40000,@GC,-1,1,1220.00,1590.0000,0.0000,
21/09/2017 19:00:00,1624.70000,22/09/2017 17:00:00,1630.70000,@GC,1,1,600.00,780.0000,0.0000,
01/10/2017 19:00:00,1612.80000,02/10/2017 17:00:00,1604.60000,@GC,-1,1,820.00,850.0000,-60.0000,
05/10/2017 19:00:00,1601.20000,06/10/2017 17:00:00,1607.60000,@GC,1,1,640.00,750.0000,-780.0000,
22/10/2017 19:00:00,1612.10000,23/10/2017 17:00:00,1614.30000,@GC,-1,1,-220.00,790.0000,-320.0000,
26/10/2017 19:00:00,1598.60000,27/10/2017 17:00:00,1604.50000,@GC,1,1,590.00,690.0000,-420.0000,
05/11/2017 19:00:00,1601.30000,06/11/2017 17:00:00,1612.40000,@GC,-1,1,-1110.00,430.0000,-1320.0000,
12/11/2017 19:00:00,1605.90000,13/11/2017 17:00:00,1608.50000,@GC,-1,1,-260.00,90.0000,-460.0000,
30/11/2017 19:00:00,1604.00000,01/12/2017 17:00:00,1609.80000,@GC,1,1,580.00,1460.0000,-370.0000,
07/12/2017 19:00:00,1575.60000,08/12/2017 17:00:00,1576.00000,@GC,1,1,40.00,490.0000,-510.0000,
14/12/2017 19:00:00,1581.60000,15/12/2017 17:00:00,1584.70000,@GC,1,1,310.00,900.0000,-30.0000,
07/01/2018 19:00:00,1647.90000,08/01/2018 17:00:00,1646.90000,@GC,-1,1,100.00,610.0000,-120.0000,
18/01/2018 19:00:00,1653.10000,19/01/2018 17:00:00,1658.20000,@GC,1,1,510.00,1120.0000,-40.0000,
25/01/2018 19:00:00,1672.50000,26/01/2018 17:00:00,1674.70000,@GC,1,1,220.00,960.0000,-270.0000,
04/02/2018 19:00:00,1655.60000,05/02/2018 17:00:00,1660.20000,@GC,-1,1,-460.00,300.0000,-1020.0000,
11/02/2018 19:00:00,1638.10000,12/02/2018 17:00:00,1644.60000,@GC,-1,1,-650.00,80.0000,-1290.0000,
18/02/2018 19:00:00,1671.20000,20/02/2018 05:00:00,1661.00000,@GC,-1,1,1020.00,1140.0000,-380.0000,
25/02/2018 19:00:00,1651.40000,26/02/2018 17:00:00,1655.90000,@GC,-1,1,-450.00,240.0000,-1250.0000,
01/03/2018 19:00:00,1639.00000,02/03/2018 17:00:00,1644.00000,@GC,1,1,500.00,860.0000,-180.0000,
08/03/2018 19:00:00,1643.70000,09/03/2018 17:00:00,1645.30000,@GC,1,1,160.00,320.0000,-950.0000,
15/03/2018 19:00:00,1637.80000,16/03/2018 17:00:00,1634.40000,@GC,1,1,-340.00,500.0000,-730.0000,
18/03/2018 19:00:00,1633.90000,19/03/2018 17:00:00,1637.70000,@GC,-1,1,-380.00,550.0000,-670.0000,
22/03/2018 19:00:00,1650.00000,23/03/2018 17:00:00,1666.70000,@GC,1,1,1670.00,2140.0000,-10.0000,
05/04/2018 19:00:00,1644.80000,06/04/2018 17:00:00,1651.80000,@GC,1,1,700.00,940.0000,-710.0000,
12/04/2018 19:00:00,1652.70000,13/04/2018 17:00:00,1662.50000,@GC,1,1,980.00,1270.0000,-210.0000,
19/04/2018 19:00:00,1663.60000,20/04/2018 17:00:00,1652.70000,@GC,1,1,-1090.00,40.0000,-1150.0000,
22/04/2018 19:00:00,1651.30000,23/04/2018 17:00:00,1641.70000,@GC,-1,1,960.00,1240.0000,-140.0000,
26/04/2018 19:00:00,1633.10000,27/04/2018 17:00:00,1640.00000,@GC,1,1,690.00,840.0000,-220.0000,
13/05/2018 19:00:00,1633.40000,14/05/2018 17:00:00,1628.50000,@GC,-1,1,490.00,540.0000,-410.0000,
17/05/2018 19:00:00,1605.10000,18/05/2018 17:00:00,1606.30000,@GC,1,1,120.00,370.0000,-490.0000,
27/05/2018 19:00:00,1615.50000,29/05/2018 05:00:00,1611.40000,@GC,-1,1,410.00,580.0000,-30.0000,
31/05/2018 19:00:00,1612.80000,01/06/2018 17:00:00,1606.90000,@GC,1,1,-590.00,180.0000,-990.0000,
03/06/2018 19:00:00,1606.50000,04/06/2018 17:00:00,1605.70000,@GC,-1,1,80.00,290.0000,-560.0000,
17/06/2018 19:00:00,1590.90000,18/06/2018 17:00:00,1590.70000,@GC,-1,1,20.00,160.0000,-380.0000,
21/06/2018 19:00:00,1578.40000,22/06/2018 17:00:00,1581.70000,@GC,1,1,330.00,450.0000,-20.0000,
28/06/2018 19:00:00,1559.30000,29/06/2018 17:00:00,1563.60000,@GC,1,1,430.00,760.0000,-260.0000,
08/07/2018 19:00:00,1565.50000,09/07/2018 17:00:00,1568.90000,@GC,-1,1,-340.00,0.0000,-1120.0000,
15/07/2018 19:00:00,1550.80000,16/07/2018 17:00:00,1551.00000,@GC,-1,1,-20.00,270.0000,-480.0000,
19/07/2018 19:00:00,1532.70000,20/07/2018 17:00:00,1540.40000,@GC,1,1,770.00,950.0000,-760.0000,
26/07/2018 19:00:00,1531.60000,27/07/2018 17:00:00,1532.40000,@GC,1,1,80.00,510.0000,-510.0000,
02/08/2018 19:00:00,1516.20000,03/08/2018 17:00:00,1522.10000,@GC,1,1,590.00,1250.0000,-350.0000,
09/08/2018 19:00:00,1520.20000,10/08/2018 17:00:00,1519.10000,@GC,1,1,-110.00,490.0000,-690.0000,
12/08/2018 19:00:00,1518.60000,13/08/2018 17:00:00,1500.70000,@GC,-1,1,1790.00,1980.0000,-300.0000,
16/08/2018 19:00:00,1480.90000,17/08/2018 17:00:00,1491.40000,@GC,1,1,1050.00,1060.0000,-220.0000,
23/08/2018 19:00:00,1491.80000,24/08/2018 17:00:00,1512.30000,@GC,1,1,2050.00,2380.0000,-210.0000,
30/08/2018 19:00:00,1506.50000,31/08/2018 17:00:00,1505.40000,@GC,1,1,-110.00,860.0000,-220.0000,
09/09/2018 19:00:00,1500.90000,10/09/2018 17:00:00,1500.90000,@GC,-1,1,0.00,450.0000,-310.0000,
13/09/2018 19:00:00,1506.80000,14/09/2018 17:00:00,1499.00000,@GC,1,1,-780.00,720.0000,-890.0000,
16/09/2018 19:00:00,1500.00000,17/09/2018 17:00:00,1505.50000,@GC,-1,1,-550.00,230.0000,-990.0000,
23/09/2018 19:00:00,1504.20000,24/09/2018 17:00:00,1503.50000,@GC,-1,1,70.00,540.0000,-480.0000,
27/09/2018 19:00:00,1487.00000,28/09/2018 17:00:00,1495.80000,@GC,1,1,880.00,1120.0000,-250.0000,
14/10/2018 19:00:00,1521.40000,15/10/2018 17:00:00,1529.10000,@GC,-1,1,-770.00,80.0000,-1570.0000,
25/10/2018 19:00:00,1534.90000,26/10/2018 17:00:00,1536.40000,@GC,1,1,150.00,1130.0000,-220.0000,
04/11/2018 19:00:00,1534.70000,05/11/2018 17:00:00,1532.20000,@GC,-1,1,250.00,610.0000,-230.0000,
08/11/2018 19:00:00,1524.50000,09/11/2018 17:00:00,1510.50000,@GC,1,1,-1400.00,30.0000,-1710.0000,
11/11/2018 19:00:00,1510.50000,12/11/2018 17:00:00,1502.20000,@GC,-1,1,830.00,920.0000,-170.0000,
02/12/2018 19:00:00,1521.50000,03/12/2018 17:00:00,1529.80000,@GC,-1,1,-830.00,120.0000,-1260.0000,
13/12/2018 19:00:00,1539.90000,14/12/2018 17:00:00,1535.80000,@GC,1,1,-410.00,110.0000,-970.0000,
16/12/2018 19:00:00,1536.50000,17/12/2018 17:00:00,1543.80000,@GC,-1,1,-730.00,340.0000,-940.0000,
23/12/2018 19:00:00,1554.40000,26/12/2018 04:00:00,1569.80000,@GC,-1,1,-1540.00,70.0000,-1720.0000,
06/01/2019 19:00:00,1580.70000,07/01/2019 17:00:00,1583.70000,@GC,-1,1,-300.00,290.0000,-1000.0000,
10/01/2019 19:00:00,1581.30000,11/01/2019 17:00:00,1582.30000,@GC,1,1,100.00,810.0000,-60.0000,
17/01/2019 19:00:00,1585.60000,18/01/2019 17:00:00,1573.90000,@GC,1,1,-1170.00,30.0000,-1180.0000,
20/01/2019 19:00:00,1574.40000,22/01/2019 05:00:00,1577.60000,@GC,-1,1,-320.00,470.0000,-330.0000,
24/01/2019 19:00:00,1573.80000,25/01/2019 17:00:00,1592.50000,@GC,1,1,1870.00,1970.0000,-120.0000,
03/02/2019 19:00:00,1610.10000,04/02/2019 17:00:00,1603.80000,@GC,-1,1,630.00,990.0000,-100.0000,
21/02/2019 19:00:00,1613.30000,22/02/2019 17:00:00,1618.30000,@GC,1,1,500.00,980.0000,-200.0000,
28/02/2019 19:00:00,1603.00000,01/03/2019 17:00:00,1578.90000,@GC,1,1,-2410.00,100.0000,-2420.0000,
03/03/2019 19:00:00,1581.90000,04/03/2019 17:00:00,1575.40000,@GC,-1,1,650.00,1060.0000,-370.0000,
07/03/2019 19:00:00,1574.20000,08/03/2019 17:00:00,1588.00000,@GC,1,1,1380.00,1460.0000,-110.0000,
14/03/2019 19:00:00,1583.10000,15/03/2019 17:00:00,1589.30000,@GC,1,1,620.00,1070.0000,-190.0000,
21/03/2019 19:00:00,1596.80000,22/03/2019 17:00:00,1599.70000,@GC,1,1,290.00,540.0000,-280.0000,
28/03/2019 19:00:00,1576.10000,29/03/2019 17:00:00,1578.10000,@GC,1,1,200.00,960.0000,-370.0000,
07/04/2019 19:00:00,1576.90000,08/04/2019 17:00:00,1583.10000,@GC,-1,1,-620.00,30.0000,-1210.0000,
11/04/2019 19:00:00,1576.90000,12/04/2019 17:00:00,1574.70000,@GC,1,1,-220.00,330.0000,-260.0000,
14/04/2019 19:00:00,1575.10000,15/04/2019 17:00:00,1572.00000,@GC,-1,1,310.00,870.0000,-120.0000,
02/05/2019 19:00:00,1552.70000,03/05/2019 17:00:00,1560.60000,@GC,1,1,790.00,1230.0000,-260.0000,
16/05/2019 19:00:00,1568.30000,17/05/2019 17:00:00,1559.00000,@GC,1,1,-930.00,180.0000,-1260.0000,
19/05/2019 19:00:00,1558.70000,20/05/2019 17:00:00,1558.80000,@GC,-1,1,-10.00,430.0000,-120.0000,
16/06/2019 19:00:00,1621.20000,17/06/2019 17:00:00,1619.30000,@GC,-1,1,190.00,890.0000,-160.0000,
30/06/2019 19:00:00,1677.50000,01/07/2019 17:00:00,1663.00000,@GC,-1,1,1450.00,1710.0000,-10.0000,
08/07/2019 02:00:00,1682.60000,08/07/2019 17:00:00,1669.70000,@GC,-1,1,1290.00,1310.0000,-300.0000,
11/07/2019 19:00:00,1681.90000,12/07/2019 17:00:00,1692.50000,@GC,1,1,1060.00,1270.0000,-170.0000,
21/07/2019 19:00:00,1704.20000,22/07/2019 17:00:00,1701.40000,@GC,-1,1,280.00,550.0000,-230.0000,
25/07/2019 19:00:00,1690.60000,26/07/2019 17:00:00,1692.30000,@GC,1,1,170.00,990.0000,-200.0000,
04/08/2019 19:00:00,1714.00000,05/08/2019 11:00:00,1741.00000,@GC,-1,1,-2700.00,240.0000,-2690.0000,
08/08/2019 19:00:00,1778.70000,09/08/2019 17:00:00,1772.60000,@GC,1,1,-610.00,520.0000,-970.0000,
11/08/2019 19:00:00,1772.00000,12/08/2019 17:00:00,1786.00000,@GC,-1,1,-1400.00,1060.0000,-2230.0000,
18/08/2019 19:00:00,1785.80000,19/08/2019 17:00:00,1769.20000,@GC,-1,1,1660.00,1970.0000,-60.0000,
22/08/2019 19:00:00,1771.60000,23/08/2019 17:00:00,1801.30000,@GC,1,1,2970.00,3150.0000,-580.0000,
29/08/2019 19:00:00,1799.70000,30/08/2019 17:00:00,1795.70000,@GC,1,1,-400.00,500.0000,-1130.0000,
01/09/2019 19:00:00,1798.00000,03/09/2019 05:00:00,1802.30000,@GC,-1,1,-430.00,720.0000,-930.0000,
05/09/2019 19:00:00,1788.40000,06/09/2019 17:00:00,1776.40000,@GC,1,1,-1200.00,1060.0000,-1490.0000,
08/09/2019 19:00:00,1779.20000,09/09/2019 17:00:00,1770.60000,@GC,-1,1,860.00,1090.0000,-740.0000,
15/09/2019 19:00:00,1775.90000,16/09/2019 17:00:00,1769.20000,@GC,-1,1,670.00,970.0000,-660.0000,
29/09/2019 19:00:00,1764.50000,30/09/2019 17:00:00,1742.40000,@GC,-1,1,2210.00,3120.0000,-550.0000,
06/10/2019 19:00:00,1781.40000,07/10/2019 17:00:00,1761.10000,@GC,-1,1,2030.00,2530.0000,-20.0000,
10/10/2019 19:00:00,1761.10000,11/10/2019 17:00:00,1753.00000,@GC,1,1,-810.00,970.0000,-2030.0000,
13/10/2019 19:00:00,1754.80000,14/10/2019 17:00:00,1758.90000,@GC,-1,1,-410.00,490.0000,-950.0000,
20/10/2019 19:00:00,1758.40000,21/10/2019 17:00:00,1749.70000,@GC,-1,1,870.00,1080.0000,-310.0000,
07/11/2019 19:00:00,1731.80000,08/11/2019 17:00:00,1722.30000,@GC,1,1,-950.00,490.0000,-1200.0000,
10/11/2019 19:00:00,1722.80000,11/11/2019 17:00:00,1718.50000,@GC,-1,1,430.00,1110.0000,-740.0000,
17/11/2019 19:00:00,1730.60000,18/11/2019 17:00:00,1734.90000,@GC,-1,1,-430.00,1120.0000,-660.0000,
21/11/2019 19:00:00,1727.10000,22/11/2019 17:00:00,1725.00000,@GC,1,1,-210.00,910.0000,-310.0000,
24/11/2019 19:00:00,1723.80000,25/11/2019 17:00:00,1717.70000,@GC,-1,1,610.00,710.0000,-100.0000,
08/12/2019 19:00:00,1719.80000,09/12/2019 17:00:00,1720.90000,@GC,-1,1,-110.00,110.0000,-570.0000,
12/12/2019 19:00:00,1726.50000,13/12/2019 17:00:00,1736.60000,@GC,1,1,1010.00,1170.0000,-530.0000,
22/12/2019 19:00:00,1738.10000,23/12/2019 17:00:00,1745.30000,@GC,-1,1,-720.00,120.0000,-770.0000,
29/12/2019 19:00:00,1771.60000,30/12/2019 17:00:00,1773.60000,@GC,-1,1,-200.00,240.0000,-320.0000,
09/01/2020 19:00:00,1809.10000,10/01/2020 17:00:00,1816.90000,@GC,1,1,780.00,880.0000,-670.0000,
16/01/2020 19:00:00,1808.70000,17/01/2020 17:00:00,1812.90000,@GC,1,1,420.00,840.0000,-370.0000,
30/01/2020 19:00:00,1828.50000,31/01/2020 17:00:00,1841.40000,@GC,1,1,1290.00,1590.0000,-340.0000,
01/03/2020 19:00:00,1842.90000,02/03/2020 17:00:00,1836.70000,@GC,-1,1,620.00,1650.0000,-1930.0000,
12/03/2020 19:00:00,1832.80000,12/03/2020 22:00:00,1805.80000,@GC,1,1,-2700.00,160.0000,-2320.0000,
15/03/2020 19:00:00,1813.90000,16/03/2020 07:00:00,1733.90000,@GC,-1,1,8000.00,7210.0000,-1100.0000,
19/03/2020 19:00:00,1721.70000,20/03/2020 17:00:00,1741.30000,@GC,1,1,1960.00,4780.0000,-1410.0000,
26/03/2020 19:00:00,1894.40000,27/03/2020 17:00:00,1889.60000,@GC,1,1,-480.00,760.0000,-2270.0000,
16/04/2020 19:00:00,1979.50000,17/04/2020 02:00:00,1952.50000,@GC,1,1,-2700.00,30.0000,-2340.0000,
19/04/2020 19:00:00,1934.00000,20/04/2020 17:00:00,1951.50000,@GC,-1,1,-1750.00,800.0000,-2540.0000,
26/04/2020 19:00:00,1986.00000,27/04/2020 17:00:00,1969.30000,@GC,-1,1,1670.00,2500.0000,-80.0000,
30/04/2020 19:00:00,1934.50000,01/05/2020 17:00:00,1948.60000,@GC,1,1,1410.00,2090.0000,-1750.0000,
10/05/2020 19:00:00,1947.00000,11/05/2020 17:00:00,1940.50000,@GC,-1,1,650.00,1390.0000,-780.0000,
21/05/2020 19:00:00,1967.00000,22/05/2020 17:00:00,1975.50000,@GC,1,1,850.00,1600.0000,-350.0000,
07/06/2020 19:00:00,1905.10000,08/06/2020 17:00:00,1923.90000,@GC,-1,1,-1880.00,600.0000,-2090.0000,
11/06/2020 19:00:00,1952.00000,12/06/2020 17:00:00,1956.60000,@GC,1,1,460.00,1940.0000,-540.0000,
18/06/2020 19:00:00,1948.20000,19/06/2020 17:00:00,1974.70000,@GC,1,1,2650.00,3110.0000,-150.0000,
09/07/2020 19:00:00,2026.80000,10/07/2020 17:00:00,2020.60000,@GC,1,1,-620.00,860.0000,-1190.0000,
12/07/2020 19:00:00,2021.80000,13/07/2020 17:00:00,2023.10000,@GC,-1,1,-130.00,130.0000,-1540.0000,
16/07/2020 19:00:00,2015.30000,17/07/2020 17:00:00,2030.20000,@GC,1,1,1490.00,1700.0000,-170.0000,
30/07/2020 19:00:00,2172.70000,31/07/2020 17:00:00,2190.80000,@GC,1,1,1810.00,3180.0000,-220.0000,
09/08/2020 19:00:00,2243.90000,10/08/2020 17:00:00,2233.80000,@GC,-1,1,1010.00,1700.0000,-1600.0000,
16/08/2020 19:00:00,2155.50000,17/08/2020 10:00:00,2182.50000,@GC,-1,1,-2700.00,1730.0000,-2260.0000,
23/08/2020 19:00:00,2147.00000,24/08/2020 17:00:00,2133.40000,@GC,-1,1,1360.00,1710.0000,-2240.0000,
27/08/2020 19:00:00,2136.60000,28/08/2020 17:00:00,2170.30000,@GC,1,1,3370.00,4550.0000,-930.0000,
03/09/2020 19:00:00,2137.10000,04/09/2020 17:00:00,2141.40000,@GC,1,1,430.00,1860.0000,-1640.0000,
13/09/2020 19:00:00,2148.00000,14/09/2020 17:00:00,2165.30000,@GC,-1,1,-1730.00,370.0000,-2360.0000,
17/09/2020 19:00:00,2150.20000,18/09/2020 17:00:00,2156.80000,@GC,1,1,660.00,1710.0000,0.0000,
27/09/2020 19:00:00,2061.80000,28/09/2020 17:00:00,2084.90000,@GC,-1,1,-2310.00,1160.0000,-2550.0000,
04/10/2020 19:00:00,2110.00000,05/10/2020 17:00:00,2115.70000,@GC,-1,1,-570.00,1970.0000,-1400.0000,
18/10/2020 19:00:00,2102.30000,19/10/2020 17:00:00,2103.00000,@GC,-1,1,-70.00,300.0000,-2020.0000,
22/10/2020 19:00:00,2105.60000,23/10/2020 17:00:00,2104.60000,@GC,1,1,-100.00,1080.0000,-1130.0000,
25/10/2020 19:00:00,2105.10000,26/10/2020 17:00:00,2103.70000,@GC,-1,1,140.00,1350.0000,-510.0000,
29/10/2020 19:00:00,2067.00000,30/10/2020 17:00:00,2076.30000,@GC,1,1,930.00,2300.0000,-460.0000,
19/11/2020 19:00:00,2063.90000,20/11/2020 17:00:00,2070.80000,@GC,1,1,690.00,1440.0000,-570.0000,
06/12/2020 19:00:00,2033.90000,07/12/2020 11:00:00,2060.90000,@GC,-1,1,-2700.00,1630.0000,-2690.0000,
10/12/2020 19:00:00,2032.80000,11/12/2020 17:00:00,2035.90000,@GC,1,1,310.00,1180.0000,-1320.0000,
20/12/2020 19:00:00,2085.70000,21/12/2020 17:00:00,2073.80000,@GC,-1,1,1190.00,3390.0000,-1910.0000,
07/01/2021 19:00:00,2108.00000,08/01/2021 04:00:00,2081.00000,@GC,1,1,-2700.00,320.0000,-1010.0000,
10/01/2021 19:00:00,2042.20000,11/01/2021 17:00:00,2038.40000,@GC,-1,1,380.00,3230.0000,-660.0000,
17/01/2021 19:00:00,2021.60000,19/01/2021 05:00:00,2035.20000,@GC,-1,1,-1360.00,2800.0000,-1540.0000,
21/01/2021 19:00:00,2062.90000,22/01/2021 08:00:00,2035.90000,@GC,1,1,-2700.00,70.0000,-2670.0000,
24/01/2021 19:00:00,2048.10000,25/01/2021 17:00:00,2047.70000,@GC,-1,1,40.00,910.0000,-1210.0000,
28/01/2021 19:00:00,2034.50000,29/01/2021 17:00:00,2032.90000,@GC,1,1,-160.00,3330.0000,-440.0000,
04/02/2021 19:00:00,1983.20000,05/02/2021 17:00:00,2001.00000,@GC,1,1,1780.00,2170.0000,-210.0000,
11/02/2021 19:00:00,2014.30000,12/02/2021 17:00:00,2010.30000,@GC,1,1,-400.00,610.0000,-1530.0000,
14/02/2021 19:00:00,2014.90000,16/02/2021 05:00:00,2012.40000,@GC,-1,1,250.00,1050.0000,-110.0000,
18/02/2021 19:00:00,1963.50000,19/02/2021 17:00:00,1970.10000,@GC,1,1,660.00,1630.0000,-1560.0000,
25/02/2021 19:00:00,1959.80000,26/02/2021 10:00:00,1932.80000,@GC,1,1,-2700.00,290.0000,-2330.0000,
28/02/2021 19:00:00,1921.70000,01/03/2021 17:00:00,1910.50000,@GC,-1,1,1120.00,1560.0000,-2460.0000,
04/03/2021 19:00:00,1884.20000,05/03/2021 17:00:00,1885.00000,@GC,1,1,80.00,1040.0000,-1230.0000,
11/03/2021 19:00:00,1909.40000,12/03/2021 17:00:00,1911.10000,@GC,1,1,170.00,560.0000,-2390.0000,
18/03/2021 19:00:00,1922.60000,19/03/2021 17:00:00,1930.60000,@GC,1,1,800.00,1090.0000,-660.0000,
25/03/2021 19:00:00,1914.40000,26/03/2021 17:00:00,1919.50000,@GC,1,1,510.00,1000.0000,-670.0000,
11/04/2021 19:00:00,1931.00000,12/04/2021 17:00:00,1918.80000,@GC,-1,1,1220.00,1750.0000,-170.0000,
22/04/2021 19:00:00,1970.50000,23/04/2021 17:00:00,1962.80000,@GC,1,1,-770.00,1230.0000,-1450.0000,
25/04/2021 19:00:00,1962.60000,26/04/2021 17:00:00,1967.50000,@GC,-1,1,-490.00,790.0000,-700.0000,
29/04/2021 19:00:00,1958.90000,30/04/2021 17:00:00,1954.30000,@GC,1,1,-460.00,90.0000,-910.0000,
02/05/2021 19:00:00,1954.60000,03/05/2021 11:00:00,1981.60000,@GC,-1,1,-2700.00,250.0000,-2530.0000,
27/05/2021 19:00:00,2083.80000,28/05/2021 17:00:00,2090.60000,@GC,1,1,680.00,810.0000,-1550.0000,
03/06/2021 19:00:00,2056.70000,04/06/2021 17:00:00,2078.40000,@GC,1,1,2170.00,2630.0000,-1710.0000,
13/06/2021 19:00:00,2063.60000,14/06/2021 17:00:00,2051.60000,@GC,-1,1,1200.00,3390.0000,-10.0000,
17/06/2021 19:00:00,1957.90000,18/06/2021 17:00:00,1945.90000,@GC,1,1,-1200.00,2400.0000,-1230.0000,
20/06/2021 19:00:00,1948.30000,21/06/2021 17:00:00,1967.50000,@GC,-1,1,-1920.00,20.0000,-2260.0000,
24/06/2021 19:00:00,1959.70000,25/06/2021 17:00:00,1963.40000,@GC,1,1,370.00,1530.0000,-210.0000,
08/07/2021 19:00:00,1987.20000,09/07/2021 17:00:00,1992.60000,@GC,1,1,540.00,980.0000,-660.0000,
18/07/2021 19:00:00,1995.60000,19/07/2021 17:00:00,1996.80000,@GC,-1,1,-120.00,1660.0000,-640.0000,
25/07/2021 19:00:00,1986.30000,26/07/2021 17:00:00,1981.20000,@GC,-1,1,510.00,630.0000,-970.0000,
01/08/2021 19:00:00,1996.80000,02/08/2021 17:00:00,1996.50000,@GC,-1,1,30.00,880.0000,-620.0000,
05/08/2021 19:00:00,1986.50000,06/08/2021 09:00:00,1959.50000,@GC,1,1,-2700.00,30.0000,-2660.0000,
08/08/2021 19:00:00,1944.80000,08/08/2021 19:00:00,1864.80000,@GC,-1,1,8000.00,4070.0000,-70.0000,
19/08/2021 19:00:00,1962.60000,20/08/2021 17:00:00,1964.00000,@GC,1,1,140.00,820.0000,-280.0000,
02/09/2021 19:00:00,1991.30000,03/09/2021 17:00:00,2010.80000,@GC,1,1,1950.00,2540.0000,-60.0000,
12/09/2021 19:00:00,1969.60000,13/09/2021 17:00:00,1974.30000,@GC,-1,1,-470.00,540.0000,-1040.0000,
16/09/2021 19:00:00,1934.40000,17/09/2021 17:00:00,1931.40000,@GC,1,1,-300.00,1320.0000,-750.0000,
23/09/2021 19:00:00,1923.50000,24/09/2021 17:00:00,1926.80000,@GC,1,1,330.00,1430.0000,-350.0000,
07/10/2021 19:00:00,1936.80000,08/10/2021 17:00:00,1937.10000,@GC,1,1,30.00,2540.0000,-340.0000,
17/10/2021 19:00:00,1947.30000,18/10/2021 17:00:00,1944.20000,@GC,-1,1,310.00,720.0000,-500.0000,
31/10/2021 19:00:00,1965.10000,01/11/2021 17:00:00,1973.60000,@GC,-1,1,-850.00,510.0000,-1220.0000,
18/11/2021 19:00:00,2040.60000,19/11/2021 17:00:00,2028.40000,@GC,1,1,-1220.00,730.0000,-1660.0000,
21/11/2021 19:00:00,2028.10000,22/11/2021 17:00:00,1985.30000,@GC,-1,1,4280.00,4590.0000,-210.0000,
02/12/2021 19:00:00,1946.60000,03/12/2021 17:00:00,1961.40000,@GC,1,1,1480.00,1860.0000,-340.0000,
09/12/2021 19:00:00,1953.50000,10/12/2021 17:00:00,1960.50000,@GC,1,1,700.00,1470.0000,-590.0000,
19/12/2021 19:00:00,1977.40000,20/12/2021 17:00:00,1966.40000,@GC,-1,1,1100.00,1120.0000,-440.0000,
06/01/2022 19:00:00,1968.20000,07/01/2022 17:00:00,1972.90000,@GC,1,1,470.00,740.0000,-970.0000,
13/01/2022 19:00:00,1999.30000,14/01/2022 17:00:00,1993.00000,@GC,1,1,-630.00,720.0000,-790.0000,
16/01/2022 19:00:00,1995.90000,18/01/2022 03:00:00,1993.80000,@GC,-1,1,210.00,650.0000,-420.0000,
20/01/2022 19:00:00,2017.80000,21/01/2022 17:00:00,2009.50000,@GC,1,1,-830.00,310.0000,-1220.0000,
23/01/2022 19:00:00,2012.40000,24/01/2022 17:00:00,2018.60000,@GC,-1,1,-620.00,590.0000,-970.0000,
27/01/2022 19:00:00,1974.50000,28/01/2022 17:00:00,1964.40000,@GC,1,1,-1010.00,70.0000,-1900.0000,
30/01/2022 19:00:00,1967.70000,31/01/2022 17:00:00,1975.30000,@GC,-1,1,-760.00,700.0000,-810.0000,
03/02/2022 19:00:00,1980.30000,04/02/2022 17:00:00,1983.50000,@GC,1,1,320.00,1040.0000,-1330.0000,
10/02/2022 19:00:00,2001.90000,11/02/2022 17:00:00,2038.00000,@GC,1,1,3610.00,4040.0000,-590.0000,
24/02/2022 19:00:00,2081.40000,25/02/2022 17:00:00,2067.00000,@GC,1,1,-1440.00,1850.0000,-2210.0000,
27/02/2022 19:00:00,2095.90000,28/02/2022 17:00:00,2086.60000,@GC,-1,1,930.00,2880.0000,-1420.0000,
13/03/2022 19:00:00,2163.60000,14/03/2022 17:00:00,2130.00000,@GC,-1,1,3360.00,3670.0000,-610.0000,
20/03/2022 19:00:00,2097.30000,21/03/2022 17:00:00,2110.30000,@GC,-1,1,-1300.00,520.0000,-1940.0000,
27/03/2022 19:00:00,2133.60000,28/03/2022 17:00:00,2093.30000,@GC,-1,1,4030.00,4300.0000,-110.0000,
03/04/2022 19:00:00,2097.10000,04/04/2022 17:00:00,2106.50000,@GC,-1,1,-940.00,890.0000,-1450.0000,
17/04/2022 19:00:00,2148.50000,18/04/2022 17:00:00,2151.60000,@GC,1,1,310.00,2450.0000,-410.0000,
21/04/2022 19:00:00,2123.10000,22/04/2022 17:00:00,2104.20000,@GC,1,1,-1890.00,470.0000,-2510.0000,
24/04/2022 19:00:00,2101.90000,25/04/2022 17:00:00,2069.10000,@GC,-1,1,3280.00,4010.0000,-360.0000,
05/05/2022 19:00:00,2047.50000,06/05/2022 17:00:00,2051.50000,@GC,1,1,400.00,1650.0000,-1250.0000,
12/05/2022 19:00:00,1991.40000,13/05/2022 17:00:00,1978.60000,@GC,1,1,-1280.00,620.0000,-2420.0000,
15/05/2022 19:00:00,1979.40000,16/05/2022 17:00:00,1995.60000,@GC,-1,1,-1620.00,2440.0000,-1660.0000,
26/05/2022 19:00:00,2018.90000,27/05/2022 17:00:00,2021.00000,@GC,1,1,210.00,1180.0000,-320.0000,
05/06/2022 19:00:00,2017.50000,06/06/2022 17:00:00,2008.50000,@GC,-1,1,900.00,1070.0000,-750.0000,
09/06/2022 19:00:00,2014.20000,10/06/2022 17:00:00,2039.70000,@GC,1,1,2550.00,2920.0000,-2390.0000,
19/06/2022 19:00:00,2004.40000,21/06/2022 03:00:00,2000.70000,@GC,-1,1,370.00,560.0000,-780.0000,
23/06/2022 19:00:00,1988.00000,24/06/2022 17:00:00,1990.00000,@GC,1,1,200.00,950.0000,-650.0000,
30/06/2022 19:00:00,1971.90000,01/07/2022 17:00:00,1970.10000,@GC,1,1,-180.00,220.0000,-2470.0000,
14/07/2022 19:00:00,1872.00000,15/07/2022 17:00:00,1867.90000,@GC,1,1,-410.00,600.0000,-1160.0000,
17/07/2022 19:00:00,1870.20000,18/07/2022 17:00:00,1869.50000,@GC,-1,1,70.00,200.0000,-1560.0000,
07/08/2022 19:00:00,1936.10000,08/08/2022 17:00:00,1950.80000,@GC,-1,1,-1470.00,340.0000,-1610.0000,
11/08/2022 19:00:00,1951.00000,12/08/2022 17:00:00,1963.80000,@GC,1,1,1280.00,1340.0000,-560.0000,
18/08/2022 19:00:00,1918.90000,19/08/2022 17:00:00,1906.20000,@GC,1,1,-1270.00,20.0000,-1400.0000,
21/08/2022 19:00:00,1906.40000,22/08/2022 17:00:00,1894.00000,@GC,-1,1,1240.00,2040.0000,-150.0000,
28/08/2022 19:00:00,1894.20000,29/08/2022 17:00:00,1896.10000,@GC,-1,1,-190.00,1700.0000,-950.0000,
01/09/2022 19:00:00,1853.60000,02/09/2022 17:00:00,1866.60000,@GC,1,1,1300.00,2170.0000,-190.0000,
08/09/2022 19:00:00,1865.40000,09/09/2022 17:00:00,1872.60000,@GC,1,1,720.00,2090.0000,-20.0000,
15/09/2022 19:00:00,1819.50000,16/09/2022 17:00:00,1828.10000,@GC,1,1,860.00,1620.0000,-1180.0000,
22/09/2022 19:00:00,1825.90000,23/09/2022 07:00:00,1798.90000,@GC,1,1,-2700.00,490.0000,-2460.0000,
25/09/2022 19:00:00,1796.80000,26/09/2022 17:00:00,1777.80000,@GC,-1,1,1900.00,2250.0000,-620.0000,
02/10/2022 19:00:00,1816.30000,03/10/2022 11:00:00,1843.30000,@GC,-1,1,-2700.00,400.0000,-2510.0000,
06/10/2022 19:00:00,1866.80000,07/10/2022 17:00:00,1848.90000,@GC,1,1,-1790.00,180.0000,-2260.0000,
09/10/2022 19:00:00,1849.20000,10/10/2022 17:00:00,1821.80000,@GC,-1,1,2740.00,3090.0000,-400.0000,
13/10/2022 19:00:00,1818.60000,14/10/2022 16:00:00,1791.60000,@GC,1,1,-2700.00,500.0000,-2670.0000,
16/10/2022 19:00:00,1795.70000,17/10/2022 17:00:00,1799.60000,@GC,-1,1,-390.00,80.0000,-2440.0000,
20/10/2022 19:00:00,1778.20000,21/10/2022 17:00:00,1806.00000,@GC,1,1,2780.00,2960.0000,-1130.0000,
27/10/2022 19:00:00,1813.00000,28/10/2022 17:00:00,1794.40000,@GC,1,1,-1860.00,370.0000,-2650.0000,
30/10/2022 19:00:00,1793.00000,31/10/2022 17:00:00,1780.90000,@GC,-1,1,1210.00,1270.0000,-130.0000,
03/11/2022 19:00:00,1777.50000,04/11/2022 17:00:00,1830.30000,@GC,1,1,5280.00,5470.0000,-60.0000,
17/11/2022 19:00:00,1908.90000,18/11/2022 17:00:00,1896.10000,@GC,1,1,-1280.00,680.0000,-1390.0000,
20/11/2022 19:00:00,1897.80000,21/11/2022 17:00:00,1886.50000,@GC,-1,1,1130.00,1810.0000,-300.0000,
04/12/2022 19:00:00,1941.50000,05/12/2022 17:00:00,1910.60000,@GC,-1,1,3090.00,3240.0000,-1240.0000,
15/12/2022 19:00:00,1917.90000,16/12/2022 17:00:00,1932.80000,@GC,1,1,1490.00,1730.0000,-300.0000,
22/12/2022 19:00:00,1932.00000,23/12/2022 17:00:00,1936.30000,@GC,1,1,430.00,1120.0000,-210.0000,
05/01/2023 19:00:00,1966.90000,06/01/2023 17:00:00,2002.80000,@GC,1,1,3590.00,3930.0000,-70.0000,
22/01/2023 19:00:00,2059.40000,23/01/2023 17:00:00,2063.30000,@GC,-1,1,-390.00,1590.0000,-830.0000,
26/01/2023 19:00:00,2060.10000,27/01/2023 17:00:00,2057.30000,@GC,1,1,-280.00,630.0000,-1280.0000,
29/01/2023 19:00:00,2058.30000,30/01/2023 17:00:00,2052.10000,@GC,-1,1,620.00,780.0000,-610.0000,
02/02/2023 19:00:00,2040.60000,03/02/2023 09:00:00,2013.60000,@GC,1,1,-2700.00,610.0000,-2650.0000,
05/02/2023 19:00:00,1992.30000,06/02/2023 17:00:00,1995.70000,@GC,-1,1,-340.00,480.0000,-1600.0000,
09/02/2023 19:00:00,1987.80000,10/02/2023 17:00:00,1989.50000,@GC,1,1,170.00,1000.0000,-1000.0000,
16/02/2023 19:00:00,1960.00000,17/02/2023 17:00:00,1965.70000,@GC,1,1,570.00,740.0000,-1800.0000,
23/02/2023 19:00:00,1944.00000,24/02/2023 17:00:00,1932.10000,@GC,1,1,-1190.00,540.0000,-1420.0000,
26/02/2023 19:00:00,1932.30000,27/02/2023 17:00:00,1938.70000,@GC,-1,1,-640.00,600.0000,-930.0000,
02/03/2023 19:00:00,1956.40000,03/03/2023 17:00:00,1975.70000,@GC,1,1,1930.00,2050.0000,-10.0000,
26/03/2023 19:00:00,2096.90000,27/03/2023 17:00:00,2072.40000,@GC,-1,1,2450.00,3760.0000,-140.0000,
02/04/2023 19:00:00,2087.40000,03/04/2023 17:00:00,2099.60000,@GC,-1,1,-1220.00,2410.0000,-1800.0000,
09/04/2023 19:00:00,2106.00000,10/04/2023 17:00:00,2104.10000,@GC,1,1,-190.00,1290.0000,-1210.0000,
16/04/2023 19:00:00,2111.50000,17/04/2023 17:00:00,2106.10000,@GC,-1,1,540.00,2070.0000,-1390.0000,
23/04/2023 19:00:00,2089.40000,24/04/2023 17:00:00,2096.40000,@GC,-1,1,-700.00,760.0000,-950.0000,
27/04/2023 19:00:00,2094.60000,28/04/2023 17:00:00,2095.70000,@GC,1,1,110.00,690.0000,-1280.0000,
07/05/2023 19:00:00,2122.00000,08/05/2023 17:00:00,2125.10000,@GC,-1,1,-310.00,260.0000,-1250.0000,
11/05/2023 19:00:00,2117.90000,12/05/2023 17:00:00,2113.70000,@GC,1,1,-420.00,730.0000,-1480.0000,
14/05/2023 19:00:00,2110.80000,15/05/2023 17:00:00,2117.50000,@GC,-1,1,-670.00,220.0000,-1410.0000,
18/05/2023 19:00:00,2057.90000,19/05/2023 17:00:00,2075.50000,@GC,1,1,1760.00,2690.0000,-420.0000,
25/05/2023 19:00:00,2040.60000,26/05/2023 17:00:00,2044.90000,@GC,1,1,430.00,1390.0000,-710.0000,
04/06/2023 19:00:00,2041.10000,05/06/2023 17:00:00,2056.40000,@GC,-1,1,-1530.00,850.0000,-1810.0000,
11/06/2023 19:00:00,2054.40000,12/06/2023 17:00:00,2050.90000,@GC,-1,1,350.00,1250.0000,-580.0000,
22/06/2023 19:00:00,2002.30000,23/06/2023 17:00:00,2007.90000,@GC,1,1,560.00,2550.0000,-400.0000,
29/06/2023 19:00:00,1995.20000,30/06/2023 17:00:00,2006.60000,@GC,1,1,1140.00,1440.0000,-830.0000,
06/07/2023 19:00:00,1995.40000,07/07/2023 17:00:00,2009.80000,@GC,1,1,1440.00,2450.0000,-120.0000,
16/07/2023 19:00:00,2037.40000,17/07/2023 17:00:00,2037.90000,@GC,-1,1,-50.00,960.0000,-500.0000,
20/07/2023 19:00:00,2050.90000,21/07/2023 17:00:00,2043.40000,@GC,1,1,-750.00,380.0000,-1330.0000,
23/07/2023 19:00:00,2042.40000,24/07/2023 17:00:00,2035.20000,@GC,-1,1,720.00,830.0000,-620.0000,
27/07/2023 19:00:00,2024.70000,28/07/2023 17:00:00,2037.10000,@GC,1,1,1240.00,1670.0000,-140.0000,
03/08/2023 19:00:00,2009.00000,04/08/2023 17:00:00,2016.00000,@GC,1,1,700.00,1460.0000,-1510.0000,
10/08/2023 19:00:00,1984.30000,11/08/2023 17:00:00,1985.00000,@GC,1,1,70.00,870.0000,-220.0000,
17/08/2023 19:00:00,1958.60000,18/08/2023 17:00:00,1957.60000,@GC,1,1,-100.00,680.0000,-330.0000,
20/08/2023 19:00:00,1957.80000,21/08/2023 17:00:00,1962.80000,@GC,-1,1,-500.00,480.0000,-950.0000,
24/08/2023 19:00:00,1984.30000,25/08/2023 17:00:00,1981.60000,@GC,1,1,-270.00,550.0000,-1390.0000,
27/08/2023 19:00:00,1983.40000,28/08/2023 17:00:00,1987.10000,@GC,-1,1,-370.00,390.0000,-1020.0000,
31/08/2023 19:00:00,2005.80000,01/09/2023 17:00:00,2006.30000,@GC,1,1,50.00,1380.0000,-570.0000,
03/09/2023 19:00:00,2006.10000,05/09/2023 03:00:00,2002.00000,@GC,-1,1,410.00,620.0000,-590.0000,
10/09/2023 19:00:00,1982.70000,11/09/2023 17:00:00,1985.10000,@GC,-1,1,-240.00,380.0000,-1130.0000,
21/09/2023 19:00:00,1979.00000,22/09/2023 17:00:00,1984.50000,@GC,1,1,550.00,950.0000,0.0000,
28/09/2023 19:00:00,1921.70000,29/09/2023 17:00:00,1903.70000,@GC,1,1,-1800.00,1440.0000,-2000.0000,
01/10/2023 19:00:00,1903.80000,02/10/2023 17:00:00,1885.00000,@GC,-1,1,1880.00,2170.0000,-30.0000,
05/10/2023 19:00:00,1873.70000,06/10/2023 17:00:00,1882.70000,@GC,1,1,900.00,1470.0000,-1080.0000,
12/10/2023 19:00:00,1921.10000,13/10/2023 17:00:00,1981.30000,@GC,1,1,6020.00,6260.0000,-20.0000,
12/11/2023 19:00:00,1982.80000,13/11/2023 17:00:00,1990.10000,@GC,-1,1,-730.00,780.0000,-1010.0000,
19/11/2023 19:00:00,2020.30000,20/11/2023 17:00:00,2019.80000,@GC,-1,1,50.00,1370.0000,-690.0000,
30/11/2023 19:00:00,2075.30000,01/12/2023 17:00:00,2109.20000,@GC,1,1,3390.00,3920.0000,-390.0000,
10/12/2023 19:00:00,2038.80000,11/12/2023 17:00:00,2015.50000,@GC,-1,1,2330.00,2880.0000,-370.0000,
17/12/2023 19:00:00,2052.10000,18/12/2023 17:00:00,2059.10000,@GC,-1,1,-700.00,380.0000,-1470.0000,
28/12/2023 19:00:00,2094.90000,29/12/2023 17:00:00,2091.70000,@GC,1,1,-320.00,800.0000,-850.0000,
01/01/2024 19:00:00,2091.50000,02/01/2024 17:00:00,2086.00000,@GC,-1,1,550.00,840.0000,-1540.0000,
28/01/2024 19:00:00,2043.00000,29/01/2024 17:00:00,2051.00000,@GC,-1,1,-800.00,530.0000,-1320.0000,
04/02/2024 19:00:00,2057.90000,05/02/2024 17:00:00,2041.50000,@GC,-1,1,1640.00,2710.0000,-120.0000,
08/02/2024 19:00:00,2049.70000,09/02/2024 17:00:00,2039.20000,@GC,1,1,-1050.00,220.0000,-1540.0000,
11/02/2024 19:00:00,2038.20000,12/02/2024 17:00:00,2033.90000,@GC,-1,1,430.00,1280.0000,-360.0000,
22/02/2024 19:00:00,2034.10000,23/02/2024 17:00:00,2046.70000,@GC,1,1,1260.00,1910.0000,-870.0000,
