19/01/2010 07:00:00,1539.70000,20/01/2010 05:00:00,1539.30000,@GC,-1,1,40.00,430.0000,-1010.0000,
20/01/2010 10:00:00,1530.20000,21/01/2010 08:00:00,1512.60000,@GC,-1,1,1760.00,2150.0000,-90.0000,
28/01/2010 19:00:00,1493.10000,31/01/2010 22:00:00,1489.60000,@GC,1,1,-350.00,520.0000,-1120.0000,
04/02/2010 11:00:00,1487.40000,05/02/2010 09:00:00,1460.60000,@GC,-1,1,2680.00,3090.0000,0.0000,
08/02/2010 02:00:00,1473.10000,09/02/2010 05:00:00,1475.40000,@GC,1,1,230.00,810.0000,-440.0000,
19/02/2010,1511.80000,22/02/2010 03:00:00,1531.30000,@GC,1,1,1950.00,2660.0000,-340.0000,
22/02/2010 19:00:00,1520.40000,23/02/2010 22:00:00,1514.20000,@GC,1,1,-620.00,820.0000,-1390.0000,
24/02/2010 12:00:00,1503.50000,25/02/2010 10:00:00,1500.50000,@GC,-1,1,300.00,810.0000,-490.0000,
04/03/2010 20:00:00,1539.40000,07/03/2010 23:00:00,1542.20000,@GC,1,1,280.00,870.0000,-500.0000,
08/03/2010 12:00:00,1528.90000,09/03/2010 10:00:00,1519.00000,@GC,-1,1,990.00,1380.0000,-360.0000,
10/03/2010 13:00:00,1517.20000,11/03/2010 11:00:00,1511.10000,@GC,-1,1,610.00,980.0000,-140.0000,
11/03/2010 19:00:00,1515.40000,12/03/2010 13:00:00,1507.40000,@GC,1,1,-800.00,1100.0000,-750.0000,
19/03/2010 12:00:00,1511.90000,22/03/2010 10:00:00,1506.80000,@GC,-1,1,510.00,670.0000,-360.0000,
12/04/2010 20:00:00,1561.50000,13/04/2010 23:00:00,1560.00000,@GC,1,1,-150.00,230.0000,-1040.0000,
16/04/2010 11:00:00,1552.60000,19/04/2010 09:00:00,1535.80000,@GC,-1,1,1680.00,2260.0000,0.0000,
20/04/2010 01:00:00,1541.90000,21/04/2010 04:00:00,1551.90000,@GC,1,1,1000.00,1060.0000,-20.0000,
22/04/2010 11:00:00,1538.80000,23/04/2010 09:00:00,1546.50000,@GC,-1,1,-770.00,110.0000,-1170.0000,
18/05/2010,1631.00000,19/05/2010 03:00:00,1618.30000,@GC,1,1,-1270.00,430.0000,-1930.0000,
19/05/2010 12:00:00,1598.50000,20/05/2010 10:00:00,1586.90000,@GC,-1,1,1160.00,1780.0000,-540.0000,
03/06/2010 12:00:00,1618.90000,04/06/2010 10:00:00,1609.40000,@GC,-1,1,950.00,1720.0000,0.0000,
09/06/2010 21:00:00,1635.40000,11/06/2010,1625.60000,@GC,1,1,-980.00,380.0000,-1600.0000,
22/06/2010 19:00:00,1643.80000,23/06/2010 22:00:00,1639.10000,@GC,1,1,-470.00,680.0000,-1540.0000,
29/06/2010 20:00:00,1644.40000,30/06/2010 23:00:00,1643.90000,@GC,1,1,-50.00,760.0000,-610.0000,
01/07/2010 12:00:00,1624.50000,02/07/2010 10:00:00,1608.60000,@GC,-1,1,1590.00,2530.0000,-150.0000,
04/07/2010 19:00:00,1614.70000,06/07/2010 01:00:00,1610.50000,@GC,1,1,-420.00,360.0000,-810.0000,
06/07/2010 10:00:00,1602.30000,07/07/2010 08:00:00,1592.80000,@GC,-1,1,950.00,1370.0000,0.0000,
08/07/2010 11:00:00,1593.70000,09/07/2010 09:00:00,1602.90000,@GC,-1,1,-920.00,320.0000,-1140.0000,
16/07/2010 10:00:00,1591.30000,19/07/2010 08:00:00,1593.00000,@GC,-1,1,-170.00,230.0000,-660.0000,
26/07/2010 12:00:00,1582.80000,27/07/2010 10:00:00,1584.60000,@GC,-1,1,-180.00,100.0000,-690.0000,
27/07/2010 11:00:00,1573.30000,28/07/2010 09:00:00,1565.30000,@GC,-1,1,800.00,1320.0000,0.0000,
28/07/2010 19:00:00,1566.20000,29/07/2010 22:00:00,1569.50000,@GC,1,1,330.00,620.0000,-430.0000,
30/07/2010 08:00:00,1573.20000,02/08/2010 06:00:00,1584.40000,@GC,-1,1,-1120.00,320.0000,-1410.0000,
09/08/2010 20:00:00,1604.20000,10/08/2010 23:00:00,1606.50000,@GC,1,1,230.00,660.0000,-1080.0000,
23/08/2010 19:00:00,1628.10000,24/08/2010 22:00:00,1633.20000,@GC,1,1,510.00,1030.0000,-1550.0000,
27/08/2010,1638.40000,30/08/2010 03:00:00,1638.60000,@GC,1,1,20.00,670.0000,-400.0000,
05/09/2010 21:00:00,1650.30000,07/09/2010 03:00:00,1652.10000,@GC,1,1,180.00,390.0000,-80.0000,
20/09/2010 19:00:00,1680.00000,21/09/2010 22:00:00,1690.10000,@GC,1,1,1010.00,1330.0000,-710.0000,
17/10/2010 19:00:00,1768.80000,18/10/2010 22:00:00,1770.90000,@GC,1,1,210.00,770.0000,-1470.0000,
19/10/2010 10:00:00,1743.50000,20/10/2010 08:00:00,1742.40000,@GC,-1,1,110.00,1420.0000,-480.0000,
25/10/2010 12:00:00,1735.90000,26/10/2010 10:00:00,1734.80000,@GC,-1,1,110.00,600.0000,-880.0000,
27/10/2010 12:00:00,1722.00000,28/10/2010 10:00:00,1737.00000,@GC,-1,1,-1500.00,250.0000,-1640.0000,
10/11/2010 19:00:00,1803.40000,11/11/2010 22:00:00,1800.70000,@GC,1,1,-270.00,1510.0000,-600.0000,
12/11/2010 12:00:00,1775.20000,15/11/2010 10:00:00,1767.00000,@GC,-1,1,820.00,1780.0000,-470.0000,
16/11/2010 11:00:00,1749.40000,17/11/2010 09:00:00,1739.90000,@GC,-1,1,950.00,1950.0000,-520.0000,
17/11/2010 19:00:00,1735.40000,18/11/2010 22:00:00,1758.80000,@GC,1,1,2340.00,2840.0000,-50.0000,
26/11/2010 10:00:00,1751.40000,29/11/2010 11:00:00,1758.00000,@GC,-1,1,-660.00,40.0000,-1710.0000,
08/12/2010 19:00:00,1780.90000,09/12/2010 22:00:00,1788.50000,@GC,1,1,760.00,1410.0000,-40.0000,
12/12/2010 19:00:00,1784.40000,13/12/2010 22:00:00,1799.90000,@GC,1,1,1550.00,1700.0000,-420.0000,
16/12/2010 11:00:00,1762.90000,17/12/2010 09:00:00,1772.20000,@GC,-1,1,-930.00,190.0000,-1500.0000,
23/12/2010 10:00:00,1774.70000,27/12/2010 08:00:00,1781.10000,@GC,-1,1,-640.00,270.0000,-1170.0000,
04/01/2011 10:00:00,1792.60000,05/01/2011 08:00:00,1779.30000,@GC,-1,1,1330.00,1820.0000,0.0000,
05/01/2011 19:00:00,1775.80000,06/01/2011 22:00:00,1768.50000,@GC,1,1,-730.00,360.0000,-1210.0000,
09/01/2011 19:00:00,1768.20000,10/01/2011 22:00:00,1775.40000,@GC,1,1,720.00,890.0000,-380.0000,
17/01/2011,1764.00000,18/01/2011 06:00:00,1769.50000,@GC,1,1,550.00,740.0000,-780.0000,
20/01/2011 10:00:00,1744.40000,21/01/2011 08:00:00,1741.20000,@GC,-1,1,320.00,480.0000,-810.0000,
25/01/2011 19:00:00,1730.90000,26/01/2011 22:00:00,1741.80000,@GC,1,1,1090.00,1490.0000,-720.0000,
27/01/2011 20:00:00,1712.10000,27/01/2011 21:00:00,1709.10000,@GC,1,1,-300.00,20.0000,-260.0000,
31/01/2011 09:00:00,1725.10000,01/02/2011 07:00:00,1736.90000,@GC,-1,1,-1180.00,310.0000,-1490.0000,
02/02/2011 19:00:00,1734.00000,03/02/2011 22:00:00,1751.10000,@GC,1,1,1710.00,2100.0000,-1030.0000,
08/03/2011 19:00:00,1827.00000,09/03/2011 22:00:00,1827.80000,@GC,1,1,80.00,820.0000,-540.0000,
10/03/2011 11:00:00,1809.10000,11/03/2011 09:00:00,1811.70000,@GC,-1,1,-260.00,770.0000,-860.0000,
15/03/2011 09:00:00,1793.90000,16/03/2011 07:00:00,1798.20000,@GC,-1,1,-430.00,1480.0000,-840.0000,
28/03/2011 01:00:00,1824.40000,29/03/2011 04:00:00,1817.50000,@GC,1,1,-690.00,20.0000,-1590.0000,
01/04/2011 10:00:00,1818.30000,04/04/2011 08:00:00,1833.80000,@GC,-1,1,-1550.00,750.0000,-1600.0000,
11/04/2011 19:00:00,1860.80000,12/04/2011 22:00:00,1854.30000,@GC,1,1,-650.00,500.0000,-1850.0000,
13/04/2011 20:00:00,1854.20000,14/04/2011 23:00:00,1875.00000,@GC,1,1,2080.00,2360.0000,-370.0000,
25/04/2011 20:00:00,1903.70000,26/04/2011 23:00:00,1905.90000,@GC,1,1,220.00,410.0000,-1440.0000,
02/05/2011 23:00:00,1937.30000,04/05/2011 02:00:00,1929.70000,@GC,1,1,-760.00,1140.0000,-1290.0000,
04/05/2011 12:00:00,1923.00000,05/05/2011 10:00:00,1904.80000,@GC,-1,1,1820.00,2950.0000,-310.0000,
05/05/2011 13:00:00,1876.10000,06/05/2011 11:00:00,1885.50000,@GC,-1,1,-940.00,1630.0000,-1620.0000,
11/05/2011 11:00:00,1901.90000,12/05/2011 09:00:00,1884.50000,@GC,-1,1,1740.00,2700.0000,-630.0000,
02/06/2011 20:00:00,1930.50000,05/06/2011 23:00:00,1942.40000,@GC,1,1,1190.00,1420.0000,-930.0000,
08/06/2011 11:00:00,1931.40000,09/06/2011 09:00:00,1933.10000,@GC,-1,1,-170.00,200.0000,-610.0000,
28/06/2011,1895.80000,29/06/2011 03:00:00,1902.20000,@GC,1,1,640.00,750.0000,-400.0000,
30/06/2011 11:00:00,1899.80000,01/07/2011 09:00:00,1886.60000,@GC,-1,1,1320.00,1750.0000,-850.0000,
21/07/2011 21:00:00,1987.20000,25/07/2011,2009.70000,@GC,1,1,2250.00,3340.0000,-770.0000,
11/08/2011 20:00:00,2154.60000,12/08/2011 11:00:00,2128.60000,@GC,1,1,-2600.00,950.0000,-2500.0000,
24/08/2011 11:00:00,2200.80000,25/08/2011 05:00:00,2120.80000,@GC,-1,1,8000.00,7890.0000,0.0000,
25/08/2011 19:00:00,2164.10000,28/08/2011 22:00:00,2207.30000,@GC,1,1,4320.00,7090.0000,-1110.0000,
01/09/2011 20:00:00,2220.80000,04/09/2011 23:00:00,2275.70000,@GC,1,1,5490.00,6600.0000,-40.0000,
07/09/2011 11:00:00,2196.90000,07/09/2011 13:00:00,2222.90000,@GC,-1,1,-2600.00,960.0000,-2590.0000,
15/09/2011 21:00:00,2181.60000,15/09/2011 23:00:00,2168.50000,@GC,1,1,-1310.00,0.0000,-1260.0000,
22/09/2011 10:00:00,2126.30000,23/09/2011 08:00:00,2102.40000,@GC,-1,1,2390.00,3180.0000,-2510.0000,
23/09/2011 11:00:00,2076.70000,26/09/2011 02:00:00,1996.70000,@GC,-1,1,8000.00,7960.0000,-1140.0000,
29/09/2011 11:00:00,2008.40000,29/09/2011 22:00:00,2034.40000,@GC,-1,1,-2600.00,880.0000,-2590.0000,
11/10/2011 19:00:00,2056.70000,12/10/2011 22:00:00,2077.70000,@GC,1,1,2100.00,3070.0000,-120.0000,
17/10/2011 19:00:00,2065.60000,18/10/2011 08:00:00,2039.60000,@GC,1,1,-2600.00,610.0000,-1700.0000,
18/10/2011 10:00:00,2030.00000,18/10/2011 16:00:00,2056.00000,@GC,-1,1,-2600.00,830.0000,-2530.0000,
20/10/2011 12:00:00,2008.60000,21/10/2011 09:00:00,2034.60000,@GC,-1,1,-2600.00,1040.0000,-2470.0000,
01/11/2011 10:00:00,2079.40000,01/11/2011 11:00:00,2105.40000,@GC,-1,1,-2600.00,470.0000,-2490.0000,
10/11/2011 19:00:00,2152.30000,13/11/2011 22:00:00,2186.20000,@GC,1,1,3390.00,3880.0000,-1380.0000,
16/11/2011 11:00:00,2148.80000,17/11/2011 09:00:00,2145.90000,@GC,-1,1,290.00,1480.0000,-2340.0000,
17/11/2011 20:00:00,2114.70000,20/11/2011 23:00:00,2114.60000,@GC,1,1,-10.00,1730.0000,-980.0000,
21/11/2011 12:00:00,2085.00000,22/11/2011 10:00:00,2084.20000,@GC,-1,1,80.00,2440.0000,-910.0000,
23/11/2011 19:00:00,2085.90000,25/11/2011 01:00:00,2086.40000,@GC,1,1,50.00,1030.0000,-380.0000,
25/11/2011 05:00:00,2066.10000,25/11/2011 11:00:00,2092.10000,@GC,-1,1,-2600.00,0.0000,-2390.0000,
12/12/2011 10:00:00,2060.60000,13/12/2011 08:00:00,2059.80000,@GC,-1,1,80.00,1820.0000,-210.0000,
14/12/2011 11:00:00,1997.20000,15/12/2011 09:00:00,1982.50000,@GC,-1,1,1470.00,4350.0000,-220.0000,
26/12/2011 19:00:00,1995.70000,27/12/2011 22:00:00,1977.50000,@GC,1,1,-1820.00,0.0000,-2020.0000,
28/12/2011 11:00:00,1966.80000,29/12/2011 09:00:00,1918.70000,@GC,-1,1,4810.00,5490.0000,0.0000,
24/01/2012 20:00:00,2053.70000,25/01/2012 23:00:00,2099.00000,@GC,1,1,4530.00,4850.0000,-1650.0000,
08/02/2012 19:00:00,2119.00000,09/02/2012 22:00:00,2119.90000,@GC,1,1,90.00,2110.0000,-630.0000,
13/02/2012 19:00:00,2108.60000,14/02/2012 22:00:00,2108.10000,@GC,1,1,-50.00,590.0000,-1020.0000,
27/02/2012,2160.70000,28/02/2012 03:00:00,2159.80000,@GC,1,1,-90.00,490.0000,-1350.0000,
29/02/2012 12:00:00,2104.80000,01/03/2012 10:00:00,2091.80000,@GC,-1,1,1300.00,3180.0000,-1250.0000,
04/03/2012 19:00:00,2096.70000,05/03/2012 22:00:00,2090.40000,@GC,1,1,-630.00,590.0000,-1770.0000,
06/03/2012 19:00:00,2058.90000,07/03/2012 22:00:00,2069.30000,@GC,1,1,1040.00,1440.0000,-260.0000,
09/03/2012 10:00:00,2064.80000,09/03/2012 11:00:00,2090.80000,@GC,-1,1,-2600.00,320.0000,-1630.0000,
12/03/2012 20:00:00,2084.60000,13/03/2012 16:00:00,2058.60000,@GC,1,1,-2600.00,620.0000,-2140.0000,
21/03/2012 12:00:00,2033.40000,22/03/2012 10:00:00,2020.40000,@GC,-1,1,1300.00,1720.0000,-780.0000,
22/03/2012 20:00:00,2028.20000,25/03/2012 23:00:00,2047.10000,@GC,1,1,1890.00,2580.0000,-210.0000,
28/03/2012 20:00:00,2045.80000,29/03/2012 23:00:00,2047.00000,@GC,1,1,120.00,330.0000,-1690.0000,
30/03/2012 11:00:00,2044.20000,02/04/2012 09:00:00,2049.40000,@GC,-1,1,-520.00,110.0000,-1400.0000,
04/04/2012 21:00:00,2006.00000,09/04/2012,2023.20000,@GC,1,1,1720.00,2410.0000,-300.0000,
10/04/2012 11:00:00,2025.30000,11/04/2012 09:00:00,2041.40000,@GC,-1,1,-1610.00,1090.0000,-2140.0000,
17/04/2012 11:00:00,2019.60000,18/04/2012 09:00:00,2024.60000,@GC,-1,1,-500.00,250.0000,-2070.0000,
02/05/2012 20:00:00,2035.30000,03/05/2012 23:00:00,2018.90000,@GC,1,1,-1640.00,60.0000,-2210.0000,
04/05/2012 11:00:00,2017.70000,07/05/2012 09:00:00,2020.90000,@GC,-1,1,-320.00,260.0000,-970.0000,
08/05/2012 01:00:00,2018.70000,08/05/2012 09:00:00,2006.90000,@GC,1,1,-1180.00,150.0000,-1160.0000,
09/05/2012 20:00:00,1971.40000,10/05/2012 23:00:00,1968.00000,@GC,1,1,-340.00,1270.0000,-550.0000,
14/05/2012 21:00:00,1939.90000,14/05/2012 22:00:00,1936.90000,@GC,1,1,-300.00,110.0000,-270.0000,
24/05/2012 20:00:00,1939.40000,27/05/2012 23:00:00,1957.80000,@GC,1,1,1840.00,1910.0000,-680.0000,
29/05/2012 13:00:00,1935.50000,30/05/2012 11:00:00,1918.30000,@GC,-1,1,1720.00,2320.0000,-600.0000,
20/06/2012 21:00:00,1982.90000,21/06/2012 10:00:00,1962.20000,@GC,1,1,-2070.00,200.0000,-2020.0000,
24/06/2012 19:00:00,1951.30000,25/06/2012 22:00:00,1965.00000,@GC,1,1,1370.00,1730.0000,-480.0000,
09/07/2012 21:00:00,1966.20000,11/07/2012,1954.30000,@GC,1,1,-1190.00,1540.0000,-2220.0000,
11/07/2012 21:00:00,1955.70000,12/07/2012 04:00:00,1944.00000,@GC,1,1,-1170.00,0.0000,-950.0000,
17/07/2012 20:00:00,1962.20000,18/07/2012 23:00:00,1955.70000,@GC,1,1,-650.00,310.0000,-1540.0000,
23/07/2012 20:00:00,1954.80000,24/07/2012 23:00:00,1960.90000,@GC,1,1,610.00,880.0000,-740.0000,
01/08/2012 10:00:00,1981.70000,02/08/2012 08:00:00,1980.40000,@GC,-1,1,130.00,1180.0000,-390.0000,
02/08/2012 10:00:00,1973.30000,03/08/2012 08:00:00,1974.20000,@GC,-1,1,-90.00,1210.0000,-650.0000,
07/08/2012 21:00:00,1988.20000,09/08/2012,1995.00000,@GC,1,1,680.00,700.0000,-740.0000,
27/08/2012 21:00:00,2042.60000,29/08/2012,2044.50000,@GC,1,1,190.00,720.0000,-860.0000,
30/08/2012 20:00:00,2032.50000,02/09/2012 23:00:00,2066.40000,@GC,1,1,3390.00,3790.0000,-1050.0000,
05/09/2012 20:00:00,2069.80000,06/09/2012 23:00:00,2072.30000,@GC,1,1,250.00,2200.0000,-120.0000,
02/10/2012 20:00:00,2150.40000,03/10/2012 23:00:00,2155.70000,@GC,1,1,530.00,850.0000,-250.0000,
09/10/2012 11:00:00,2148.00000,10/10/2012 09:00:00,2143.90000,@GC,-1,1,410.00,1110.0000,-30.0000,
10/10/2012 21:00:00,2137.10000,12/10/2012,2146.30000,@GC,1,1,920.00,1440.0000,-200.0000,
15/10/2012 11:00:00,2109.90000,16/10/2012 09:00:00,2119.10000,@GC,-1,1,-920.00,530.0000,-1080.0000,
23/10/2012 11:00:00,2084.80000,24/10/2012 09:00:00,2084.10000,@GC,-1,1,70.00,530.0000,-530.0000,
01/11/2012 21:00:00,2090.80000,02/11/2012 09:00:00,2073.60000,@GC,1,1,-1720.00,100.0000,-1030.0000,
12/11/2012 19:00:00,2102.30000,13/11/2012 22:00:00,2102.10000,@GC,1,1,-20.00,590.0000,-980.0000,
15/11/2012 20:00:00,2090.00000,18/11/2012 23:00:00,2096.90000,@GC,1,1,690.00,850.0000,-950.0000,
28/11/2012,2115.60000,28/11/2012 09:00:00,2089.60000,@GC,1,1,-2600.00,120.0000,-760.0000,
29/11/2012 19:00:00,2099.30000,02/12/2012 22:00:00,2093.80000,@GC,1,1,-550.00,680.0000,-1670.0000,
04/12/2012 10:00:00,2066.60000,05/12/2012 08:00:00,2076.40000,@GC,-1,1,-980.00,160.0000,-1410.0000,
05/12/2012 19:00:00,2066.50000,06/12/2012 22:00:00,2076.80000,@GC,1,1,1030.00,1070.0000,-700.0000,
17/12/2012 12:00:00,2069.10000,18/12/2012 10:00:00,2070.70000,@GC,-1,1,-160.00,70.0000,-770.0000,
18/12/2012 12:00:00,2064.30000,19/12/2012 10:00:00,2039.20000,@GC,-1,1,2510.00,2990.0000,0.0000,
19/12/2012 19:00:00,2040.10000,20/12/2012 09:00:00,2034.40000,@GC,1,1,-570.00,510.0000,-170.0000,
20/12/2012 10:00:00,2025.50000,21/12/2012 08:00:00,2021.30000,@GC,-1,1,420.00,1710.0000,-420.0000,
03/01/2013 16:00:00,2034.30000,04/01/2013 14:00:00,2019.50000,@GC,-1,1,1480.00,3590.0000,-340.0000,
13/01/2013 19:00:00,2031.90000,14/01/2013 22:00:00,2040.20000,@GC,1,1,830.00,1530.0000,0.0000,
17/01/2013 10:00:00,2041.50000,17/01/2013 11:00:00,2057.30000,@GC,-1,1,-1580.00,270.0000,-1280.0000,
27/01/2013 19:00:00,2030.00000,28/01/2013 05:00:00,2027.40000,@GC,1,1,-260.00,400.0000,-230.0000,
10/02/2013 19:00:00,2037.50000,11/02/2013 07:00:00,2028.70000,@GC,1,1,-880.00,310.0000,-730.0000,
14/02/2013 22:00:00,2002.20000,15/02/2013 04:00:00,2001.20000,@GC,1,1,-100.00,300.0000,-100.0000,
15/02/2013 10:00:00,1983.30000,18/02/2013 08:00:00,1981.70000,@GC,-1,1,160.00,1630.0000,-580.0000,
18/02/2013 19:00:00,1979.80000,19/02/2013 22:00:00,1978.00000,@GC,1,1,-180.00,530.0000,-930.0000,
20/02/2013 11:00:00,1954.70000,21/02/2013 09:00:00,1941.40000,@GC,-1,1,1330.00,3010.0000,-60.0000,
28/02/2013 11:00:00,1956.30000,01/03/2013 09:00:00,1941.00000,@GC,-1,1,1530.00,2200.0000,-380.0000,
05/03/2013 12:00:00,1944.40000,06/03/2013 10:00:00,1947.10000,@GC,-1,1,-270.00,300.0000,-540.0000,
10/03/2013 20:00:00,1947.00000,11/03/2013 23:00:00,1951.40000,@GC,1,1,440.00,580.0000,-220.0000,
13/03/2013 21:00:00,1957.10000,15/03/2013,1961.20000,@GC,1,1,410.00,540.0000,-1160.0000,
02/04/2013 10:00:00,1951.80000,03/04/2013 08:00:00,1939.40000,@GC,-1,1,1240.00,2040.0000,-140.0000,
03/04/2013 14:00:00,1923.50000,04/04/2013 12:00:00,1916.40000,@GC,-1,1,710.00,1580.0000,-450.0000,
04/04/2013 20:00:00,1921.40000,07/04/2013 23:00:00,1944.80000,@GC,1,1,2340.00,2980.0000,-410.0000,
12/04/2013 12:00:00,1870.90000,14/04/2013 23:00:00,1790.90000,@GC,-1,1,8000.00,7180.0000,-540.0000,
15/04/2013 12:00:00,1724.90000,15/04/2013 13:00:00,1750.90000,@GC,-1,1,-2600.00,130.0000,-2330.0000,
01/05/2013 21:00:00,1826.00000,03/05/2013,1844.30000,@GC,1,1,1830.00,1870.0000,-960.0000,
07/05/2013 10:00:00,1814.90000,08/05/2013 08:00:00,1820.90000,@GC,-1,1,-600.00,620.0000,-1150.0000,
10/05/2013 09:00:00,1795.40000,13/05/2013 07:00:00,1794.40000,@GC,-1,1,100.00,860.0000,-2120.0000,
15/05/2013 12:00:00,1760.30000,16/05/2013 10:00:00,1746.70000,@GC,-1,1,1360.00,2400.0000,-960.0000,
28/05/2013 06:00:00,1744.70000,29/05/2013 04:00:00,1751.20000,@GC,-1,1,-650.00,430.0000,-2460.0000,
05/06/2013 20:00:00,1768.40000,06/06/2013 23:00:00,1782.70000,@GC,1,1,1430.00,2240.0000,-970.0000,
07/06/2013 10:00:00,1760.00000,10/06/2013 08:00:00,1748.10000,@GC,-1,1,1190.00,1690.0000,-500.0000,
10/06/2013 19:00:00,1752.50000,11/06/2013 04:00:00,1742.60000,@GC,1,1,-990.00,120.0000,-860.0000,
11/06/2013 21:00:00,1743.90000,13/06/2013,1761.10000,@GC,1,1,1720.00,1800.0000,-420.0000,
17/06/2013 20:00:00,1751.00000,18/06/2013 11:00:00,1732.00000,@GC,1,1,-1900.00,190.0000,-1750.0000,
19/06/2013 16:00:00,1723.60000,20/06/2013 14:00:00,1658.00000,@GC,-1,1,6560.00,7110.0000,0.0000,
20/06/2013 20:00:00,1644.70000,20/06/2013 21:00:00,1641.00000,@GC,1,1,-370.00,0.0000,-370.0000,
24/06/2013 19:00:00,1648.50000,25/06/2013 22:00:00,1642.20000,@GC,1,1,-630.00,800.0000,-1030.0000,
05/07/2013 10:00:00,1583.40000,08/07/2013 08:00:00,1597.40000,@GC,-1,1,-1400.00,900.0000,-1600.0000,
30/07/2013 10:00:00,1688.40000,31/07/2013 08:00:00,1698.80000,@GC,-1,1,-1040.00,430.0000,-1840.0000,
31/07/2013 10:00:00,1686.20000,01/08/2013 08:00:00,1690.50000,@GC,-1,1,-430.00,1380.0000,-1490.0000,
01/08/2013 19:00:00,1674.80000,01/08/2013 22:00:00,1669.30000,@GC,1,1,-550.00,110.0000,-550.0000,
05/08/2013 20:00:00,1669.10000,06/08/2013 10:00:00,1649.50000,@GC,1,1,-1960.00,440.0000,-1870.0000,
13/08/2013 19:00:00,1687.40000,14/08/2013 22:00:00,1707.90000,@GC,1,1,2050.00,2560.0000,-520.0000,
02/09/2013 19:00:00,1757.60000,03/09/2013 22:00:00,1780.50000,@GC,1,1,2290.00,2590.0000,-620.0000,
04/09/2013 11:00:00,1757.30000,05/09/2013 09:00:00,1763.20000,@GC,-1,1,-590.00,920.0000,-720.0000,
10/09/2013 10:00:00,1729.90000,11/09/2013 08:00:00,1726.80000,@GC,-1,1,310.00,680.0000,-590.0000,
12/09/2013 10:00:00,1696.00000,13/09/2013 08:00:00,1681.00000,@GC,-1,1,1500.00,2430.0000,-460.0000,
17/09/2013 19:00:00,1676.60000,17/09/2013 21:00:00,1669.80000,@GC,1,1,-680.00,80.0000,-600.0000,
26/09/2013 19:00:00,1690.80000,29/09/2013 22:00:00,1707.50000,@GC,1,1,1670.00,3010.0000,-370.0000,
30/09/2013 19:00:00,1695.10000,01/10/2013 09:00:00,1669.10000,@GC,1,1,-2600.00,980.0000,-1770.0000,
09/10/2013 20:00:00,1672.40000,10/10/2013 23:00:00,1656.50000,@GC,1,1,-1590.00,670.0000,-2430.0000,
13/10/2013 21:00:00,1639.60000,15/10/2013,1640.30000,@GC,1,1,70.00,1910.0000,-650.0000,
21/10/2013 19:00:00,1682.00000,22/10/2013 22:00:00,1707.20000,@GC,1,1,2520.00,2980.0000,-540.0000,
04/11/2013 16:00:00,1681.20000,05/11/2013 11:00:00,1672.70000,@GC,1,1,-850.00,650.0000,-620.0000,
08/11/2013 10:00:00,1656.70000,11/11/2013 08:00:00,1653.50000,@GC,-1,1,320.00,1150.0000,-210.0000,
11/11/2013 19:00:00,1648.50000,11/11/2013 22:00:00,1645.20000,@GC,1,1,-330.00,80.0000,-240.0000,
12/11/2013 10:00:00,1647.00000,13/11/2013 08:00:00,1637.80000,@GC,-1,1,920.00,1940.0000,-310.0000,
20/11/2013 10:00:00,1625.10000,21/11/2013 08:00:00,1615.20000,@GC,-1,1,990.00,1780.0000,-990.0000,
26/11/2013 19:00:00,1608.10000,27/11/2013 22:00:00,1606.20000,@GC,1,1,-190.00,1370.0000,-700.0000,
02/12/2013 11:00:00,1600.50000,03/12/2013 09:00:00,1589.20000,@GC,-1,1,1130.00,1640.0000,0.0000,
09/12/2013 01:00:00,1595.80000,10/12/2013 04:00:00,1611.90000,@GC,1,1,1610.00,1790.0000,-220.0000,
18/12/2013 16:00:00,1587.00000,19/12/2013 14:00:00,1562.10000,@GC,-1,1,2490.00,2840.0000,-600.0000,
20/12/2013 01:00:00,1561.20000,23/12/2013 04:00:00,1567.60000,@GC,1,1,640.00,1270.0000,-390.0000,
31/12/2013 01:00:00,1564.00000,31/12/2013 09:00:00,1553.00000,@GC,1,1,-1100.00,880.0000,-300.0000,
08/01/2014 10:00:00,1586.30000,09/01/2014 08:00:00,1594.40000,@GC,-1,1,-810.00,160.0000,-920.0000,
14/01/2014 20:00:00,1609.70000,15/01/2014 23:00:00,1606.40000,@GC,1,1,-330.00,80.0000,-920.0000,
21/01/2014 09:00:00,1609.00000,22/01/2014 07:00:00,1607.00000,@GC,-1,1,200.00,690.0000,-190.0000,
30/01/2014 20:00:00,1611.00000,02/02/2014 23:00:00,1611.90000,@GC,1,1,90.00,1110.0000,-550.0000,
06/02/2014 20:00:00,1623.50000,09/02/2014 23:00:00,1636.30000,@GC,1,1,1280.00,1580.0000,-70.0000,
05/03/2014 20:00:00,1703.40000,06/03/2014 23:00:00,1717.00000,@GC,1,1,1360.00,1780.0000,-480.0000,
07/03/2014 10:00:00,1699.10000,10/03/2014 08:00:00,1704.50000,@GC,-1,1,-540.00,520.0000,-1000.0000,
10/03/2014 19:00:00,1706.80000,11/03/2014 22:00:00,1715.10000,@GC,1,1,830.00,1350.0000,-170.0000,
17/03/2014 20:00:00,1733.20000,18/03/2014 23:00:00,1725.40000,@GC,1,1,-780.00,200.0000,-1480.0000,
19/03/2014 16:00:00,1698.00000,20/03/2014 14:00:00,1699.50000,@GC,-1,1,-150.00,990.0000,-460.0000,
20/03/2014 21:00:00,1698.10000,24/03/2014,1694.60000,@GC,1,1,-350.00,1220.0000,-520.0000,
25/03/2014 20:00:00,1678.30000,26/03/2014 11:00:00,1673.30000,@GC,1,1,-500.00,610.0000,-460.0000,
27/03/2014 01:00:00,1671.50000,27/03/2014 05:00:00,1666.60000,@GC,1,1,-490.00,100.0000,-440.0000,
28/03/2014 10:00:00,1654.00000,31/03/2014 08:00:00,1661.80000,@GC,-1,1,-780.00,60.0000,-1260.0000,
31/03/2014 21:00:00,1652.00000,31/03/2014 22:00:00,1649.50000,@GC,1,1,-250.00,0.0000,-250.0000,
01/04/2014 21:00:00,1648.30000,03/04/2014,1659.30000,@GC,1,1,1100.00,1390.0000,-20.0000,
03/04/2014 21:00:00,1652.20000,07/04/2014,1669.80000,@GC,1,1,1760.00,2260.0000,-50.0000,
15/04/2014 19:00:00,1669.80000,16/04/2014 22:00:00,1670.50000,@GC,1,1,70.00,460.0000,-900.0000,
20/04/2014 23:00:00,1652.70000,21/04/2014 21:00:00,1657.00000,@GC,-1,1,-430.00,360.0000,-850.0000,
22/04/2014 12:00:00,1646.80000,23/04/2014 10:00:00,1653.20000,@GC,-1,1,-640.00,370.0000,-960.0000,
24/04/2014 09:00:00,1636.50000,24/04/2014 10:00:00,1662.50000,@GC,-1,1,-2600.00,80.0000,-1530.0000,
01/05/2014 20:00:00,1651.30000,04/05/2014 23:00:00,1673.20000,@GC,1,1,2190.00,2580.0000,-1200.0000,
07/05/2014 12:00:00,1660.30000,08/05/2014 10:00:00,1655.90000,@GC,-1,1,440.00,820.0000,-250.0000,
27/05/2014 04:00:00,1652.60000,28/05/2014 02:00:00,1629.90000,@GC,-1,1,2270.00,2440.0000,-110.0000,
29/05/2014 20:00:00,1623.00000,30/05/2014 09:00:00,1618.50000,@GC,1,1,-450.00,470.0000,-340.0000,
30/05/2014 12:00:00,1611.60000,02/06/2014 10:00:00,1612.70000,@GC,-1,1,-110.00,340.0000,-760.0000,
04/06/2014 21:00:00,1611.00000,06/06/2014,1621.30000,@GC,1,1,1030.00,1400.0000,-270.0000,
07/07/2014 10:00:00,1681.90000,08/07/2014 08:00:00,1688.40000,@GC,-1,1,-650.00,270.0000,-670.0000,
14/07/2014 10:00:00,1678.60000,15/07/2014 08:00:00,1677.60000,@GC,-1,1,100.00,930.0000,-290.0000,
15/07/2014 12:00:00,1663.20000,16/07/2014 10:00:00,1666.00000,@GC,-1,1,-280.00,350.0000,-520.0000,
21/07/2014 20:00:00,1678.90000,22/07/2014 23:00:00,1675.40000,@GC,1,1,-350.00,500.0000,-960.0000,
24/07/2014 10:00:00,1663.00000,25/07/2014 08:00:00,1662.90000,@GC,-1,1,10.00,840.0000,-60.0000,
29/07/2014 11:00:00,1667.40000,30/07/2014 09:00:00,1665.40000,@GC,-1,1,200.00,480.0000,-10.0000,
30/07/2014 21:00:00,1661.40000,31/07/2014 09:00:00,1654.60000,@GC,1,1,-680.00,200.0000,-390.0000,
05/08/2014 10:00:00,1652.30000,06/08/2014 08:00:00,1655.50000,@GC,-1,1,-320.00,440.0000,-730.0000,
11/08/2014 19:00:00,1673.80000,12/08/2014 22:00:00,1674.70000,@GC,1,1,90.00,1010.0000,-240.0000,
15/08/2014 10:00:00,1661.40000,18/08/2014 08:00:00,1667.90000,@GC,-1,1,-650.00,380.0000,-1460.0000,
18/08/2014 21:00:00,1663.40000,20/08/2014,1661.70000,@GC,1,1,-170.00,490.0000,-410.0000,
26/08/2014 12:00:00,1648.10000,27/08/2014 10:00:00,1650.80000,@GC,-1,1,-270.00,260.0000,-470.0000,
02/09/2014 04:00:00,1640.60000,03/09/2014 02:00:00,1632.30000,@GC,-1,1,830.00,1290.0000,-300.0000,
03/09/2014 20:00:00,1634.20000,04/09/2014 16:00:00,1626.50000,@GC,1,1,-770.00,960.0000,-710.0000,
07/09/2014 21:00:00,1632.10000,08/09/2014 11:00:00,1622.60000,@GC,1,1,-950.00,510.0000,-890.0000,
10/09/2014 20:00:00,1614.40000,11/09/2014 07:00:00,1609.10000,@GC,1,1,-530.00,100.0000,-520.0000,
15/09/2014 19:00:00,1597.80000,16/09/2014 22:00:00,1601.80000,@GC,1,1,400.00,1000.0000,-100.0000,
17/09/2014 16:00:00,1592.80000,18/09/2014 14:00:00,1591.60000,@GC,-1,1,120.00,1190.0000,-150.0000,
18/09/2014 16:00:00,1590.90000,19/09/2014 11:00:00,1580.90000,@GC,1,1,-1000.00,290.0000,-960.0000,
22/09/2014 21:00:00,1579.40000,24/09/2014,1587.90000,@GC,1,1,850.00,2220.0000,-10.0000,
24/09/2014 12:00:00,1582.10000,25/09/2014 10:00:00,1577.00000,@GC,-1,1,510.00,1090.0000,-230.0000,
03/10/2014 10:00:00,1563.00000,06/10/2014 08:00:00,1559.10000,@GC,-1,1,390.00,1510.0000,-310.0000,
14/10/2014 21:00:00,1594.00000,16/10/2014,1603.40000,@GC,1,1,940.00,2090.0000,-740.0000,
23/10/2014 21:00:00,1596.10000,27/10/2014,1596.00000,@GC,1,1,-10.00,320.0000,-410.0000,
28/10/2014 19:00:00,1592.30000,29/10/2014 09:00:00,1586.80000,@GC,1,1,-550.00,270.0000,-370.0000,
29/10/2014 16:00:00,1576.80000,30/10/2014 14:00:00,1564.50000,@GC,-1,1,1230.00,1670.0000,-430.0000,
31/10/2014 10:00:00,1526.70000,03/11/2014 08:00:00,1537.00000,@GC,-1,1,-1030.00,160.0000,-1190.0000,
03/11/2014 19:00:00,1529.10000,04/11/2014 22:00:00,1531.30000,@GC,1,1,220.00,1050.0000,-110.0000,
06/11/2014 19:00:00,1504.80000,07/11/2014,1501.70000,@GC,1,1,-310.00,220.0000,-230.0000,
11/11/2014,1515.60000,12/11/2014 03:00:00,1531.10000,@GC,1,1,1550.00,2150.0000,-550.0000,
13/11/2014 19:00:00,1524.80000,16/11/2014 22:00:00,1552.10000,@GC,1,1,2730.00,3340.0000,-1420.0000,
25/11/2014 10:00:00,1554.60000,26/11/2014 08:00:00,1562.50000,@GC,-1,1,-790.00,100.0000,-1110.0000,
28/11/2014 10:00:00,1542.60000,01/12/2014 11:00:00,1559.10000,@GC,-1,1,-1650.00,3700.0000,-1930.0000,
16/12/2014 19:00:00,1559.20000,17/12/2014 15:00:00,1550.30000,@GC,1,1,-890.00,780.0000,-450.0000,
22/12/2014 12:00:00,1550.50000,23/12/2014 10:00:00,1542.20000,@GC,-1,1,830.00,1590.0000,-70.0000,
24/12/2014,1541.40000,26/12/2014 06:00:00,1551.20000,@GC,1,1,980.00,1140.0000,-480.0000,
29/12/2014 12:00:00,1544.40000,30/12/2014 10:00:00,1562.00000,@GC,-1,1,-1760.00,190.0000,-2230.0000,
26/01/2015 19:00:00,1643.50000,27/01/2015 22:00:00,1653.40000,@GC,1,1,990.00,1780.0000,-760.0000,
29/01/2015 12:00:00,1625.60000,30/01/2015 10:00:00,1626.60000,@GC,-1,1,-100.00,1080.0000,-460.0000,
03/02/2015 10:00:00,1626.00000,04/02/2015 08:00:00,1629.50000,@GC,-1,1,-350.00,750.0000,-880.0000,
06/02/2015 10:00:00,1607.70000,09/02/2015 08:00:00,1604.00000,@GC,-1,1,370.00,1680.0000,0.0000,
10/02/2015 20:00:00,1596.00000,11/02/2015 10:00:00,1590.90000,@GC,1,1,-510.00,540.0000,-410.0000,
11/02/2015 11:00:00,1585.90000,12/02/2015 09:00:00,1586.10000,@GC,-1,1,-20.00,670.0000,-960.0000,
12/02/2015 17:00:00,1584.40000,15/02/2015 21:00:00,1592.90000,@GC,1,1,850.00,1320.0000,-60.0000,
17/02/2015 05:00:00,1583.10000,18/02/2015 03:00:00,1571.70000,@GC,-1,1,1140.00,1710.0000,-480.0000,
23/02/2015 12:00:00,1566.10000,24/02/2015 10:00:00,1559.90000,@GC,-1,1,620.00,910.0000,-100.0000,
05/03/2015 21:00:00,1561.20000,06/03/2015 09:00:00,1552.70000,@GC,1,1,-850.00,150.0000,-640.0000,
06/03/2015 10:00:00,1544.00000,09/03/2015 08:00:00,1536.80000,@GC,-1,1,720.00,1840.0000,-50.0000,
09/03/2015 16:00:00,1528.90000,10/03/2015,1525.60000,@GC,1,1,-330.00,210.0000,-310.0000,
11/03/2015 12:00:00,1511.80000,12/03/2015 10:00:00,1518.30000,@GC,-1,1,-650.00,260.0000,-1660.0000,
16/03/2015 19:00:00,1516.20000,17/03/2015 10:00:00,1509.20000,@GC,1,1,-700.00,260.0000,-480.0000,
09/04/2015 20:00:00,1555.50000,12/04/2015 23:00:00,1569.70000,@GC,1,1,1420.00,1690.0000,-80.0000,
20/04/2015 11:00:00,1555.40000,21/04/2015 09:00:00,1563.20000,@GC,-1,1,-780.00,280.0000,-820.0000,
22/04/2015 11:00:00,1556.90000,23/04/2015 09:00:00,1552.20000,@GC,-1,1,470.00,1150.0000,0.0000,
24/04/2015 11:00:00,1542.80000,27/04/2015 09:00:00,1547.60000,@GC,-1,1,-480.00,690.0000,-610.0000,
30/04/2015 10:00:00,1552.70000,01/05/2015 08:00:00,1542.70000,@GC,-1,1,1000.00,1490.0000,0.0000,
11/05/2015 20:00:00,1544.10000,12/05/2015 23:00:00,1553.00000,@GC,1,1,890.00,1400.0000,-260.0000,
19/05/2015 12:00:00,1567.40000,20/05/2015 10:00:00,1571.50000,@GC,-1,1,-410.00,290.0000,-690.0000,
21/05/2015 10:00:00,1563.20000,22/05/2015 08:00:00,1573.80000,@GC,-1,1,-1060.00,60.0000,-1320.0000,
22/05/2015 10:00:00,1565.90000,25/05/2015 08:00:00,1565.70000,@GC,-1,1,20.00,310.0000,-430.0000,
26/05/2015 04:00:00,1556.50000,27/05/2015 02:00:00,1549.60000,@GC,-1,1,690.00,990.0000,-280.0000,
28/05/2015 06:00:00,1550.50000,29/05/2015 04:00:00,1549.20000,@GC,-1,1,130.00,940.0000,-160.0000,
04/06/2015 11:00:00,1535.40000,05/06/2015 09:00:00,1534.30000,@GC,-1,1,110.00,210.0000,-380.0000,
05/06/2015 10:00:00,1525.10000,08/06/2015 08:00:00,1533.70000,@GC,-1,1,-860.00,210.0000,-1290.0000,
09/06/2015 10:00:00,1539.00000,10/06/2015 08:00:00,1546.30000,@GC,-1,1,-730.00,380.0000,-1100.0000,
16/06/2015 20:00:00,1541.90000,17/06/2015 23:00:00,1547.00000,@GC,1,1,510.00,780.0000,-710.0000,
02/07/2015 21:00:00,1525.80000,06/07/2015 04:00:00,1527.40000,@GC,1,1,160.00,950.0000,-40.0000,
06/07/2015 10:00:00,1523.50000,07/07/2015 08:00:00,1525.60000,@GC,-1,1,-210.00,10.0000,-1110.0000,
07/07/2015 10:00:00,1519.80000,08/07/2015 08:00:00,1513.80000,@GC,-1,1,600.00,1300.0000,0.0000,
09/07/2015 21:00:00,1517.90000,13/07/2015,1521.60000,@GC,1,1,370.00,750.0000,-30.0000,
13/07/2015 19:00:00,1517.30000,14/07/2015 22:00:00,1515.80000,@GC,1,1,-150.00,270.0000,-460.0000,
15/07/2015 11:00:00,1505.60000,16/07/2015 09:00:00,1504.10000,@GC,-1,1,150.00,350.0000,-420.0000,
16/07/2015 21:00:00,1504.10000,17/07/2015 09:00:00,1501.50000,@GC,1,1,-260.00,130.0000,-150.0000,
17/07/2015 10:00:00,1496.90000,20/07/2015 08:00:00,1473.20000,@GC,-1,1,2370.00,5600.0000,-160.0000,
21/07/2015 21:00:00,1459.10000,23/07/2015,1457.50000,@GC,1,1,-160.00,340.0000,-1260.0000,
04/08/2015 20:00:00,1446.00000,05/08/2015 23:00:00,1444.40000,@GC,1,1,-160.00,610.0000,-360.0000,
13/08/2015 20:00:00,1474.40000,16/08/2015 23:00:00,1476.60000,@GC,1,1,220.00,640.0000,-290.0000,
24/08/2015 19:00:00,1513.00000,25/08/2015 22:00:00,1503.70000,@GC,1,1,-930.00,370.0000,-1860.0000,
02/09/2015 12:00:00,1491.80000,03/09/2015 10:00:00,1482.60000,@GC,-1,1,920.00,1040.0000,-540.0000,
03/09/2015 20:00:00,1484.60000,04/09/2015 10:00:00,1477.30000,@GC,1,1,-730.00,890.0000,-660.0000,
08/09/2015 10:00:00,1481.40000,09/09/2015 08:00:00,1480.10000,@GC,-1,1,130.00,190.0000,-500.0000,
09/09/2015 11:00:00,1470.00000,10/09/2015 09:00:00,1466.80000,@GC,-1,1,320.00,950.0000,-190.0000,
15/09/2015 20:00:00,1464.60000,16/09/2015 23:00:00,1480.40000,@GC,1,1,1580.00,1950.0000,-120.0000,
21/09/2015 19:00:00,1492.80000,22/09/2015 22:00:00,1484.20000,@GC,1,1,-860.00,370.0000,-1190.0000,
29/09/2015 20:00:00,1486.20000,30/09/2015 09:00:00,1476.40000,@GC,1,1,-980.00,190.0000,-930.0000,
30/09/2015 10:00:00,1476.30000,01/10/2015 08:00:00,1472.70000,@GC,-1,1,360.00,560.0000,-120.0000,
19/10/2015 20:00:00,1529.60000,20/10/2015 23:00:00,1538.00000,@GC,1,1,840.00,1220.0000,-200.0000,
21/10/2015 11:00:00,1525.20000,22/10/2015 09:00:00,1527.10000,@GC,-1,1,-190.00,160.0000,-510.0000,
22/10/2015 20:00:00,1525.90000,25/10/2015 23:00:00,1525.00000,@GC,1,1,-90.00,1390.0000,-690.0000,
26/10/2015 21:00:00,1523.90000,28/10/2015,1528.20000,@GC,1,1,430.00,540.0000,-300.0000,
29/10/2015 20:00:00,1506.30000,30/10/2015 09:00:00,1504.60000,@GC,1,1,-170.00,390.0000,-150.0000,
03/11/2015 10:00:00,1486.40000,04/11/2015 08:00:00,1476.20000,@GC,-1,1,1020.00,1240.0000,-150.0000,
04/11/2015 12:00:00,1472.00000,05/11/2015 10:00:00,1468.60000,@GC,-1,1,340.00,670.0000,-250.0000,
06/11/2015 06:00:00,1467.70000,06/11/2015 09:00:00,1462.60000,@GC,1,1,-510.00,130.0000,-270.0000,
10/11/2015 01:00:00,1452.20000,10/11/2015 10:00:00,1444.90000,@GC,1,1,-730.00,300.0000,-550.0000,
12/11/2015 10:00:00,1438.90000,13/11/2015 08:00:00,1446.70000,@GC,-1,1,-780.00,550.0000,-1050.0000,
23/11/2015 11:00:00,1429.60000,24/11/2015 09:00:00,1435.60000,@GC,-1,1,-600.00,280.0000,-710.0000,
27/11/2015 10:00:00,1414.00000,30/11/2015 11:00:00,1421.40000,@GC,-1,1,-740.00,170.0000,-870.0000,
02/12/2015 10:00:00,1417.70000,03/12/2015 08:00:00,1410.10000,@GC,-1,1,760.00,1160.0000,-190.0000,
17/12/2015 11:00:00,1409.70000,18/12/2015 09:00:00,1416.70000,@GC,-1,1,-700.00,220.0000,-940.0000,
28/12/2015 20:00:00,1428.30000,29/12/2015 23:00:00,1430.90000,@GC,1,1,260.00,700.0000,-90.0000,
30/12/2015 10:00:00,1420.80000,31/12/2015 08:00:00,1421.80000,@GC,-1,1,-100.00,160.0000,-260.0000,
12/01/2016 20:00:00,1447.00000,13/01/2016 23:00:00,1453.70000,@GC,1,1,670.00,930.0000,-690.0000,
19/01/2016 11:00:00,1446.10000,20/01/2016 09:00:00,1462.40000,@GC,-1,1,-1630.00,220.0000,-1750.0000,
28/01/2016 20:00:00,1474.60000,31/01/2016 23:00:00,1481.60000,@GC,1,1,700.00,760.0000,-580.0000,
16/02/2016 20:00:00,1561.60000,17/02/2016 23:00:00,1570.80000,@GC,1,1,920.00,1310.0000,-510.0000,
22/02/2016 19:00:00,1568.00000,23/02/2016 22:00:00,1586.20000,@GC,1,1,1820.00,2570.0000,-10.0000,
25/02/2016 19:00:00,1592.80000,28/02/2016 22:00:00,1586.80000,@GC,1,1,-600.00,880.0000,-2050.0000,
01/03/2016 20:00:00,1591.80000,02/03/2016 23:00:00,1600.30000,@GC,1,1,850.00,1330.0000,-640.0000,
09/03/2016 20:00:00,1613.20000,10/03/2016 23:00:00,1637.40000,@GC,1,1,2420.00,3490.0000,-1540.0000,
15/03/2016 19:00:00,1592.70000,16/03/2016 22:00:00,1621.70000,@GC,1,1,2900.00,3240.0000,-540.0000,
21/03/2016 20:00:00,1603.90000,22/03/2016 23:00:00,1605.40000,@GC,1,1,150.00,1730.0000,-80.0000,
23/03/2016 10:00:00,1581.90000,24/03/2016 08:00:00,1579.50000,@GC,-1,1,240.00,1040.0000,-350.0000,
27/03/2016 21:00:00,1573.70000,29/03/2016,1578.70000,@GC,1,1,500.00,980.0000,-740.0000,
31/03/2016 20:00:00,1591.50000,03/04/2016 23:00:00,1577.20000,@GC,1,1,-1430.00,410.0000,-2280.0000,
14/04/2016 10:00:00,1592.20000,15/04/2016 08:00:00,1590.50000,@GC,-1,1,170.00,840.0000,-290.0000,
18/04/2016 19:00:00,1591.50000,19/04/2016 22:00:00,1610.80000,@GC,1,1,1930.00,2540.0000,-410.0000,
21/04/2016 19:00:00,1606.90000,24/04/2016 22:00:00,1591.10000,@GC,1,1,-1580.00,570.0000,-2000.0000,
25/04/2016 02:00:00,1593.10000,26/04/2016 05:00:00,1595.20000,@GC,1,1,210.00,910.0000,-260.0000,
05/05/2016 20:00:00,1637.00000,08/05/2016 23:00:00,1647.10000,@GC,1,1,1010.00,1910.0000,-240.0000,
09/05/2016 20:00:00,1623.50000,10/05/2016 23:00:00,1629.80000,@GC,1,1,630.00,690.0000,-680.0000,
16/05/2016 19:00:00,1633.30000,17/05/2016 22:00:00,1639.80000,@GC,1,1,650.00,900.0000,-480.0000,
18/05/2016 16:00:00,1618.60000,19/05/2016 14:00:00,1611.70000,@GC,-1,1,690.00,1560.0000,-210.0000,
24/05/2016 11:00:00,1593.70000,25/05/2016 09:00:00,1582.00000,@GC,-1,1,1170.00,1480.0000,-230.0000,
26/05/2016 11:00:00,1581.80000,27/05/2016 09:00:00,1578.60000,@GC,-1,1,320.00,1190.0000,-10.0000,
11/07/2016 16:00:00,1711.00000,12/07/2016 20:00:00,1690.60000,@GC,1,1,-2040.00,400.0000,-2390.0000,
18/07/2016 19:00:00,1684.70000,19/07/2016 22:00:00,1689.50000,@GC,1,1,480.00,690.0000,-280.0000,
20/07/2016 10:00:00,1671.10000,21/07/2016 08:00:00,1675.80000,@GC,-1,1,-470.00,430.0000,-870.0000,
24/07/2016 19:00:00,1677.40000,25/07/2016 22:00:00,1676.30000,@GC,1,1,-110.00,210.0000,-1020.0000,
03/08/2016 19:00:00,1712.40000,04/08/2016 22:00:00,1715.10000,@GC,1,1,270.00,760.0000,-870.0000,
05/08/2016 10:00:00,1695.70000,08/08/2016 08:00:00,1685.40000,@GC,-1,1,1030.00,1180.0000,-90.0000,
08/08/2016 19:00:00,1689.20000,09/08/2016 22:00:00,1700.50000,@GC,1,1,1130.00,1250.0000,-460.0000,
19/08/2016 10:00:00,1690.60000,22/08/2016 08:00:00,1688.90000,@GC,-1,1,170.00,660.0000,-1040.0000,
24/08/2016 10:00:00,1680.60000,25/08/2016 08:00:00,1675.60000,@GC,-1,1,500.00,630.0000,-180.0000,
01/09/2016 02:00:00,1660.70000,01/09/2016 09:00:00,1655.50000,@GC,1,1,-520.00,20.0000,-490.0000,
15/09/2016 10:00:00,1671.80000,16/09/2016 08:00:00,1664.70000,@GC,-1,1,710.00,1110.0000,-160.0000,
30/09/2016 10:00:00,1674.00000,03/10/2016 08:00:00,1669.50000,@GC,-1,1,450.00,940.0000,-140.0000,
04/10/2016 10:00:00,1642.00000,05/10/2016 08:00:00,1623.70000,@GC,-1,1,1830.00,2480.0000,-180.0000,
06/10/2016 20:00:00,1604.90000,07/10/2016 12:00:00,1600.40000,@GC,1,1,-450.00,1130.0000,-380.0000,
11/10/2016 02:00:00,1608.70000,12/10/2016 05:00:00,1605.50000,@GC,1,1,-320.00,390.0000,-780.0000,
12/10/2016 20:00:00,1605.50000,13/10/2016 23:00:00,1607.40000,@GC,1,1,190.00,700.0000,-220.0000,
07/11/2016 20:00:00,1630.40000,08/11/2016 23:00:00,1651.20000,@GC,1,1,2080.00,3290.0000,-1370.0000,
11/11/2016 11:00:00,1583.70000,14/11/2016 09:00:00,1572.00000,@GC,-1,1,1170.00,2310.0000,-610.0000,
15/11/2016 01:00:00,1572.30000,16/11/2016 04:00:00,1575.70000,@GC,1,1,340.00,940.0000,-510.0000,
23/11/2016 10:00:00,1536.90000,24/11/2016 08:00:00,1535.30000,@GC,-1,1,160.00,900.0000,-380.0000,
30/11/2016 11:00:00,1523.50000,01/12/2016 09:00:00,1515.50000,@GC,-1,1,800.00,1370.0000,-340.0000,
05/12/2016 19:00:00,1517.60000,06/12/2016 22:00:00,1516.60000,@GC,1,1,-100.00,550.0000,-350.0000,
08/12/2016 19:00:00,1518.20000,09/12/2016 15:00:00,1504.60000,@GC,1,1,-1360.00,160.0000,-1300.0000,
14/12/2016 16:00:00,1493.40000,15/12/2016 14:00:00,1476.40000,@GC,-1,1,1700.00,2310.0000,-260.0000,
15/12/2016 20:00:00,1475.40000,18/12/2016 23:00:00,1486.10000,@GC,1,1,1070.00,1380.0000,-90.0000,
20/12/2016 11:00:00,1473.70000,21/12/2016 09:00:00,1482.50000,@GC,-1,1,-880.00,40.0000,-1100.0000,
09/01/2017 01:00:00,1520.30000,10/01/2017 04:00:00,1530.10000,@GC,1,1,980.00,1340.0000,-130.0000,
19/01/2017 10:00:00,1545.40000,20/01/2017 08:00:00,1546.30000,@GC,-1,1,-90.00,400.0000,-950.0000,
26/01/2017 19:00:00,1533.60000,26/01/2017 23:00:00,1529.90000,@GC,1,1,-370.00,40.0000,-350.0000,
27/01/2017 11:00:00,1529.20000,30/01/2017 09:00:00,1536.30000,@GC,-1,1,-710.00,0.0000,-1200.0000,
20/02/2017 19:00:00,1581.50000,21/02/2017 22:00:00,1581.50000,@GC,1,1,0.00,170.0000,-1140.0000,
01/03/2017 10:00:00,1580.80000,02/03/2017 08:00:00,1584.80000,@GC,-1,1,-400.00,30.0000,-1390.0000,
07/03/2017 10:00:00,1562.90000,08/03/2017 08:00:00,1557.00000,@GC,-1,1,590.00,840.0000,-120.0000,
08/03/2017 10:00:00,1552.00000,09/03/2017 08:00:00,1547.10000,@GC,-1,1,490.00,580.0000,-270.0000,
14/03/2017 10:00:00,1546.50000,15/03/2017 08:00:00,1544.10000,@GC,-1,1,240.00,630.0000,-430.0000,
23/03/2017 21:00:00,1587.80000,27/03/2017,1599.80000,@GC,1,1,1200.00,1360.0000,-380.0000,
28/03/2017 20:00:00,1593.10000,29/03/2017 23:00:00,1593.10000,@GC,1,1,0.00,450.0000,-300.0000,
30/03/2017 10:00:00,1588.60000,31/03/2017 08:00:00,1584.70000,@GC,-1,1,390.00,700.0000,-510.0000,
05/04/2017 10:00:00,1589.20000,06/04/2017 08:00:00,1593.20000,@GC,-1,1,-400.00,370.0000,-1180.0000,
06/04/2017 19:00:00,1593.60000,09/04/2017 22:00:00,1595.00000,@GC,1,1,140.00,1980.0000,-110.0000,
10/04/2017 21:00:00,1597.20000,12/04/2017,1617.00000,@GC,1,1,1980.00,2470.0000,-240.0000,
19/04/2017 20:00:00,1620.20000,20/04/2017 23:00:00,1622.50000,@GC,1,1,230.00,510.0000,-210.0000,
26/04/2017 01:00:00,1605.30000,26/04/2017 14:00:00,1602.40000,@GC,1,1,-290.00,350.0000,-260.0000,
01/05/2017 03:00:00,1603.60000,01/05/2017 12:00:00,1600.80000,@GC,1,1,-280.00,620.0000,-80.0000,
03/05/2017 10:00:00,1591.60000,04/05/2017 08:00:00,1574.00000,@GC,-1,1,1760.00,1830.0000,-300.0000,
08/05/2017 01:00:00,1570.60000,09/05/2017 04:00:00,1568.00000,@GC,1,1,-260.00,640.0000,-660.0000,
09/05/2017 10:00:00,1559.80000,10/05/2017 08:00:00,1564.90000,@GC,-1,1,-510.00,540.0000,-650.0000,
10/05/2017 19:00:00,1558.90000,11/05/2017 22:00:00,1564.70000,@GC,1,1,580.00,890.0000,-190.0000,
01/06/2017 20:00:00,1604.50000,04/06/2017 23:00:00,1619.50000,@GC,1,1,1500.00,1700.0000,-640.0000,
07/06/2017 20:00:00,1625.30000,08/06/2017 23:00:00,1614.00000,@GC,1,1,-1130.00,300.0000,-1500.0000,
12/06/2017 19:00:00,1604.00000,13/06/2017 10:00:00,1598.10000,@GC,1,1,-590.00,190.0000,-490.0000,
14/06/2017 16:00:00,1604.20000,15/06/2017 14:00:00,1591.50000,@GC,-1,1,1270.00,1470.0000,-110.0000,
19/06/2017 10:00:00,1586.60000,20/06/2017 08:00:00,1584.00000,@GC,-1,1,260.00,570.0000,-100.0000,
26/06/2017 21:00:00,1579.90000,28/06/2017,1589.60000,@GC,1,1,970.00,1070.0000,-130.0000,
28/06/2017 21:00:00,1586.60000,30/06/2017,1583.80000,@GC,1,1,-280.00,340.0000,-1010.0000,
02/07/2017 20:00:00,1578.20000,03/07/2017,1573.30000,@GC,1,1,-490.00,50.0000,-440.0000,
03/07/2017 11:00:00,1561.00000,04/07/2017 09:00:00,1561.40000,@GC,-1,1,-40.00,620.0000,-180.0000,
07/07/2017 10:00:00,1554.00000,10/07/2017 08:00:00,1544.40000,@GC,-1,1,960.00,1320.0000,0.0000,
02/08/2017 20:00:00,1602.50000,03/08/2017 23:00:00,1605.00000,@GC,1,1,250.00,510.0000,-900.0000,
04/08/2017 10:00:00,1597.10000,07/08/2017 08:00:00,1592.20000,@GC,-1,1,490.00,670.0000,-200.0000,
08/08/2017 12:00:00,1588.60000,09/08/2017 09:00:00,1610.90000,@GC,-1,1,-2230.00,90.0000,-1930.0000,
14/08/2017 19:00:00,1617.50000,15/08/2017 22:00:00,1607.90000,@GC,1,1,-960.00,80.0000,-1420.0000,
21/08/2017 02:00:00,1621.60000,22/08/2017 05:00:00,1620.40000,@GC,1,1,-120.00,870.0000,-280.0000,
22/08/2017 20:00:00,1619.70000,23/08/2017 23:00:00,1624.40000,@GC,1,1,470.00,790.0000,-120.0000,
24/08/2017 19:00:00,1621.50000,27/08/2017 22:00:00,1629.40000,@GC,1,1,790.00,1050.0000,-960.0000,
30/08/2017 02:00:00,1647.50000,31/08/2017 05:00:00,1642.70000,@GC,1,1,-480.00,240.0000,-1460.0000,
06/09/2017 20:00:00,1668.70000,07/09/2017 23:00:00,1684.30000,@GC,1,1,1560.00,1770.0000,-90.0000,
13/09/2017 11:00:00,1661.70000,14/09/2017 09:00:00,1654.80000,@GC,-1,1,690.00,890.0000,0.0000,
17/09/2017 19:00:00,1653.60000,17/09/2017 20:00:00,1650.10000,@GC,1,1,-350.00,0.0000,-250.0000,
18/09/2017 19:00:00,1641.10000,19/09/2017 22:00:00,1644.30000,@GC,1,1,320.00,480.0000,-180.0000,
29/09/2017 10:00:00,1618.40000,02/10/2017 08:00:00,1607.50000,@GC,-1,1,1090.00,1410.0000,-190.0000,
04/10/2017 10:00:00,1609.50000,05/10/2017 08:00:00,1611.80000,@GC,-1,1,-230.00,580.0000,-270.0000,
06/10/2017 10:00:00,1596.20000,09/10/2017 08:00:00,1615.80000,@GC,-1,1,-1960.00,280.0000,-2240.0000,
17/10/2017 10:00:00,1616.20000,18/10/2017 08:00:00,1611.80000,@GC,-1,1,440.00,460.0000,-520.0000,
25/10/2017 11:00:00,1604.00000,26/10/2017 09:00:00,1607.30000,@GC,-1,1,-330.00,0.0000,-1040.0000,
31/10/2017 20:00:00,1601.80000,01/11/2017 23:00:00,1611.90000,@GC,1,1,1010.00,1130.0000,-270.0000,
13/11/2017 20:00:00,1608.30000,14/11/2017 23:00:00,1612.40000,@GC,1,1,410.00,610.0000,-800.0000,
15/11/2017 19:00:00,1608.40000,16/11/2017 22:00:00,1613.80000,@GC,1,1,540.00,580.0000,-290.0000,
20/11/2017 13:00:00,1608.10000,21/11/2017 11:00:00,1613.00000,@GC,-1,1,-490.00,340.0000,-580.0000,
29/11/2017 10:00:00,1614.70000,30/11/2017 08:00:00,1610.20000,@GC,-1,1,450.00,630.0000,-290.0000,
05/12/2017 11:00:00,1594.60000,06/12/2017 09:00:00,1594.80000,@GC,-1,1,-20.00,530.0000,-330.0000,
06/12/2017 20:00:00,1591.10000,07/12/2017 01:00:00,1589.30000,@GC,1,1,-180.00,140.0000,-180.0000,
12/12/2017 11:00:00,1567.40000,13/12/2017 09:00:00,1569.50000,@GC,-1,1,-210.00,300.0000,-580.0000,
03/01/2018 19:00:00,1639.80000,04/01/2018 22:00:00,1649.20000,@GC,1,1,940.00,1360.0000,-660.0000,
09/01/2018 10:00:00,1637.50000,10/01/2018 07:00:00,1653.40000,@GC,-1,1,-1590.00,250.0000,-1240.0000,
25/01/2018 19:00:00,1671.80000,28/01/2018 22:00:00,1673.30000,@GC,1,1,150.00,1030.0000,-200.0000,
29/01/2018 01:00:00,1672.70000,30/01/2018 04:00:00,1660.20000,@GC,1,1,-1250.00,80.0000,-1420.0000,
30/01/2018 11:00:00,1669.90000,31/01/2018 09:00:00,1667.80000,@GC,-1,1,210.00,980.0000,-20.0000,
02/02/2018 10:00:00,1658.80000,05/02/2018 08:00:00,1660.40000,@GC,-1,1,-160.00,770.0000,-350.0000,
06/02/2018 10:00:00,1657.40000,07/02/2018 08:00:00,1651.70000,@GC,-1,1,570.00,1360.0000,-210.0000,
20/02/2018 13:00:00,1653.30000,21/02/2018 11:00:00,1653.70000,@GC,-1,1,-40.00,550.0000,-220.0000,
21/02/2018 16:00:00,1649.00000,22/02/2018 14:00:00,1653.10000,@GC,-1,1,-410.00,510.0000,-600.0000,
27/02/2018 12:00:00,1638.00000,28/02/2018 10:00:00,1639.70000,@GC,-1,1,-170.00,260.0000,-560.0000,
07/03/2018 19:00:00,1646.60000,08/03/2018 22:00:00,1638.80000,@GC,1,1,-780.00,420.0000,-820.0000,
16/03/2018 11:00:00,1632.50000,19/03/2018 09:00:00,1630.70000,@GC,-1,1,180.00,410.0000,-290.0000,
20/03/2018 20:00:00,1631.10000,21/03/2018 23:00:00,1652.00000,@GC,1,1,2090.00,2680.0000,-60.0000,
28/03/2018 10:00:00,1652.20000,29/03/2018 08:00:00,1644.30000,@GC,-1,1,790.00,1010.0000,-250.0000,
03/04/2018 11:00:00,1652.30000,04/04/2018 09:00:00,1666.10000,@GC,-1,1,-1380.00,450.0000,-1420.0000,
19/04/2018 19:00:00,1662.90000,22/04/2018 19:00:00,1649.30000,@GC,1,1,-1360.00,70.0000,-1180.0000,
26/04/2018 10:00:00,1637.90000,27/04/2018 08:00:00,1635.70000,@GC,-1,1,220.00,700.0000,-310.0000,
30/04/2018 21:00:00,1630.80000,01/05/2018 05:00:00,1625.80000,@GC,1,1,-500.00,30.0000,-470.0000,
04/05/2018 10:00:00,1625.10000,07/05/2018 08:00:00,1628.40000,@GC,-1,1,-330.00,150.0000,-1010.0000,
08/05/2018 11:00:00,1621.50000,09/05/2018 09:00:00,1626.70000,@GC,-1,1,-520.00,220.0000,-1210.0000,
15/05/2018 09:00:00,1620.80000,16/05/2018 07:00:00,1605.50000,@GC,-1,1,1530.00,1750.0000,-80.0000,
17/05/2018 20:00:00,1604.50000,20/05/2018 23:00:00,1604.40000,@GC,1,1,-10.00,430.0000,-430.0000,
28/05/2018 02:00:00,1612.20000,29/05/2018 09:00:00,1616.40000,@GC,1,1,420.00,890.0000,-250.0000,
05/06/2018 11:00:00,1604.90000,06/06/2018 09:00:00,1609.80000,@GC,-1,1,-490.00,60.0000,-970.0000,
12/06/2018 19:00:00,1608.80000,13/06/2018 22:00:00,1612.40000,@GC,1,1,360.00,620.0000,-450.0000,
15/06/2018 11:00:00,1595.90000,18/06/2018 09:00:00,1591.40000,@GC,-1,1,450.00,820.0000,-280.0000,
19/06/2018 09:00:00,1584.20000,20/06/2018 07:00:00,1584.20000,@GC,-1,1,0.00,180.0000,-550.0000,
25/06/2018 20:00:00,1577.10000,26/06/2018 04:00:00,1572.20000,@GC,1,1,-490.00,210.0000,-410.0000,
26/06/2018 20:00:00,1569.60000,26/06/2018 22:00:00,1566.20000,@GC,1,1,-340.00,130.0000,-250.0000,
11/07/2018 21:00:00,1552.00000,13/07/2018,1557.00000,@GC,1,1,500.00,660.0000,-80.0000,
16/07/2018 20:00:00,1550.20000,17/07/2018 10:00:00,1546.00000,@GC,1,1,-420.00,470.0000,-300.0000,
17/07/2018 11:00:00,1540.00000,18/07/2018 09:00:00,1532.30000,@GC,-1,1,770.00,930.0000,0.0000,
18/07/2018 19:00:00,1537.10000,19/07/2018 04:00:00,1530.70000,@GC,1,1,-640.00,100.0000,-610.0000,
31/07/2018 10:00:00,1527.80000,01/08/2018 08:00:00,1532.80000,@GC,-1,1,-500.00,500.0000,-1020.0000,
13/08/2018 20:00:00,1500.80000,14/08/2018 21:00:00,1498.80000,@GC,1,1,-200.00,520.0000,-170.0000,
15/08/2018 11:00:00,1487.10000,16/08/2018 09:00:00,1487.80000,@GC,-1,1,-70.00,1980.0000,-210.0000,
23/08/2018 20:00:00,1491.50000,26/08/2018 23:00:00,1510.60000,@GC,1,1,1910.00,2410.0000,-180.0000,
30/08/2018 20:00:00,1505.80000,02/09/2018 23:00:00,1504.60000,@GC,1,1,-120.00,930.0000,-440.0000,
04/09/2018 04:00:00,1500.40000,05/09/2018 02:00:00,1499.10000,@GC,-1,1,130.00,510.0000,-190.0000,
07/09/2018 10:00:00,1499.20000,10/09/2018 08:00:00,1499.60000,@GC,-1,1,-40.00,230.0000,-670.0000,
10/09/2018 19:00:00,1500.60000,11/09/2018 09:00:00,1495.30000,@GC,1,1,-530.00,200.0000,-520.0000,
11/09/2018 10:00:00,1492.90000,12/09/2018 08:00:00,1500.80000,@GC,-1,1,-790.00,0.0000,-1210.0000,
18/09/2018 19:00:00,1502.80000,19/09/2018 22:00:00,1508.50000,@GC,1,1,570.00,840.0000,-40.0000,
21/09/2018 10:00:00,1499.50000,24/09/2018 08:00:00,1503.20000,@GC,-1,1,-370.00,330.0000,-630.0000,
24/09/2018 19:00:00,1503.20000,25/09/2018 22:00:00,1504.70000,@GC,1,1,150.00,490.0000,-170.0000,
26/09/2018 10:00:00,1498.50000,27/09/2018 08:00:00,1499.70000,@GC,-1,1,-120.00,370.0000,-620.0000,
27/09/2018 21:00:00,1487.00000,28/09/2018 03:00:00,1485.80000,@GC,1,1,-120.00,230.0000,-100.0000,
25/10/2018 20:00:00,1534.30000,28/10/2018 23:00:00,1537.40000,@GC,1,1,310.00,1190.0000,-160.0000,
29/10/2018 20:00:00,1531.50000,30/10/2018 07:00:00,1521.90000,@GC,1,1,-960.00,120.0000,-930.0000,
30/10/2018 11:00:00,1525.60000,31/10/2018 09:00:00,1520.40000,@GC,-1,1,520.00,930.0000,-290.0000,
05/11/2018 20:00:00,1532.80000,06/11/2018 23:00:00,1528.50000,@GC,1,1,-430.00,520.0000,-840.0000,
08/11/2018 20:00:00,1523.80000,09/11/2018 09:00:00,1513.60000,@GC,1,1,-1020.00,30.0000,-860.0000,
09/11/2018 10:00:00,1511.50000,12/11/2018 08:00:00,1507.60000,@GC,-1,1,390.00,700.0000,-220.0000,
26/11/2018 11:00:00,1522.90000,27/11/2018 09:00:00,1524.10000,@GC,-1,1,-120.00,330.0000,-250.0000,
27/11/2018 12:00:00,1514.20000,28/11/2018 10:00:00,1513.80000,@GC,-1,1,40.00,260.0000,-100.0000,
10/12/2018 20:00:00,1543.10000,11/12/2018 23:00:00,1543.80000,@GC,1,1,70.00,570.0000,-360.0000,
14/12/2018 01:00:00,1539.20000,17/12/2018 04:00:00,1536.30000,@GC,1,1,-290.00,0.0000,-900.0000,
19/12/2018 16:00:00,1539.30000,20/12/2018 10:00:00,1555.90000,@GC,-1,1,-1660.00,30.0000,-1550.0000,
06/01/2019 19:00:00,1579.80000,07/01/2019 22:00:00,1581.00000,@GC,1,1,120.00,1090.0000,-200.0000,
18/01/2019 01:00:00,1584.80000,18/01/2019 16:00:00,1573.90000,@GC,1,1,-1090.00,70.0000,-1050.0000,
21/01/2019 19:00:00,1572.80000,22/01/2019 22:00:00,1578.10000,@GC,1,1,530.00,600.0000,-240.0000,
23/01/2019 10:00:00,1573.30000,24/01/2019 08:00:00,1572.40000,@GC,-1,1,90.00,280.0000,-550.0000,
24/01/2019 19:00:00,1573.40000,27/01/2019 22:00:00,1594.60000,@GC,1,1,2120.00,2370.0000,-80.0000,
04/02/2019 19:00:00,1603.40000,05/02/2019 22:00:00,1604.90000,@GC,1,1,150.00,510.0000,-110.0000,
07/02/2019 11:00:00,1600.50000,08/02/2019 09:00:00,1604.70000,@GC,-1,1,-420.00,300.0000,-420.0000,
11/02/2019 19:00:00,1599.00000,12/02/2019 22:00:00,1602.60000,@GC,1,1,360.00,680.0000,-150.0000,
22/02/2019,1615.10000,25/02/2019 03:00:00,1620.30000,@GC,1,1,520.00,800.0000,-380.0000,
28/02/2019 01:00:00,1607.40000,28/02/2019 11:00:00,1604.70000,@GC,1,1,-270.00,900.0000,-250.0000,
04/03/2019 01:00:00,1584.50000,04/03/2019 04:00:00,1578.80000,@GC,1,1,-570.00,70.0000,-520.0000,
06/03/2019 19:00:00,1574.50000,07/03/2019 04:00:00,1569.50000,@GC,1,1,-500.00,210.0000,-260.0000,
07/03/2019 10:00:00,1570.90000,08/03/2019 08:00:00,1581.00000,@GC,-1,1,-1010.00,20.0000,-1280.0000,
11/03/2019 20:00:00,1580.40000,12/03/2019 23:00:00,1591.50000,@GC,1,1,1110.00,1190.0000,-90.0000,
14/03/2019 20:00:00,1583.10000,17/03/2019 23:00:00,1586.70000,@GC,1,1,360.00,1070.0000,-190.0000,
28/03/2019 10:00:00,1585.90000,29/03/2019 08:00:00,1577.20000,@GC,-1,1,870.00,1350.0000,0.0000,
01/04/2019 20:00:00,1572.80000,02/04/2019,1572.10000,@GC,1,1,-70.00,200.0000,-60.0000,
03/04/2019 10:00:00,1576.40000,04/04/2019 08:00:00,1576.50000,@GC,-1,1,-10.00,260.0000,-260.0000,
04/04/2019 10:00:00,1568.20000,05/04/2019 08:00:00,1575.10000,@GC,-1,1,-690.00,220.0000,-1160.0000,
11/04/2019 10:00:00,1579.30000,12/04/2019 08:00:00,1578.90000,@GC,-1,1,40.00,530.0000,-500.0000,
15/04/2019 10:00:00,1567.40000,16/04/2019 08:00:00,1567.80000,@GC,-1,1,-40.00,130.0000,-680.0000,
16/04/2019 10:00:00,1561.90000,17/04/2019 08:00:00,1560.00000,@GC,-1,1,190.00,530.0000,-130.0000,
17/04/2019 20:00:00,1557.30000,17/04/2019 22:00:00,1556.30000,@GC,1,1,-100.00,80.0000,-50.0000,
23/04/2019 10:00:00,1550.20000,24/04/2019 08:00:00,1554.20000,@GC,-1,1,-400.00,120.0000,-660.0000,
02/05/2019 20:00:00,1552.70000,05/05/2019 23:00:00,1565.20000,@GC,1,1,1250.00,1580.0000,-260.0000,
16/05/2019 20:00:00,1567.40000,17/05/2019 11:00:00,1560.20000,@GC,1,1,-720.00,270.0000,-620.0000,
17/05/2019 12:00:00,1556.20000,20/05/2019 10:00:00,1557.20000,@GC,-1,1,-100.00,180.0000,-360.0000,
20/05/2019 20:00:00,1558.30000,21/05/2019 08:00:00,1554.40000,@GC,1,1,-390.00,50.0000,-340.0000,
21/05/2019 10:00:00,1551.30000,22/05/2019 08:00:00,1554.70000,@GC,-1,1,-340.00,120.0000,-480.0000,
17/06/2019 19:00:00,1618.60000,18/06/2019 22:00:00,1624.50000,@GC,1,1,590.00,1560.0000,-80.0000,
26/06/2019 19:00:00,1687.40000,27/06/2019 22:00:00,1693.10000,@GC,1,1,570.00,810.0000,-1030.0000,
01/07/2019 12:00:00,1667.00000,02/07/2019 10:00:00,1670.00000,@GC,-1,1,-300.00,550.0000,-640.0000,
05/07/2019 10:00:00,1672.50000,08/07/2019 15:00:00,1674.30000,@GC,-1,1,-180.00,820.0000,-1310.0000,
09/07/2019 20:00:00,1673.50000,10/07/2019 23:00:00,1698.90000,@GC,1,1,2540.00,3160.0000,-600.0000,
11/07/2019 20:00:00,1681.40000,14/07/2019 23:00:00,1690.10000,@GC,1,1,870.00,1590.0000,-120.0000,
15/07/2019 02:00:00,1688.20000,16/07/2019 05:00:00,1691.10000,@GC,1,1,290.00,750.0000,-320.0000,
16/07/2019 20:00:00,1682.10000,17/07/2019 23:00:00,1700.10000,@GC,1,1,1800.00,2550.0000,-510.0000,
25/07/2019 10:00:00,1698.80000,26/07/2019 08:00:00,1694.50000,@GC,-1,1,430.00,1200.0000,-170.0000,
11/08/2019 19:00:00,1770.30000,12/08/2019 22:00:00,1784.80000,@GC,1,1,1450.00,2400.0000,-890.0000,
18/08/2019 19:00:00,1784.70000,19/08/2019 22:00:00,1769.90000,@GC,1,1,-1480.00,170.0000,-1890.0000,
21/08/2019 21:00:00,1774.60000,23/08/2019,1767.90000,@GC,1,1,-670.00,260.0000,-970.0000,
02/09/2019 02:00:00,1797.00000,03/09/2019 09:00:00,1803.00000,@GC,1,1,600.00,860.0000,-620.0000,
05/09/2019 11:00:00,1797.60000,06/09/2019 09:00:00,1776.30000,@GC,-1,1,2130.00,2390.0000,0.0000,
19/09/2019 19:00:00,1768.30000,22/09/2019 22:00:00,1784.30000,@GC,1,1,1600.00,1900.0000,-20.0000,
29/09/2019 21:00:00,1765.50000,30/09/2019 08:00:00,1753.50000,@GC,1,1,-1200.00,110.0000,-1090.0000,
07/10/2019 20:00:00,1760.70000,08/10/2019 23:00:00,1773.50000,@GC,1,1,1280.00,1740.0000,-580.0000,
10/10/2019 10:00:00,1768.50000,11/10/2019 08:00:00,1761.90000,@GC,-1,1,660.00,1040.0000,-230.0000,
14/10/2019 02:00:00,1752.80000,15/10/2019 05:00:00,1759.50000,@GC,1,1,670.00,1150.0000,-10.0000,
15/10/2019 11:00:00,1752.40000,16/10/2019 09:00:00,1748.30000,@GC,-1,1,410.00,880.0000,-10.0000,
21/10/2019 21:00:00,1749.20000,23/10/2019,1755.30000,@GC,1,1,610.00,730.0000,-240.0000,
28/10/2019 11:00:00,1755.80000,29/10/2019 09:00:00,1751.70000,@GC,-1,1,410.00,650.0000,-410.0000,
05/11/2019 12:00:00,1749.50000,06/11/2019 10:00:00,1753.40000,@GC,-1,1,-390.00,600.0000,-480.0000,
06/11/2019 19:00:00,1754.50000,07/11/2019 11:00:00,1743.50000,@GC,1,1,-1100.00,190.0000,-970.0000,
07/11/2019 12:00:00,1731.60000,08/11/2019 10:00:00,1723.40000,@GC,-1,1,820.00,1180.0000,-510.0000,
21/11/2019 19:00:00,1727.10000,24/11/2019 22:00:00,1723.90000,@GC,1,1,-320.00,910.0000,-490.0000,
29/11/2019 05:00:00,1717.90000,02/12/2019 06:00:00,1717.40000,@GC,-1,1,50.00,310.0000,-1070.0000,
05/12/2019 20:00:00,1736.30000,08/12/2019 23:00:00,1719.50000,@GC,1,1,-1680.00,470.0000,-1760.0000,
17/12/2019 20:00:00,1735.30000,18/12/2019 23:00:00,1737.50000,@GC,1,1,220.00,400.0000,-530.0000,
08/01/2020 19:00:00,1812.20000,09/01/2020 22:00:00,1804.50000,@GC,1,1,-770.00,590.0000,-1550.0000,
14/01/2020 11:00:00,1798.60000,15/01/2020 09:00:00,1806.90000,@GC,-1,1,-830.00,150.0000,-1180.0000,
21/01/2020 10:00:00,1806.30000,22/01/2020 08:00:00,1811.20000,@GC,-1,1,-490.00,460.0000,-930.0000,
11/02/2020 01:00:00,1821.90000,12/02/2020 04:00:00,1818.70000,@GC,1,1,-320.00,570.0000,-660.0000,
12/02/2020 19:00:00,1818.70000,13/02/2020 22:00:00,1829.70000,@GC,1,1,1100.00,1310.0000,-10.0000,
01/03/2020 19:00:00,1828.30000,02/03/2020 22:00:00,1848.10000,@GC,1,1,1980.00,3390.0000,-190.0000,
09/03/2020 20:00:00,1921.00000,10/03/2020 16:00:00,1895.00000,@GC,1,1,-2600.00,80.0000,-2470.0000,
11/03/2020 13:00:00,1893.00000,12/03/2020 11:00:00,1846.70000,@GC,-1,1,4630.00,5750.0000,-810.0000,
13/03/2020 13:00:00,1771.50000,15/03/2020 19:00:00,1813.90000,@GC,-1,1,-4240.00,1740.0000,-4240.0000,
19/03/2020 12:00:00,1724.60000,20/03/2020 03:00:00,1750.60000,@GC,-1,1,-2600.00,1700.0000,-2400.0000,
30/03/2020 19:00:00,1881.40000,31/03/2020 06:00:00,1855.40000,@GC,1,1,-2600.00,160.0000,-1940.0000,
02/04/2020 01:00:00,1837.70000,03/04/2020 04:00:00,1869.80000,@GC,1,1,3210.00,4890.0000,-140.0000,
07/04/2020 19:00:00,1919.30000,08/04/2020 22:00:00,1924.10000,@GC,1,1,480.00,1750.0000,-760.0000,
09/04/2020 02:00:00,1924.30000,13/04/2020 05:00:00,1981.60000,@GC,1,1,5730.00,7120.0000,-90.0000,
14/04/2020 20:00:00,1992.00000,15/04/2020 23:00:00,1987.30000,@GC,1,1,-470.00,880.0000,-1940.0000,
27/04/2020 19:00:00,1965.10000,28/04/2020 22:00:00,1963.00000,@GC,1,1,-210.00,780.0000,-2000.0000,
06/05/2020 11:00:00,1928.00000,07/05/2020 09:00:00,1940.40000,@GC,-1,1,-1240.00,400.0000,-1330.0000,
11/05/2020 19:00:00,1940.30000,12/05/2020 22:00:00,1950.40000,@GC,1,1,1010.00,1740.0000,-580.0000,
25/05/2020 02:00:00,1967.40000,26/05/2020 09:00:00,1966.60000,@GC,1,1,-80.00,1080.0000,-840.0000,
26/05/2020 10:00:00,1963.60000,27/05/2020 08:00:00,1935.20000,@GC,-1,1,2840.00,3200.0000,-420.0000,
28/05/2020 11:00:00,1954.40000,29/05/2020 09:00:00,1962.40000,@GC,-1,1,-800.00,1330.0000,-880.0000,
03/06/2020 11:00:00,1923.60000,04/06/2020 09:00:00,1930.50000,@GC,-1,1,-690.00,1490.0000,-1530.0000,
05/06/2020 10:00:00,1900.00000,08/06/2020 08:00:00,1917.60000,@GC,-1,1,-1760.00,990.0000,-1990.0000,
14/06/2020 19:00:00,1955.40000,15/06/2020 07:00:00,1929.40000,@GC,1,1,-2600.00,520.0000,-2250.0000,
18/06/2020 07:00:00,1946.80000,19/06/2020 05:00:00,1958.60000,@GC,-1,1,-1180.00,570.0000,-1420.0000,
26/06/2020 01:00:00,1988.40000,29/06/2020 04:00:00,2004.10000,@GC,1,1,1570.00,2040.0000,-1600.0000,
01/07/2020 19:00:00,1997.40000,02/07/2020 22:00:00,2005.00000,@GC,1,1,760.00,1270.0000,-1270.0000,
10/07/2020 02:00:00,2024.10000,13/07/2020 05:00:00,2026.40000,@GC,1,1,230.00,1130.0000,-920.0000,
13/07/2020 20:00:00,2022.40000,14/07/2020 23:00:00,2030.40000,@GC,1,1,800.00,1100.0000,-1290.0000,
09/08/2020 19:00:00,2239.40000,10/08/2020 22:00:00,2226.90000,@GC,1,1,-1250.00,2050.0000,-1630.0000,
11/08/2020 10:00:00,2160.60000,12/08/2020 01:00:00,2080.60000,@GC,-1,1,8000.00,7650.0000,-550.0000,
12/08/2020 20:00:00,2123.10000,13/08/2020 23:00:00,2162.00000,@GC,1,1,3890.00,5080.0000,-100.0000,
24/08/2020 20:00:00,2133.30000,25/08/2020 23:00:00,2134.00000,@GC,1,1,70.00,990.0000,-1510.0000,
27/08/2020 20:00:00,2132.50000,30/08/2020 23:00:00,2179.00000,@GC,1,1,4650.00,5240.0000,-520.0000,
01/09/2020 19:00:00,2174.00000,02/09/2020 11:00:00,2148.00000,@GC,1,1,-2600.00,550.0000,-2450.0000,
07/09/2020 21:00:00,2135.20000,09/09/2020,2131.80000,@GC,1,1,-340.00,1220.0000,-2440.0000,
13/09/2020 19:00:00,2147.00000,14/09/2020 22:00:00,2164.70000,@GC,1,1,1770.00,2460.0000,-270.0000,
21/09/2020 10:00:00,2122.70000,22/09/2020 08:00:00,2111.50000,@GC,-1,1,1120.00,3820.0000,-290.0000,
22/09/2020 19:00:00,2103.10000,23/09/2020 03:00:00,2084.50000,@GC,1,1,-1860.00,590.0000,-1810.0000,
23/09/2020 12:00:00,2066.40000,24/09/2020 10:00:00,2058.00000,@GC,-1,1,840.00,1630.0000,-510.0000,
24/09/2020 19:00:00,2070.90000,27/09/2020 22:00:00,2062.10000,@GC,1,1,-880.00,750.0000,-1770.0000,
13/10/2020 20:00:00,2093.90000,14/10/2020 23:00:00,2100.40000,@GC,1,1,650.00,2270.0000,-980.0000,
19/10/2020 20:00:00,2104.30000,20/10/2020 23:00:00,2117.90000,@GC,1,1,1360.00,1520.0000,-860.0000,
22/10/2020 10:00:00,2102.50000,23/10/2020 08:00:00,2112.20000,@GC,-1,1,-970.00,920.0000,-1160.0000,
28/10/2020 09:00:00,2090.30000,29/10/2020 07:00:00,2076.40000,@GC,-1,1,1390.00,2210.0000,0.0000,
09/11/2020 09:00:00,2098.60000,10/11/2020 07:00:00,2066.50000,@GC,-1,1,3210.00,5150.0000,0.0000,
11/11/2020 10:00:00,2055.20000,12/11/2020 08:00:00,2067.50000,@GC,-1,1,-1230.00,220.0000,-1490.0000,
19/11/2020 01:00:00,2064.20000,20/11/2020 04:00:00,2063.40000,@GC,1,1,-80.00,370.0000,-1510.0000,
23/11/2020 11:00:00,2036.40000,24/11/2020 09:00:00,2007.30000,@GC,-1,1,2910.00,3380.0000,-270.0000,
24/11/2020 20:00:00,2002.40000,25/11/2020 23:00:00,2007.70000,@GC,1,1,530.00,1210.0000,-490.0000,
27/11/2020 10:00:00,1970.80000,30/11/2020 11:00:00,1974.10000,@GC,-1,1,-330.00,1080.0000,-1530.0000,
09/12/2020 11:00:00,2036.10000,10/12/2020 09:00:00,2032.50000,@GC,-1,1,360.00,1510.0000,-1180.0000,
11/12/2020 01:00:00,2032.80000,14/12/2020 04:00:00,2029.40000,@GC,1,1,-340.00,1180.0000,-1320.0000,
29/12/2020 19:00:00,2073.60000,30/12/2020 22:00:00,2093.90000,@GC,1,1,2030.00,2410.0000,-130.0000,
06/01/2021 12:00:00,2098.40000,07/01/2021 10:00:00,2106.90000,@GC,-1,1,-850.00,300.0000,-2400.0000,
08/01/2021 10:00:00,2068.90000,11/01/2021 08:00:00,2041.80000,@GC,-1,1,2710.00,5900.0000,0.0000,
14/01/2021 11:00:00,2035.10000,15/01/2021 09:00:00,2040.20000,@GC,-1,1,-510.00,180.0000,-1530.0000,
15/01/2021 12:00:00,2016.40000,18/01/2021 10:00:00,2027.20000,@GC,-1,1,-1080.00,2280.0000,-1700.0000,
25/01/2021 01:00:00,2045.70000,26/01/2021 04:00:00,2042.90000,@GC,1,1,-280.00,1450.0000,-670.0000,
26/01/2021 19:00:00,2041.90000,27/01/2021 22:00:00,2026.60000,@GC,1,1,-1530.00,270.0000,-2060.0000,
29/01/2021,2032.00000,01/02/2021 03:00:00,2056.40000,@GC,1,1,2440.00,3580.0000,-110.0000,
02/02/2021 10:00:00,2019.60000,03/02/2021 08:00:00,2024.90000,@GC,-1,1,-530.00,30.0000,-1520.0000,
04/02/2021 10:00:00,1995.30000,05/02/2021 08:00:00,1991.90000,@GC,-1,1,340.00,2180.0000,-600.0000,
16/02/2021 08:00:00,2002.50000,17/02/2021 06:00:00,1974.10000,@GC,-1,1,2840.00,3180.0000,-60.0000,
24/02/2021 10:00:00,1974.90000,25/02/2021 08:00:00,1974.10000,@GC,-1,1,80.00,630.0000,-1910.0000,
26/02/2021 12:00:00,1911.30000,28/02/2021 23:00:00,1937.30000,@GC,-1,1,-2600.00,750.0000,-2550.0000,
01/03/2021 19:00:00,1910.10000,01/03/2021 21:00:00,1903.80000,@GC,1,1,-630.00,510.0000,-220.0000,
04/03/2021 14:00:00,1882.80000,05/03/2021 12:00:00,1884.00000,@GC,-1,1,-120.00,1090.0000,-1180.0000,
11/03/2021 19:00:00,1908.70000,14/03/2021 22:00:00,1914.50000,@GC,1,1,580.00,980.0000,-2320.0000,
23/03/2021 11:00:00,1914.20000,24/03/2021 09:00:00,1917.80000,@GC,-1,1,-360.00,300.0000,-940.0000,
29/03/2021 11:00:00,1892.30000,30/03/2021 09:00:00,1875.10000,@GC,-1,1,1720.00,1950.0000,-1070.0000,
14/04/2021 20:00:00,1922.40000,15/04/2021 23:00:00,1949.10000,@GC,1,1,2670.00,3470.0000,-150.0000,
25/04/2021 20:00:00,1960.70000,26/04/2021 23:00:00,1961.80000,@GC,1,1,110.00,970.0000,-600.0000,
27/04/2021 20:00:00,1961.60000,28/04/2021 23:00:00,1975.40000,@GC,1,1,1380.00,1460.0000,-1330.0000,
29/04/2021 11:00:00,1942.00000,30/04/2021 09:00:00,1956.70000,@GC,-1,1,-1470.00,90.0000,-1900.0000,
04/05/2021 13:00:00,1959.70000,05/05/2021 11:00:00,1967.70000,@GC,-1,1,-800.00,400.0000,-1020.0000,
12/05/2021 21:00:00,2002.80000,14/05/2021,2008.20000,@GC,1,1,540.00,1280.0000,-790.0000,
01/06/2021 20:00:00,2085.10000,02/06/2021 23:00:00,2094.70000,@GC,1,1,960.00,1120.0000,-470.0000,
03/06/2021 10:00:00,2067.80000,04/06/2021 08:00:00,2056.60000,@GC,-1,1,1120.00,2820.0000,-70.0000,
08/06/2021 10:00:00,2076.00000,09/06/2021 08:00:00,2075.70000,@GC,-1,1,30.00,630.0000,-680.0000,
16/06/2021 16:00:00,2015.70000,17/06/2021 14:00:00,1955.20000,@GC,-1,1,6050.00,6380.0000,-10.0000,
24/06/2021 20:00:00,1959.40000,27/06/2021 23:00:00,1957.00000,@GC,1,1,-240.00,1560.0000,-500.0000,
28/06/2021 20:00:00,1962.10000,29/06/2021 09:00:00,1945.20000,@GC,1,1,-1690.00,90.0000,-1510.0000,
12/07/2021 11:00:00,1975.70000,13/07/2021 09:00:00,1994.00000,@GC,-1,1,-1830.00,70.0000,-2210.0000,
16/07/2021 12:00:00,1996.00000,19/07/2021 10:00:00,1993.80000,@GC,-1,1,220.00,1700.0000,-600.0000,
19/07/2021 20:00:00,1996.70000,20/07/2021 23:00:00,1991.30000,@GC,1,1,-540.00,1320.0000,-750.0000,
21/07/2021 20:00:00,1987.30000,22/07/2021 23:00:00,1988.40000,@GC,1,1,110.00,590.0000,-1140.0000,
26/07/2021 20:00:00,1981.00000,27/07/2021 23:00:00,1986.40000,@GC,1,1,540.00,840.0000,-420.0000,
04/08/2021 12:00:00,1991.10000,05/08/2021 10:00:00,1991.40000,@GC,-1,1,-30.00,300.0000,-660.0000,
05/08/2021 21:00:00,1985.20000,06/08/2021 07:00:00,1975.40000,@GC,1,1,-980.00,0.0000,-890.0000,
06/08/2021 10:00:00,1956.00000,08/08/2021 19:00:00,1876.00000,@GC,-1,1,8000.00,5190.0000,-50.0000,
10/08/2021 11:00:00,1901.40000,11/08/2021 09:00:00,1918.10000,@GC,-1,1,-1670.00,310.0000,-1810.0000,
19/08/2021 19:00:00,1961.60000,22/08/2021 22:00:00,1960.70000,@GC,1,1,-90.00,920.0000,-310.0000,
25/08/2021 11:00:00,1966.50000,26/08/2021 09:00:00,1969.90000,@GC,-1,1,-340.00,270.0000,-810.0000,
07/09/2021 06:00:00,1994.60000,08/09/2021 04:00:00,1977.20000,@GC,-1,1,1740.00,2110.0000,-280.0000,
12/09/2021 21:00:00,1968.30000,14/09/2021,1972.40000,@GC,1,1,410.00,1170.0000,-410.0000,
16/09/2021 10:00:00,1940.40000,17/09/2021 08:00:00,1941.70000,@GC,-1,1,-130.00,1510.0000,-720.0000,
22/09/2021 16:00:00,1945.70000,23/09/2021 14:00:00,1929.70000,@GC,-1,1,1600.00,2020.0000,-1120.0000,
26/09/2021 20:00:00,1928.30000,27/09/2021 23:00:00,1932.60000,@GC,1,1,430.00,1240.0000,-380.0000,
07/10/2021 20:00:00,1935.30000,10/10/2021 23:00:00,1940.00000,@GC,1,1,470.00,2690.0000,-450.0000,
11/10/2021 19:00:00,1933.10000,12/10/2021 22:00:00,1941.50000,@GC,1,1,840.00,1670.0000,-280.0000,
29/10/2021 10:00:00,1956.10000,01/11/2021 08:00:00,1967.70000,@GC,-1,1,-1160.00,390.0000,-1320.0000,
02/11/2021 21:00:00,1967.50000,03/11/2021 10:00:00,1952.20000,@GC,1,1,-1530.00,70.0000,-1340.0000,
23/11/2021 19:00:00,1969.10000,24/11/2021 09:00:00,1961.50000,@GC,1,1,-760.00,690.0000,-590.0000,
24/11/2021 19:00:00,1967.90000,26/11/2021 02:00:00,1977.70000,@GC,1,1,980.00,1370.0000,-180.0000,
26/11/2021 04:00:00,1979.80000,29/11/2021 05:00:00,1977.30000,@GC,-1,1,250.00,2100.0000,-1670.0000,
02/12/2021,1957.30000,02/12/2021 04:00:00,1948.40000,@GC,1,1,-890.00,20.0000,-700.0000,
14/12/2021 10:00:00,1948.60000,15/12/2021 08:00:00,1947.10000,@GC,-1,1,150.00,530.0000,-720.0000,
22/12/2021 01:00:00,1965.80000,23/12/2021 04:00:00,1983.80000,@GC,1,1,1800.00,2070.0000,-280.0000,
03/01/2022 10:00:00,1983.00000,04/01/2022 08:00:00,1981.10000,@GC,-1,1,190.00,760.0000,-340.0000,
07/01/2022 01:00:00,1969.00000,07/01/2022 09:00:00,1962.60000,@GC,1,1,-640.00,450.0000,-470.0000,
13/01/2022 20:00:00,1997.60000,16/01/2022 23:00:00,1994.70000,@GC,1,1,-290.00,890.0000,-820.0000,
17/01/2022 14:00:00,1995.60000,18/01/2022 20:00:00,1991.20000,@GC,1,1,-440.00,400.0000,-1370.0000,
26/01/2022 16:00:00,1992.00000,27/01/2022 14:00:00,1968.30000,@GC,-1,1,2370.00,2430.0000,-670.0000,
28/01/2022 10:00:00,1959.80000,31/01/2022 08:00:00,1967.70000,@GC,-1,1,-790.00,380.0000,-940.0000,
16/02/2022 01:00:00,2028.80000,17/02/2022 04:00:00,2053.00000,@GC,1,1,2420.00,2580.0000,-160.0000,
22/02/2022 19:00:00,2074.90000,23/02/2022 22:00:00,2090.70000,@GC,1,1,1580.00,1650.0000,-890.0000,
09/03/2022 20:00:00,2167.30000,10/03/2022 23:00:00,2174.80000,@GC,1,1,750.00,2270.0000,-1740.0000,
14/03/2022 20:00:00,2128.10000,15/03/2022 07:00:00,2102.10000,@GC,1,1,-2600.00,370.0000,-2570.0000,
15/03/2022 11:00:00,2090.00000,16/03/2022 09:00:00,2100.90000,@GC,-1,1,-1090.00,700.0000,-1770.0000,
05/04/2022 20:00:00,2095.30000,06/04/2022 23:00:00,2096.00000,@GC,1,1,70.00,1230.0000,-910.0000,
18/04/2022 20:00:00,2150.00000,19/04/2022 11:00:00,2124.00000,@GC,1,1,-2600.00,510.0000,-2040.0000,
27/04/2022 20:00:00,2054.50000,27/04/2022 23:00:00,2051.60000,@GC,1,1,-290.00,280.0000,-270.0000,
02/05/2022 10:00:00,2030.20000,03/05/2022 08:00:00,2028.40000,@GC,-1,1,180.00,1050.0000,-1180.0000,
05/05/2022 20:00:00,2046.40000,08/05/2022 23:00:00,2048.00000,@GC,1,1,160.00,1760.0000,-1140.0000,
10/05/2022 11:00:00,2024.30000,11/05/2022 09:00:00,2019.30000,@GC,-1,1,500.00,2370.0000,-50.0000,
17/05/2022 20:00:00,1982.30000,18/05/2022 23:00:00,1983.70000,@GC,1,1,140.00,1060.0000,-730.0000,
25/05/2022 20:00:00,2021.40000,26/05/2022 23:00:00,2024.00000,@GC,1,1,260.00,310.0000,-1510.0000,
09/06/2022 20:00:00,2012.80000,10/06/2022 09:00:00,1994.00000,@GC,1,1,-1880.00,200.0000,-1580.0000,
15/06/2022 02:00:00,1978.10000,16/06/2022 05:00:00,1995.70000,@GC,1,1,1760.00,3110.0000,-20.0000,
19/06/2022 21:00:00,2003.30000,21/06/2022 02:00:00,2004.30000,@GC,1,1,100.00,890.0000,-270.0000,
28/06/2022 02:00:00,1990.30000,29/06/2022 03:00:00,1980.10000,@GC,1,1,-1020.00,440.0000,-740.0000,
29/06/2022 19:00:00,1982.80000,30/06/2022 07:00:00,1974.50000,@GC,1,1,-830.00,390.0000,-740.0000,
05/07/2022 05:00:00,1969.30000,06/07/2022 03:00:00,1924.80000,@GC,-1,1,4450.00,4500.0000,-40.0000,
07/07/2022 19:00:00,1902.10000,08/07/2022 04:00:00,1894.50000,@GC,1,1,-760.00,650.0000,-650.0000,
11/07/2022 21:00:00,1895.30000,11/07/2022 22:00:00,1889.80000,@GC,1,1,-550.00,240.0000,-130.0000,
14/07/2022 21:00:00,1871.90000,18/07/2022,1876.10000,@GC,1,1,420.00,610.0000,-1150.0000,
18/07/2022 20:00:00,1869.70000,19/07/2022 23:00:00,1871.50000,@GC,1,1,180.00,1060.0000,-330.0000,
03/08/2022 19:00:00,1927.20000,04/08/2022 22:00:00,1956.40000,@GC,1,1,2920.00,3060.0000,-200.0000,
05/08/2022 10:00:00,1927.90000,08/08/2022 08:00:00,1941.90000,@GC,-1,1,-1400.00,190.0000,-1420.0000,
15/08/2022 19:00:00,1939.80000,16/08/2022 22:00:00,1934.80000,@GC,1,1,-500.00,400.0000,-860.0000,
18/08/2022 19:00:00,1917.70000,18/08/2022 21:00:00,1914.60000,@GC,1,1,-310.00,110.0000,-220.0000,
21/08/2022 21:00:00,1904.30000,22/08/2022 01:00:00,1903.90000,@GC,1,1,-40.00,360.0000,-40.0000,
30/08/2022 21:00:00,1880.10000,30/08/2022 22:00:00,1877.20000,@GC,1,1,-290.00,170.0000,-110.0000,
01/09/2022 20:00:00,1852.10000,04/09/2022 23:00:00,1868.60000,@GC,1,1,1650.00,2320.0000,-40.0000,
06/09/2022 10:00:00,1862.50000,07/09/2022 08:00:00,1859.40000,@GC,-1,1,310.00,1500.0000,-580.0000,
13/09/2022 10:00:00,1858.70000,14/09/2022 08:00:00,1859.50000,@GC,-1,1,-80.00,670.0000,-720.0000,
14/09/2022 21:00:00,1852.40000,15/09/2022,1847.50000,@GC,1,1,-490.00,90.0000,-400.0000,
15/09/2022 10:00:00,1835.80000,16/09/2022 08:00:00,1820.10000,@GC,-1,1,1570.00,2810.0000,-990.0000,
19/09/2022 01:00:00,1822.50000,20/09/2022 04:00:00,1826.90000,@GC,1,1,440.00,1210.0000,-910.0000,
23/09/2022 11:00:00,1796.40000,26/09/2022 09:00:00,1793.00000,@GC,-1,1,340.00,1680.0000,-660.0000,
27/09/2022 12:00:00,1786.00000,28/09/2022 10:00:00,1789.10000,@GC,-1,1,-310.00,1800.0000,-650.0000,
06/10/2022 19:00:00,1866.40000,09/10/2022 22:00:00,1848.10000,@GC,1,1,-1830.00,220.0000,-2220.0000,
11/10/2022 20:00:00,1818.10000,12/10/2022 23:00:00,1824.40000,@GC,1,1,630.00,1280.0000,-430.0000,
13/10/2022 10:00:00,1796.10000,13/10/2022 14:00:00,1822.10000,@GC,-1,1,-2600.00,200.0000,-2530.0000,
27/10/2022 21:00:00,1811.20000,31/10/2022,1790.20000,@GC,1,1,-2100.00,550.0000,-2470.0000,
31/10/2022 21:00:00,1780.60000,02/11/2022,1800.70000,@GC,1,1,2010.00,2550.0000,-120.0000,
02/11/2022 16:00:00,1792.80000,03/11/2022 14:00:00,1775.40000,@GC,-1,1,1740.00,2870.0000,0.0000,
03/11/2022 19:00:00,1777.50000,06/11/2022 22:00:00,1821.10000,@GC,1,1,4360.00,5470.0000,-60.0000,
16/11/2022 19:00:00,1922.40000,17/11/2022 22:00:00,1911.00000,@GC,1,1,-1140.00,100.0000,-2000.0000,
21/11/2022 19:00:00,1885.10000,22/11/2022 22:00:00,1886.40000,@GC,1,1,130.00,1170.0000,-170.0000,
25/11/2022 04:00:00,1897.00000,28/11/2022 05:00:00,1905.10000,@GC,-1,1,-810.00,550.0000,-870.0000,
28/11/2022 11:00:00,1890.20000,29/11/2022 09:00:00,1900.50000,@GC,-1,1,-1030.00,630.0000,-1420.0000,
06/12/2022 19:00:00,1914.20000,07/12/2022 22:00:00,1925.00000,@GC,1,1,1080.00,2000.0000,-270.0000,
12/12/2022 20:00:00,1923.20000,13/12/2022 23:00:00,1953.40000,@GC,1,1,3020.00,4470.0000,-40.0000,
15/12/2022 19:00:00,1917.30000,18/12/2022 22:00:00,1934.90000,@GC,1,1,1760.00,1860.0000,-240.0000,
28/12/2022 19:00:00,1942.80000,29/12/2022 22:00:00,1955.40000,@GC,1,1,1260.00,1550.0000,-60.0000,
05/01/2023 19:00:00,1966.90000,08/01/2023 22:00:00,2010.00000,@GC,1,1,4310.00,4450.0000,-70.0000,
23/01/2023 11:00:00,2045.40000,24/01/2023 02:00:00,2070.00000,@GC,-1,1,-2460.00,190.0000,-2390.0000,
26/01/2023 19:00:00,2060.10000,29/01/2023 22:00:00,2057.90000,@GC,1,1,-220.00,630.0000,-1280.0000,
31/01/2023 05:00:00,2034.70000,31/01/2023 14:00:00,2060.70000,@GC,-1,1,-2600.00,490.0000,-2590.0000,
02/02/2023 11:00:00,2049.90000,03/02/2023 09:00:00,2043.40000,@GC,-1,1,650.00,1240.0000,-650.0000,
03/02/2023 10:00:00,2010.40000,06/02/2023 08:00:00,1998.50000,@GC,-1,1,1190.00,2290.0000,-340.0000,
07/02/2023 14:00:00,1997.10000,08/02/2023 12:00:00,2000.60000,@GC,-1,1,-350.00,520.0000,-1610.0000,
09/02/2023 12:00:00,1998.40000,10/02/2023 10:00:00,1992.30000,@GC,-1,1,610.00,2060.0000,-320.0000,
14/02/2023 10:00:00,1971.70000,15/02/2023 08:00:00,1959.50000,@GC,-1,1,1220.00,1590.0000,-1930.0000,
23/02/2023 19:00:00,1943.90000,24/02/2023 07:00:00,1939.10000,@GC,1,1,-480.00,550.0000,-420.0000,
06/03/2023 19:00:00,1966.00000,07/03/2023 11:00:00,1940.00000,@GC,1,1,-2600.00,520.0000,-2310.0000,
10/04/2023 19:00:00,2103.40000,11/04/2023 22:00:00,2118.00000,@GC,1,1,1460.00,1650.0000,-230.0000,
14/04/2023 12:00:00,2108.50000,17/04/2023 10:00:00,2110.70000,@GC,-1,1,-220.00,510.0000,-1690.0000,
17/04/2023 20:00:00,2103.80000,18/04/2023 23:00:00,2113.10000,@GC,1,1,930.00,1820.0000,-310.0000,
19/04/2023 20:00:00,2103.50000,20/04/2023 23:00:00,2110.70000,@GC,1,1,720.00,1810.0000,-390.0000,
21/04/2023 11:00:00,2080.50000,24/04/2023 09:00:00,2091.00000,@GC,-1,1,-1050.00,80.0000,-1520.0000,
27/04/2023 20:00:00,2093.00000,30/04/2023 23:00:00,2088.00000,@GC,1,1,-500.00,850.0000,-1120.0000,
14/05/2023 21:00:00,2111.40000,16/05/2023,2118.70000,@GC,1,1,730.00,1350.0000,-60.0000,
17/05/2023 21:00:00,2083.00000,18/05/2023 04:00:00,2075.50000,@GC,1,1,-750.00,320.0000,-710.0000,
18/05/2023 11:00:00,2056.50000,19/05/2023 09:00:00,2063.20000,@GC,-1,1,-670.00,470.0000,-1220.0000,
24/05/2023 21:00:00,2056.60000,25/05/2023 09:00:00,2051.80000,@GC,1,1,-480.00,620.0000,-420.0000,
25/05/2023 20:00:00,2038.80000,25/05/2023 21:00:00,2036.40000,@GC,1,1,-240.00,50.0000,-210.0000,
20/06/2023 10:00:00,2034.50000,21/06/2023 08:00:00,2024.10000,@GC,-1,1,1040.00,1490.0000,0.0000,
21/06/2023 21:00:00,2022.10000,22/06/2023 10:00:00,2008.10000,@GC,1,1,-1400.00,120.0000,-1300.0000,
23/06/2023 11:00:00,2017.70000,26/06/2023 09:00:00,2020.00000,@GC,-1,1,-230.00,1130.0000,-450.0000,
29/06/2023 10:00:00,1981.90000,30/06/2023 08:00:00,1992.40000,@GC,-1,1,-1050.00,250.0000,-1820.0000,
24/07/2023 20:00:00,2035.10000,25/07/2023 23:00:00,2043.80000,@GC,1,1,870.00,1140.0000,-470.0000,
27/07/2023 11:00:00,2021.60000,28/07/2023 09:00:00,2034.20000,@GC,-1,1,-1260.00,100.0000,-1420.0000,
01/08/2023 12:00:00,2019.70000,02/08/2023 10:00:00,2021.70000,@GC,-1,1,-200.00,200.0000,-1190.0000,
02/08/2023 12:00:00,2009.80000,03/08/2023 10:00:00,2007.60000,@GC,-1,1,220.00,590.0000,-520.0000,
08/08/2023 10:00:00,1997.30000,09/08/2023 08:00:00,1998.40000,@GC,-1,1,-110.00,140.0000,-820.0000,
09/08/2023 12:00:00,1988.80000,10/08/2023 10:00:00,1998.50000,@GC,-1,1,-970.00,220.0000,-1410.0000,
14/08/2023 10:00:00,1976.90000,15/08/2023 08:00:00,1974.70000,@GC,-1,1,220.00,380.0000,-780.0000,
21/08/2023 10:00:00,1961.00000,22/08/2023 08:00:00,1970.10000,@GC,-1,1,-910.00,760.0000,-1160.0000,
31/08/2023 20:00:00,2005.50000,03/09/2023 23:00:00,2008.70000,@GC,1,1,320.00,1410.0000,-540.0000,
05/09/2023 10:00:00,1992.50000,06/09/2023 08:00:00,1991.00000,@GC,-1,1,150.00,560.0000,-140.0000,
06/09/2023 11:00:00,1985.40000,07/09/2023 09:00:00,1985.40000,@GC,-1,1,0.00,600.0000,-280.0000,
12/09/2023 10:00:00,1969.60000,13/09/2023 08:00:00,1974.30000,@GC,-1,1,-470.00,30.0000,-760.0000,
28/09/2023 10:00:00,1928.00000,29/09/2023 08:00:00,1928.40000,@GC,-1,1,-40.00,1410.0000,-490.0000,
29/09/2023 11:00:00,1925.90000,02/10/2023 09:00:00,1892.60000,@GC,-1,1,3330.00,3990.0000,0.0000,
03/10/2023 19:00:00,1877.90000,04/10/2023 22:00:00,1879.50000,@GC,1,1,160.00,830.0000,-690.0000,
23/10/2023 20:00:00,2023.40000,24/10/2023 23:00:00,2026.40000,@GC,1,1,300.00,800.0000,-1940.0000,
07/11/2023 19:00:00,2014.10000,08/11/2023 11:00:00,2002.20000,@GC,1,1,-1190.00,280.0000,-1140.0000,
23/11/2023 08:00:00,2033.20000,24/11/2023 13:00:00,2040.20000,@GC,1,1,700.00,1070.0000,-290.0000,
05/12/2023 19:00:00,2055.70000,06/12/2023 22:00:00,2061.80000,@GC,1,1,610.00,1650.0000,-160.0000,
07/12/2023 10:00:00,2065.50000,08/12/2023 08:00:00,2065.30000,@GC,-1,1,20.00,1010.0000,-370.0000,
08/12/2023 10:00:00,2049.20000,11/12/2023 08:00:00,2030.70000,@GC,-1,1,1850.00,2420.0000,-100.0000,
12/12/2023 10:00:00,2016.50000,13/12/2023 08:00:00,2016.90000,@GC,-1,1,-40.00,980.0000,-230.0000,
03/01/2024 01:00:00,2091.50000,03/01/2024 09:00:00,2065.50000,@GC,1,1,-2600.00,160.0000,-2340.0000,
04/01/2024 19:00:00,2069.40000,05/01/2024 09:00:00,2057.10000,@GC,1,1,-1230.00,440.0000,-680.0000,
09/01/2024 19:00:00,2053.10000,10/01/2024 22:00:00,2052.50000,@GC,1,1,-60.00,1190.0000,-840.0000,
11/01/2024 10:00:00,2048.10000,12/01/2024 08:00:00,2069.00000,@GC,-1,1,-2090.00,1200.0000,-2280.0000,
24/01/2024 01:00:00,2043.60000,25/01/2024 04:00:00,2034.60000,@GC,1,1,-900.00,1310.0000,-1310.0000,
29/01/2024 11:00:00,2039.80000,30/01/2024 09:00:00,2054.30000,@GC,-1,1,-1450.00,110.0000,-1940.0000,
02/02/2024 10:00:00,2046.10000,05/02/2024 08:00:00,2043.90000,@GC,-1,1,220.00,930.0000,-1300.0000,
05/02/2024 19:00:00,2040.60000,06/02/2024 22:00:00,2051.20000,@GC,1,1,1060.00,1470.0000,-180.0000,
09/02/2024,2047.80000,12/02/2024 03:00:00,2038.00000,@GC,1,1,-980.00,410.0000,-1350.0000,
13/02/2024 10:00:00,2016.20000,14/02/2024 08:00:00,2004.90000,@GC,-1,1,1130.00,1800.0000,-290.0000,
22/02/2024,2035.90000,23/02/2024 03:00:00,2030.20000,@GC,1,1,-570.00,960.0000,-840.0000,
27/02/2024 19:00:00,2039.10000,28/02/2024 22:00:00,2044.70000,@GC,1,1,560.00,830.0000,-570.0000,
