17/01/2010 20:00:00,4.08150,19/01/2010 17:00:00,4.15300,@HG,-1,1,-1787.50,450.0000,-2075.0000,
25/01/2010 09:00:00,4.07500,27/01/2010 04:00:00,4.03600,@HG,-1,1,975.00,1612.5000,-800.0000,
03/02/2010 06:00:00,3.84250,04/02/2010 10:00:00,3.61550,@HG,-1,1,5675.00,5575.0000,-12.5000,
09/02/2010 02:00:00,3.64000,10/02/2010 21:00:00,3.71250,@HG,-1,1,-1812.50,462.5000,-1987.5000,
26/02/2010 14:00:00,3.96800,28/02/2010 19:00:00,4.09600,@HG,-1,1,-3200.00,187.5000,-2550.0000,
09/03/2010 09:00:00,4.06100,11/03/2010 04:00:00,4.02750,@HG,-1,1,837.50,887.5000,-1800.0000,
16/03/2010 13:00:00,4.06000,18/03/2010 08:00:00,4.09000,@HG,-1,1,-750.00,412.5000,-1575.0000,
09/04/2010 06:00:00,4.30600,13/04/2010 01:00:00,4.24550,@HG,-1,1,1512.50,1800.0000,-1525.0000,
14/04/2010 10:00:00,4.30250,16/04/2010 05:00:00,4.29000,@HG,-1,1,312.50,1287.5000,-250.0000,
25/04/2010 22:00:00,4.23200,27/04/2010 12:00:00,4.11150,@HG,-1,1,3012.50,2862.5000,-425.0000,
09/05/2010 20:00:00,3.85350,11/05/2010 14:00:00,3.87750,@HG,-1,1,-600.00,1375.0000,-2100.0000,
21/05/2010 11:00:00,3.74800,25/05/2010 06:00:00,3.71200,@HG,-1,1,900.00,987.5000,-1825.0000,
08/06/2010 21:00:00,3.49200,10/06/2010 15:00:00,3.54200,@HG,-1,1,-1250.00,1662.5000,-2075.0000,
21/06/2010 01:00:00,3.63500,22/06/2010 20:00:00,3.62600,@HG,-1,1,225.00,1337.5000,-1700.0000,
05/07/2010 04:00:00,3.61100,07/07/2010 02:00:00,3.61300,@HG,-1,1,-50.00,1250.0000,-1625.0000,
14/07/2010 06:00:00,3.69950,16/07/2010 01:00:00,3.66900,@HG,-1,1,762.50,1450.0000,-150.0000,
20/07/2010 04:00:00,3.63450,21/07/2010 10:00:00,3.76250,@HG,-1,1,-3200.00,1012.5000,-3137.5000,
13/08/2010 02:00:00,3.95650,16/08/2010 21:00:00,3.93850,@HG,-1,1,450.00,1612.5000,-287.5000,
01/09/2010,4.09000,02/09/2010 19:00:00,4.13200,@HG,-1,1,-1050.00,700.0000,-1350.0000,
08/09/2010 13:00:00,4.13550,10/09/2010 08:00:00,4.07200,@HG,-1,1,1587.50,2575.0000,-200.0000,
13/09/2010 05:00:00,4.10950,15/09/2010,4.08950,@HG,-1,1,500.00,1050.0000,-687.5000,
15/09/2010 20:00:00,4.11450,17/09/2010 14:00:00,4.16050,@HG,-1,1,-1150.00,787.5000,-1937.5000,
08/10/2010 12:00:00,4.41850,12/10/2010 07:00:00,4.38700,@HG,-1,1,787.50,1537.5000,-1025.0000,
12/10/2010 17:00:00,4.43350,14/10/2010 12:00:00,4.48450,@HG,-1,1,-1275.00,75.0000,-1837.5000,
18/10/2010 17:00:00,4.51750,20/10/2010 12:00:00,4.42450,@HG,-1,1,2325.00,3950.0000,0.0000,
01/11/2010 10:00:00,4.44100,03/11/2010 05:00:00,4.47050,@HG,-1,1,-737.50,825.0000,-1012.5000,
29/11/2010 03:00:00,4.41300,30/11/2010 22:00:00,4.45050,@HG,-1,1,-937.50,1575.0000,-1350.0000,
19/12/2010 20:00:00,4.83200,21/12/2010 14:00:00,4.90250,@HG,-1,1,-1762.50,1037.5000,-2187.5000,
27/12/2010 21:00:00,4.93000,29/12/2010 15:00:00,4.94650,@HG,-1,1,-412.50,475.0000,-875.0000,
11/01/2011 08:00:00,4.96350,13/01/2011 03:00:00,5.04400,@HG,-1,1,-2012.50,700.0000,-2550.0000,
14/01/2011 15:00:00,5.05050,18/01/2011 13:00:00,5.05450,@HG,-1,1,-100.00,1350.0000,-1062.5000,
23/01/2011 22:00:00,4.99050,25/01/2011 16:00:00,4.85100,@HG,-1,1,3487.50,3812.5000,-300.0000,
14/02/2011 04:00:00,5.22300,15/02/2011 23:00:00,5.16200,@HG,-1,1,1525.00,1800.0000,-1412.5000,
25/02/2011 08:00:00,5.00700,01/03/2011 03:00:00,5.08000,@HG,-1,1,-1825.00,212.5000,-2762.5000,
16/03/2011 09:00:00,4.86700,18/03/2011 04:00:00,4.95950,@HG,-1,1,-2312.50,2750.0000,-2812.5000,
23/03/2011 06:00:00,4.96650,25/03/2011 01:00:00,5.01950,@HG,-1,1,-1325.00,12.5000,-2475.0000,
06/04/2011 01:00:00,4.92400,07/04/2011 20:00:00,5.02750,@HG,-1,1,-2587.50,325.0000,-3100.0000,
20/04/2011,4.88850,24/04/2011 19:00:00,5.01000,@HG,-1,1,-3037.50,175.0000,-3137.5000,
03/05/2011 13:00:00,4.85050,05/05/2011 06:00:00,4.67300,@HG,-1,1,4437.50,4437.5000,-275.0000,
13/05/2011 03:00:00,4.59350,16/05/2011 22:00:00,4.58250,@HG,-1,1,275.00,1312.5000,-1200.0000,
25/05/2011 07:00:00,4.67350,27/05/2011 02:00:00,4.72600,@HG,-1,1,-1312.50,187.5000,-1450.0000,
05/06/2011 21:00:00,4.74200,07/06/2011 15:00:00,4.75250,@HG,-1,1,-262.50,950.0000,-662.5000,
14/06/2011 05:00:00,4.65850,16/06/2011,4.71900,@HG,-1,1,-1512.50,0.0000,-2975.0000,
24/06/2011 03:00:00,4.69250,27/06/2011 22:00:00,4.65950,@HG,-1,1,825.00,1587.5000,-1050.0000,
13/07/2011,5.00200,14/07/2011 19:00:00,4.96550,@HG,-1,1,912.50,1362.5000,-425.0000,
26/07/2011,5.01600,27/07/2011 19:00:00,5.01900,@HG,-1,1,-75.00,350.0000,-1312.5000,
31/07/2011 20:00:00,5.08850,02/08/2011 14:00:00,4.97550,@HG,-1,1,2825.00,3387.5000,-187.5000,
17/08/2011 11:00:00,4.63800,19/08/2011 06:00:00,4.53550,@HG,-1,1,2562.50,3312.5000,-512.5000,
23/08/2011 10:00:00,4.59750,25/08/2011 05:00:00,4.61050,@HG,-1,1,-325.00,1300.0000,-475.0000,
07/09/2011 11:00:00,4.69250,09/09/2011 06:00:00,4.64050,@HG,-1,1,1300.00,1500.0000,-712.5000,
16/09/2011 08:00:00,4.55450,19/09/2011 06:00:00,4.38300,@HG,-1,1,4287.50,4225.0000,-112.5000,
27/09/2011 12:00:00,4.04300,28/09/2011 21:00:00,3.66050,@HG,-1,1,9562.50,8900.0000,-50.0000,
12/10/2011 10:00:00,3.95100,14/10/2011 05:00:00,3.96150,@HG,-1,1,-262.50,2587.5000,-550.0000,
18/10/2011 17:00:00,3.94050,20/10/2011 11:00:00,3.67200,@HG,-1,1,6712.50,6425.0000,-100.0000,
23/10/2011 19:00:00,3.80700,24/10/2011 10:00:00,3.93500,@HG,-1,1,-3200.00,562.5000,-3050.0000,
04/11/2011 03:00:00,4.19750,07/11/2011 22:00:00,4.11750,@HG,-1,1,2000.00,3637.5000,-437.5000,
11/11/2011 14:00:00,4.02550,15/11/2011 09:00:00,4.02500,@HG,-1,1,12.50,250.0000,-3037.5000,
27/11/2011 20:00:00,3.89100,29/11/2011 14:00:00,3.93800,@HG,-1,1,-1175.00,25.0000,-1825.0000,
30/11/2011 10:00:00,4.07100,02/12/2011 05:00:00,4.15200,@HG,-1,1,-2025.00,162.5000,-2775.0000,
09/12/2011 16:00:00,4.13150,13/12/2011 11:00:00,4.02850,@HG,-1,1,2575.00,3737.5000,-25.0000,
16/12/2011 10:00:00,3.90050,20/12/2011 05:00:00,3.87450,@HG,-1,1,650.00,2275.0000,-275.0000,
20/12/2011 11:00:00,3.90800,22/12/2011 06:00:00,3.96350,@HG,-1,1,-1387.50,300.0000,-1900.0000,
30/12/2011 07:00:00,3.97850,04/01/2012 02:00:00,4.03200,@HG,-1,1,-1337.50,337.5000,-2687.5000,
10/01/2012 07:00:00,4.01900,12/01/2012 02:00:00,4.08750,@HG,-1,1,-1712.50,100.0000,-2112.5000,
23/01/2012 10:00:00,4.34750,25/01/2012 05:00:00,4.36600,@HG,-1,1,-462.50,1275.0000,-975.0000,
03/02/2012 11:00:00,4.40300,07/02/2012 06:00:00,4.37800,@HG,-1,1,625.00,887.5000,-1462.5000,
21/02/2012 12:00:00,4.36800,23/02/2012 07:00:00,4.36850,@HG,-1,1,-12.50,675.0000,-762.5000,
24/02/2012 12:00:00,4.40500,28/02/2012 07:00:00,4.44300,@HG,-1,1,-950.00,862.5000,-1187.5000,
29/02/2012 20:00:00,4.40800,02/03/2012 14:00:00,4.44000,@HG,-1,1,-800.00,550.0000,-1975.0000,
26/03/2012 10:00:00,4.39600,28/03/2012 05:00:00,4.38900,@HG,-1,1,175.00,462.5000,-1137.5000,
30/03/2012 09:00:00,4.37600,03/04/2012 04:00:00,4.48250,@HG,-1,1,-2662.50,550.0000,-2987.5000,
18/04/2012 01:00:00,4.20000,19/04/2012 20:00:00,4.16850,@HG,-1,1,787.50,1625.0000,-300.0000,
20/04/2012 10:00:00,4.21600,24/04/2012 05:00:00,4.19600,@HG,-1,1,500.00,1875.0000,-850.0000,
07/05/2012 14:00:00,4.30650,09/05/2012 09:00:00,4.16050,@HG,-1,1,3650.00,3937.5000,-50.0000,
21/05/2012 17:00:00,4.06400,23/05/2012 12:00:00,3.93050,@HG,-1,1,3337.50,3625.0000,-125.0000,
27/05/2012 23:00:00,4.00950,30/05/2012,3.96450,@HG,-1,1,1125.00,1175.0000,-787.5000,
06/06/2012 09:00:00,3.88900,08/06/2012 04:00:00,3.83950,@HG,-1,1,1237.50,1350.0000,-1850.0000,
10/06/2012 20:00:00,3.90250,12/06/2012 14:00:00,3.86800,@HG,-1,1,862.50,1675.0000,-475.0000,
27/06/2012 12:00:00,3.87950,29/06/2012 07:00:00,3.93700,@HG,-1,1,-1437.50,875.0000,-1537.5000,
11/07/2012 14:00:00,3.97400,13/07/2012 09:00:00,4.00250,@HG,-1,1,-712.50,1562.5000,-1075.0000,
03/08/2012 13:00:00,3.89450,07/08/2012 08:00:00,3.95000,@HG,-1,1,-1387.50,587.5000,-1512.5000,
21/08/2012 07:00:00,3.94100,23/08/2012 05:00:00,4.02100,@HG,-1,1,-2000.00,50.0000,-2200.0000,
05/09/2012 10:00:00,4.01550,07/09/2012 05:00:00,4.06600,@HG,-1,1,-1262.50,62.5000,-1350.0000,
19/09/2012 04:00:00,4.35450,20/09/2012 23:00:00,4.31150,@HG,-1,1,1075.00,2512.5000,-112.5000,
28/09/2012 04:00:00,4.29550,01/10/2012 23:00:00,4.30100,@HG,-1,1,-137.50,1337.5000,-575.0000,
17/10/2012 12:00:00,4.26300,19/10/2012 07:00:00,4.21700,@HG,-1,1,1150.00,1225.0000,-562.5000,
31/10/2012 05:00:00,4.06350,02/11/2012,4.05600,@HG,-1,1,187.50,875.0000,-650.0000,
06/11/2012 14:00:00,4.02600,08/11/2012 09:00:00,3.97550,@HG,-1,1,1262.50,1862.5000,-962.5000,
13/11/2012 12:00:00,4.00600,15/11/2012 07:00:00,3.99100,@HG,-1,1,375.00,1112.5000,-325.0000,
19/11/2012 05:00:00,4.00800,21/11/2012,4.01050,@HG,-1,1,-62.50,175.0000,-1325.0000,
23/11/2012 12:00:00,4.03950,27/11/2012 10:00:00,4.06300,@HG,-1,1,-587.50,312.5000,-850.0000,
26/12/2012 10:00:00,4.09750,28/12/2012 05:00:00,4.11700,@HG,-1,1,-487.50,112.5000,-775.0000,
31/12/2012 14:00:00,4.15900,03/01/2013 09:00:00,4.22450,@HG,-1,1,-1637.50,250.0000,-2650.0000,
09/01/2013 10:00:00,4.20300,11/01/2013 05:00:00,4.18550,@HG,-1,1,437.50,812.5000,-525.0000,
29/01/2013 05:00:00,4.19650,31/01/2013,4.24850,@HG,-1,1,-1300.00,950.0000,-1637.5000,
06/02/2013 09:00:00,4.24900,08/02/2013 04:00:00,4.24050,@HG,-1,1,212.50,550.0000,-362.5000,
08/02/2013 12:00:00,4.27050,12/02/2013 07:00:00,4.23200,@HG,-1,1,962.50,1412.5000,-112.5000,
13/02/2013 02:00:00,4.25500,15/02/2013,4.25000,@HG,-1,1,125.00,575.0000,-325.0000,
27/02/2013 22:00:00,4.08250,01/03/2013 05:00:00,3.97700,@HG,-1,1,2637.50,2425.0000,-187.5000,
08/03/2013 03:00:00,4.01300,11/03/2013 22:00:00,4.01400,@HG,-1,1,-25.00,1250.0000,-225.0000,
11/03/2013 23:00:00,4.01400,13/03/2013 17:00:00,4.01600,@HG,-1,1,-50.00,650.0000,-1250.0000,
20/03/2013 23:00:00,3.97550,22/03/2013 17:00:00,3.95600,@HG,-1,1,487.50,1662.5000,-187.5000,
05/04/2013 07:00:00,3.85050,09/04/2013 02:00:00,3.88050,@HG,-1,1,-750.00,812.5000,-912.5000,
24/04/2013 03:00:00,3.64450,25/04/2013 22:00:00,3.75250,@HG,-1,1,-2700.00,400.0000,-2937.5000,
17/05/2013 03:00:00,3.80300,20/05/2013 22:00:00,3.83000,@HG,-1,1,-675.00,1237.5000,-1300.0000,
28/05/2013 11:00:00,3.82150,30/05/2013 06:00:00,3.78450,@HG,-1,1,925.00,2050.0000,-62.5000,
03/06/2013 05:00:00,3.82750,05/06/2013,3.83650,@HG,-1,1,-225.00,1175.0000,-812.5000,
10/06/2013 20:00:00,3.75000,12/06/2013 14:00:00,3.70800,@HG,-1,1,1050.00,2612.5000,-12.5000,
12/06/2013 23:00:00,3.71350,14/06/2013 17:00:00,3.68000,@HG,-1,1,837.50,1762.5000,-100.0000,
16/06/2013 23:00:00,3.71500,18/06/2013 17:00:00,3.63650,@HG,-1,1,1962.50,2350.0000,-25.0000,
25/06/2013 11:00:00,3.56100,27/06/2013 06:00:00,3.54550,@HG,-1,1,387.50,1550.0000,-287.5000,
09/07/2013 03:00:00,3.58700,10/07/2013 22:00:00,3.61800,@HG,-1,1,-775.00,2075.0000,-1262.5000,
21/07/2013 20:00:00,3.64550,23/07/2013 14:00:00,3.67650,@HG,-1,1,-775.00,437.5000,-1212.5000,
31/07/2013 13:00:00,3.59450,02/08/2013 08:00:00,3.66100,@HG,-1,1,-1662.50,337.5000,-1837.5000,
02/09/2013 01:00:00,3.77450,03/09/2013 23:00:00,3.76850,@HG,-1,1,150.00,737.5000,-625.0000,
06/09/2013 09:00:00,3.75700,10/09/2013 04:00:00,3.73950,@HG,-1,1,437.50,1000.0000,-350.0000,
15/09/2013 20:00:00,3.71700,17/09/2013 14:00:00,3.69500,@HG,-1,1,550.00,1175.0000,-50.0000,
20/09/2013 15:00:00,3.79150,24/09/2013 10:00:00,3.71550,@HG,-1,1,1900.00,1912.5000,0.0000,
02/10/2013 12:00:00,3.78550,04/10/2013 07:00:00,3.74000,@HG,-1,1,1137.50,1387.5000,-287.5000,
04/10/2013 10:00:00,3.78250,08/10/2013 05:00:00,3.78000,@HG,-1,1,62.50,1162.5000,-62.5000,
11/10/2013 12:00:00,3.73900,15/10/2013 07:00:00,3.76200,@HG,-1,1,-575.00,562.5000,-1262.5000,
16/10/2013 13:00:00,3.78050,18/10/2013 08:00:00,3.78350,@HG,-1,1,-75.00,937.5000,-412.5000,
22/10/2013 10:00:00,3.80000,24/10/2013 05:00:00,3.74350,@HG,-1,1,1412.50,1762.5000,-512.5000,
29/10/2013 10:00:00,3.76250,31/10/2013 05:00:00,3.77250,@HG,-1,1,-250.00,437.5000,-937.5000,
10/11/2013 22:00:00,3.73350,12/11/2013 16:00:00,3.69450,@HG,-1,1,975.00,1262.5000,-187.5000,
29/11/2013 11:00:00,3.68650,03/12/2013 09:00:00,3.63350,@HG,-1,1,1325.00,1537.5000,-150.0000,
04/12/2013 09:00:00,3.65900,06/12/2013 04:00:00,3.70000,@HG,-1,1,-1025.00,112.5000,-1500.0000,
18/12/2013 10:00:00,3.78250,20/12/2013 05:00:00,3.78150,@HG,-1,1,25.00,1012.5000,-362.5000,
24/12/2013 07:00:00,3.79200,24/12/2013 12:00:00,3.84500,@HG,-1,1,-1325.00,62.5000,-187.5000,
08/01/2014 10:00:00,3.83000,10/01/2014 05:00:00,3.77700,@HG,-1,1,1325.00,1862.5000,-50.0000,
10/01/2014 10:00:00,3.80200,14/01/2014 05:00:00,3.80850,@HG,-1,1,-162.50,512.5000,-962.5000,
15/01/2014 12:00:00,3.82100,17/01/2014 07:00:00,3.80050,@HG,-1,1,512.50,687.5000,-387.5000,
21/01/2014 12:00:00,3.81950,23/01/2014 07:00:00,3.78450,@HG,-1,1,875.00,1062.5000,-137.5000,
05/02/2014 03:00:00,3.67300,06/02/2014 22:00:00,3.70600,@HG,-1,1,-825.00,525.0000,-975.0000,
12/02/2014 06:00:00,3.71200,14/02/2014 01:00:00,3.71800,@HG,-1,1,-150.00,650.0000,-462.5000,
14/02/2014 10:00:00,3.73500,18/02/2014 08:00:00,3.74200,@HG,-1,1,-175.00,375.0000,-1300.0000,
04/03/2014 09:00:00,3.68400,06/03/2014 04:00:00,3.69800,@HG,-1,1,-350.00,62.5000,-1250.0000,
17/03/2014 09:00:00,3.47350,19/03/2014 04:00:00,3.43650,@HG,-1,1,925.00,1125.0000,-437.5000,
19/03/2014 14:00:00,3.48600,21/03/2014 09:00:00,3.46900,@HG,-1,1,425.00,1850.0000,-262.5000,
04/04/2014 10:00:00,3.55750,06/04/2014 19:00:00,3.47850,@HG,-1,1,1975.00,1225.0000,-50.0000,
08/04/2014 05:00:00,3.55600,10/04/2014,3.53550,@HG,-1,1,512.50,1262.5000,-125.0000,
11/04/2014 04:00:00,3.55600,14/04/2014 23:00:00,3.53700,@HG,-1,1,475.00,725.0000,-562.5000,
16/04/2014 10:00:00,3.54400,21/04/2014 05:00:00,3.54300,@HG,-1,1,25.00,637.5000,-237.5000,
02/05/2014 10:00:00,3.56250,06/05/2014 05:00:00,3.58550,@HG,-1,1,-575.00,50.0000,-1237.5000,
23/05/2014 05:00:00,3.69300,27/05/2014 04:00:00,3.70250,@HG,-1,1,-237.50,112.5000,-737.5000,
02/06/2014 05:00:00,3.69500,04/06/2014,3.64350,@HG,-1,1,1287.50,1325.0000,-200.0000,
11/06/2014 04:00:00,3.59400,12/06/2014 23:00:00,3.55450,@HG,-1,1,987.50,1387.5000,0.0000,
16/06/2014 06:00:00,3.58700,18/06/2014 01:00:00,3.59200,@HG,-1,1,-125.00,387.5000,-350.0000,
25/06/2014 14:00:00,3.69750,27/06/2014 09:00:00,3.70000,@HG,-1,1,-62.50,400.0000,-575.0000,
08/07/2014 06:00:00,3.80550,10/07/2014 01:00:00,3.78050,@HG,-1,1,625.00,725.0000,-487.5000,
11/07/2014 01:00:00,3.79750,14/07/2014 20:00:00,3.78400,@HG,-1,1,337.50,575.0000,-700.0000,
22/07/2014,3.74350,23/07/2014 19:00:00,3.73700,@HG,-1,1,162.50,512.5000,-587.5000,
30/07/2014 10:00:00,3.77100,01/08/2014 05:00:00,3.78500,@HG,-1,1,-350.00,450.0000,-437.5000,
04/08/2014 11:00:00,3.78100,06/08/2014 06:00:00,3.70600,@HG,-1,1,1875.00,1875.0000,-75.0000,
10/08/2014 20:00:00,3.72350,12/08/2014 14:00:00,3.68500,@HG,-1,1,962.50,987.5000,-125.0000,
18/08/2014 12:00:00,3.65050,20/08/2014 07:00:00,3.64250,@HG,-1,1,200.00,887.5000,-62.5000,
20/08/2014 11:00:00,3.68200,22/08/2014 06:00:00,3.72650,@HG,-1,1,-1112.50,50.0000,-1387.5000,
05/09/2014 13:00:00,3.66850,09/09/2014 08:00:00,3.64800,@HG,-1,1,512.50,575.0000,-1137.5000,
16/09/2014 09:00:00,3.61400,18/09/2014 04:00:00,3.63250,@HG,-1,1,-462.50,512.5000,-2562.5000,
24/09/2014 04:00:00,3.55400,25/09/2014 23:00:00,3.54250,@HG,-1,1,287.50,750.0000,-350.0000,
29/09/2014 12:00:00,3.55750,01/10/2014 07:00:00,3.52250,@HG,-1,1,875.00,1325.0000,-175.0000,
01/10/2014 09:00:00,3.54300,03/10/2014 04:00:00,3.50350,@HG,-1,1,987.50,1325.0000,-37.5000,
06/10/2014 08:00:00,3.53200,08/10/2014 03:00:00,3.52850,@HG,-1,1,87.50,275.0000,-537.5000,
08/10/2014 06:00:00,3.53000,10/10/2014 01:00:00,3.51950,@HG,-1,1,262.50,737.5000,-837.5000,
13/10/2014 15:00:00,3.55800,15/10/2014 10:00:00,3.54850,@HG,-1,1,237.50,537.5000,-1275.0000,
19/10/2014 20:00:00,3.52100,21/10/2014 14:00:00,3.53200,@HG,-1,1,-275.00,1237.5000,-475.0000,
07/11/2014 10:00:00,3.55100,11/11/2014 05:00:00,3.49850,@HG,-1,1,1312.50,1400.0000,-112.5000,
11/11/2014 16:00:00,3.54250,13/11/2014 11:00:00,3.53000,@HG,-1,1,312.50,562.5000,-362.5000,
14/11/2014 12:00:00,3.54500,18/11/2014 07:00:00,3.51950,@HG,-1,1,637.50,637.5000,-512.5000,
19/11/2014 11:00:00,3.54650,21/11/2014 06:00:00,3.52250,@HG,-1,1,600.00,1025.0000,-187.5000,
03/12/2014 23:00:00,3.38000,05/12/2014 17:00:00,3.38850,@HG,-1,1,-212.50,262.5000,-1075.0000,
09/12/2014 12:00:00,3.40950,11/12/2014 07:00:00,3.38900,@HG,-1,1,512.50,962.5000,-275.0000,
17/12/2014 13:00:00,3.36850,19/12/2014 08:00:00,3.37050,@HG,-1,1,-50.00,1050.0000,-162.5000,
19/12/2014 13:00:00,3.37300,23/12/2014 08:00:00,3.34200,@HG,-1,1,775.00,775.0000,-400.0000,
30/12/2014 12:00:00,3.33900,02/01/2015 07:00:00,3.31300,@HG,-1,1,650.00,1225.0000,-150.0000,
16/01/2015 14:00:00,3.10150,20/01/2015 13:00:00,3.06100,@HG,-1,1,1012.50,1562.5000,-462.5000,
21/01/2015 13:00:00,3.10200,23/01/2015 08:00:00,3.01900,@HG,-1,1,2075.00,2175.0000,-100.0000,
26/01/2015 12:00:00,3.01950,28/01/2015 07:00:00,2.95600,@HG,-1,1,1587.50,2237.5000,-312.5000,
30/01/2015 07:00:00,2.97100,03/02/2015 02:00:00,3.01300,@HG,-1,1,-1050.00,837.5000,-1125.0000,
18/02/2015 11:00:00,3.11500,20/02/2015 06:00:00,3.07900,@HG,-1,1,900.00,1175.0000,-87.5000,
03/03/2015 14:00:00,3.16100,05/03/2015 09:00:00,3.16050,@HG,-1,1,12.50,487.5000,-562.5000,
09/03/2015 11:00:00,3.15500,11/03/2015 06:00:00,3.15100,@HG,-1,1,100.00,1137.5000,-662.5000,
11/03/2015 23:00:00,3.11300,13/03/2015 17:00:00,3.17650,@HG,-1,1,-1587.50,100.0000,-2037.5000,
20/03/2015 05:00:00,3.16100,22/03/2015 22:00:00,3.28900,@HG,-1,1,-3200.00,50.0000,-2925.0000,
06/04/2015 04:00:00,3.33050,07/04/2015 23:00:00,3.25200,@HG,-1,1,1962.50,3325.0000,-62.5000,
10/04/2015 11:00:00,3.27450,14/04/2015 06:00:00,3.18750,@HG,-1,1,2175.00,2387.5000,-100.0000,
15/04/2015 21:00:00,3.22600,17/04/2015 15:00:00,3.28150,@HG,-1,1,-1387.50,75.0000,-2175.0000,
24/04/2015 06:00:00,3.23000,28/04/2015 01:00:00,3.25250,@HG,-1,1,-562.50,125.0000,-1475.0000,
17/05/2015 20:00:00,3.43400,19/05/2015 11:00:00,3.33800,@HG,-1,1,2400.00,2275.0000,-25.0000,
09/06/2015 06:00:00,3.21750,11/06/2015 01:00:00,3.24000,@HG,-1,1,-562.50,312.5000,-1162.5000,
22/06/2015 23:00:00,3.10950,24/06/2015 17:00:00,3.12100,@HG,-1,1,-287.50,587.5000,-912.5000,
21/07/2015 05:00:00,3.00850,22/07/2015 22:00:00,2.91450,@HG,-1,1,2350.00,2350.0000,-200.0000,
28/07/2015 11:00:00,2.90550,30/07/2015 06:00:00,2.88500,@HG,-1,1,512.50,550.0000,-1025.0000,
10/08/2015 12:00:00,2.88000,12/08/2015 07:00:00,2.82050,@HG,-1,1,1487.50,2175.0000,-1237.5000,
25/08/2015 13:00:00,2.81350,27/08/2015 08:00:00,2.78750,@HG,-1,1,650.00,1912.5000,-75.0000,
08/09/2015 05:00:00,2.88750,10/09/2015,2.94400,@HG,-1,1,-1412.50,62.5000,-2537.5000,
16/09/2015 04:00:00,2.95400,17/09/2015 23:00:00,2.95250,@HG,-1,1,37.50,350.0000,-1312.5000,
30/09/2015 04:00:00,2.79400,01/10/2015 23:00:00,2.82150,@HG,-1,1,-687.50,100.0000,-2400.0000,
04/10/2015 21:00:00,2.85850,06/10/2015 15:00:00,2.87050,@HG,-1,1,-300.00,487.5000,-775.0000,
09/10/2015 01:00:00,2.89950,12/10/2015 20:00:00,2.92450,@HG,-1,1,-625.00,50.0000,-1287.5000,
14/10/2015 16:00:00,2.93300,16/10/2015 11:00:00,2.91150,@HG,-1,1,537.50,962.5000,-400.0000,
03/11/2015 15:00:00,2.84950,05/11/2015 10:00:00,2.78450,@HG,-1,1,1625.00,1750.0000,-650.0000,
20/11/2015 07:00:00,2.61250,24/11/2015 02:00:00,2.54150,@HG,-1,1,1775.00,2437.5000,-25.0000,
24/11/2015 11:00:00,2.57250,26/11/2015 06:00:00,2.60150,@HG,-1,1,-725.00,775.0000,-1662.5000,
04/12/2015 06:00:00,2.58000,08/12/2015 01:00:00,2.55400,@HG,-1,1,650.00,812.5000,-537.5000,
08/12/2015 11:00:00,2.57000,10/12/2015 06:00:00,2.57600,@HG,-1,1,-150.00,350.0000,-775.0000,
18/12/2015 03:00:00,2.58300,21/12/2015 22:00:00,2.63450,@HG,-1,1,-1287.50,212.5000,-1637.5000,
29/12/2015 03:00:00,2.62050,30/12/2015 22:00:00,2.65050,@HG,-1,1,-750.00,187.5000,-812.5000,
19/01/2016 02:00:00,2.50400,20/01/2016 21:00:00,2.48100,@HG,-1,1,575.00,1162.5000,-337.5000,
01/02/2016 07:00:00,2.54200,03/02/2016 02:00:00,2.56050,@HG,-1,1,-462.50,125.0000,-1250.0000,
12/02/2016 12:00:00,2.53200,16/02/2016 11:00:00,2.56350,@HG,-1,1,-787.50,0.0000,-1437.5000,
26/02/2016 10:00:00,2.65450,01/03/2016 05:00:00,2.62250,@HG,-1,1,800.00,1487.5000,-62.5000,
11/03/2016 13:00:00,2.74500,15/03/2016 08:00:00,2.71800,@HG,-1,1,675.00,962.5000,-800.0000,
16/03/2016 16:00:00,2.75500,18/03/2016 11:00:00,2.79250,@HG,-1,1,-937.50,87.5000,-1700.0000,
12/04/2016 06:00:00,2.61300,14/04/2016 01:00:00,2.65950,@HG,-1,1,-1162.50,250.0000,-1662.5000,
27/04/2016 10:00:00,2.72950,29/04/2016 05:00:00,2.76050,@HG,-1,1,-775.00,837.5000,-862.5000,
11/05/2016 07:00:00,2.61650,13/05/2016 02:00:00,2.57400,@HG,-1,1,1062.50,1562.5000,-437.5000,
16/05/2016 11:00:00,2.59800,18/05/2016 06:00:00,2.54750,@HG,-1,1,1262.50,1375.0000,-212.5000,
24/05/2016 07:00:00,2.56800,26/05/2016 02:00:00,2.60600,@HG,-1,1,-950.00,262.5000,-987.5000,
03/06/2016 04:00:00,2.58450,06/06/2016 23:00:00,2.60450,@HG,-1,1,-500.00,50.0000,-1387.5000,
13/06/2016 01:00:00,2.55150,14/06/2016 20:00:00,2.53700,@HG,-1,1,362.50,612.5000,-237.5000,
15/06/2016 02:00:00,2.55450,16/06/2016 21:00:00,2.55500,@HG,-1,1,-12.50,600.0000,-1487.5000,
28/06/2016,2.64550,29/06/2016 19:00:00,2.68550,@HG,-1,1,-1000.00,62.5000,-1075.0000,
11/07/2016 01:00:00,2.65150,12/07/2016 20:00:00,2.70650,@HG,-1,1,-1375.00,425.0000,-1625.0000,
19/07/2016 11:00:00,2.74550,21/07/2016 06:00:00,2.74150,@HG,-1,1,100.00,825.0000,-437.5000,
29/07/2016 13:00:00,2.71650,02/08/2016 08:00:00,2.70600,@HG,-1,1,262.50,962.5000,-562.5000,
02/08/2016 11:00:00,2.73550,04/08/2016 06:00:00,2.66600,@HG,-1,1,1737.50,1800.0000,-37.5000,
10/08/2016 07:00:00,2.66800,12/08/2016 02:00:00,2.67350,@HG,-1,1,-137.50,187.5000,-712.5000,
16/08/2016 06:00:00,2.65700,18/08/2016 01:00:00,2.66050,@HG,-1,1,-87.50,475.0000,-325.0000,
26/08/2016 12:00:00,2.57050,30/08/2016 07:00:00,2.56400,@HG,-1,1,162.50,250.0000,-175.0000,
06/09/2016 04:00:00,2.57400,07/09/2016 23:00:00,2.58550,@HG,-1,1,-287.50,200.0000,-587.5000,
12/09/2016 15:00:00,2.58950,14/09/2016 10:00:00,2.62050,@HG,-1,1,-775.00,312.5000,-875.0000,
27/09/2016 10:00:00,2.66500,29/09/2016 05:00:00,2.67450,@HG,-1,1,-237.50,462.5000,-650.0000,
07/10/2016 10:00:00,2.65600,11/10/2016 05:00:00,2.67850,@HG,-1,1,-562.50,287.5000,-800.0000,
24/10/2016 23:00:00,2.59200,26/10/2016 17:00:00,2.62600,@HG,-1,1,-850.00,37.5000,-1062.5000,
21/11/2016,2.99400,22/11/2016 19:00:00,3.03000,@HG,-1,1,-900.00,187.5000,-1675.0000,
05/12/2016,3.13550,06/12/2016 19:00:00,3.14050,@HG,-1,1,-125.00,325.0000,-1237.5000,
14/12/2016 05:00:00,3.06950,16/12/2016,3.07650,@HG,-1,1,-175.00,537.5000,-712.5000,
27/12/2016 12:00:00,2.99300,29/12/2016 07:00:00,2.98600,@HG,-1,1,175.00,912.5000,-412.5000,
04/01/2017 10:00:00,3.02600,06/01/2017 05:00:00,3.00100,@HG,-1,1,625.00,787.5000,-862.5000,
20/01/2017 12:00:00,3.11050,24/01/2017 07:00:00,3.13950,@HG,-1,1,-725.00,637.5000,-812.5000,
31/01/2017 07:00:00,3.16800,02/02/2017 02:00:00,3.19350,@HG,-1,1,-637.50,125.0000,-1050.0000,
07/02/2017 22:00:00,3.14150,09/02/2017 16:00:00,3.12850,@HG,-1,1,325.00,712.5000,-537.5000,
20/02/2017 12:00:00,3.22000,22/02/2017 11:00:00,3.19800,@HG,-1,1,550.00,950.0000,-262.5000,
28/02/2017 12:00:00,3.16950,02/03/2017 07:00:00,3.18500,@HG,-1,1,-387.50,175.0000,-1387.5000,
10/03/2017 10:00:00,3.07100,14/03/2017 05:00:00,3.08500,@HG,-1,1,-350.00,825.0000,-625.0000,
14/03/2017 12:00:00,3.09950,16/03/2017 07:00:00,3.14650,@HG,-1,1,-1175.00,237.5000,-1262.5000,
22/03/2017 16:00:00,3.09850,24/03/2017 11:00:00,3.09250,@HG,-1,1,150.00,675.0000,-325.0000,
28/03/2017 13:00:00,3.12050,30/03/2017 08:00:00,3.11900,@HG,-1,1,37.50,262.5000,-575.0000,
04/04/2017 23:00:00,3.09750,06/04/2017 17:00:00,3.11600,@HG,-1,1,-462.50,50.0000,-1350.0000,
17/04/2017 11:00:00,3.05350,19/04/2017 06:00:00,3.00950,@HG,-1,1,1100.00,2037.5000,-100.0000,
25/04/2017,3.03150,26/04/2017 19:00:00,3.04550,@HG,-1,1,-350.00,325.0000,-525.0000,
28/04/2017 11:00:00,3.05150,01/05/2017 10:00:00,3.09850,@HG,-1,1,-1175.00,337.5000,-175.0000,
01/05/2017 11:00:00,3.11750,03/05/2017 04:00:00,3.04650,@HG,-1,1,1775.00,1762.5000,-25.0000,
07/05/2017 20:00:00,2.98100,09/05/2017 14:00:00,2.94200,@HG,-1,1,975.00,1612.5000,-250.0000,
19/05/2017 10:00:00,3.00350,23/05/2017 05:00:00,3.02400,@HG,-1,1,-512.50,162.5000,-1125.0000,
29/05/2017 13:00:00,3.02000,31/05/2017 12:00:00,3.01900,@HG,-1,1,25.00,925.0000,-162.5000,
19/06/2017 06:00:00,3.02800,21/06/2017 01:00:00,2.99950,@HG,-1,1,712.50,962.5000,-350.0000,
21/06/2017 10:00:00,3.02600,23/06/2017 05:00:00,3.08000,@HG,-1,1,-1350.00,275.0000,-1437.5000,
11/07/2017 13:00:00,3.10200,13/07/2017 08:00:00,3.11850,@HG,-1,1,-412.50,112.5000,-650.0000,
14/07/2017 12:00:00,3.12200,18/07/2017 07:00:00,3.14650,@HG,-1,1,-612.50,225.0000,-1125.0000,
21/07/2017 03:00:00,3.16300,24/07/2017 22:00:00,3.16900,@HG,-1,1,-150.00,412.5000,-425.0000,
06/08/2017 23:00:00,3.30500,08/08/2017 17:00:00,3.37100,@HG,-1,1,-1650.00,25.0000,-1750.0000,
16/08/2017 05:00:00,3.34500,18/08/2017,3.35650,@HG,-1,1,-287.50,962.5000,-1675.0000,
21/08/2017 04:00:00,3.40350,22/08/2017 23:00:00,3.40150,@HG,-1,1,50.00,325.0000,-1012.5000,
18/09/2017 06:00:00,3.39400,20/09/2017 01:00:00,3.38550,@HG,-1,1,212.50,812.5000,-25.0000,
20/09/2017 04:00:00,3.38900,21/09/2017 23:00:00,3.32100,@HG,-1,1,1700.00,1825.0000,-125.0000,
26/09/2017 01:00:00,3.37000,27/09/2017 20:00:00,3.33400,@HG,-1,1,900.00,1400.0000,-75.0000,
20/10/2017 02:00:00,3.60750,23/10/2017 21:00:00,3.59350,@HG,-1,1,350.00,1450.0000,-237.5000,
23/10/2017 23:00:00,3.63250,25/10/2017 17:00:00,3.58950,@HG,-1,1,1075.00,2050.0000,-325.0000,
31/10/2017 04:00:00,3.53000,01/11/2017 23:00:00,3.55800,@HG,-1,1,-700.00,775.0000,-1487.5000,
06/11/2017 10:00:00,3.56000,08/11/2017 05:00:00,3.48200,@HG,-1,1,1950.00,2175.0000,-312.5000,
13/11/2017 11:00:00,3.53500,15/11/2017 06:00:00,3.45050,@HG,-1,1,2112.50,2362.5000,-200.0000,
19/11/2017 22:00:00,3.46700,21/11/2017 16:00:00,3.53250,@HG,-1,1,-1637.50,275.0000,-1775.0000,
01/12/2017 12:00:00,3.49550,05/12/2017 07:00:00,3.40750,@HG,-1,1,2200.00,2337.5000,-337.5000,
11/12/2017 12:00:00,3.39500,13/12/2017 07:00:00,3.43050,@HG,-1,1,-887.50,275.0000,-925.0000,
09/01/2018 04:00:00,3.63950,10/01/2018 23:00:00,3.63650,@HG,-1,1,75.00,1087.5000,-462.5000,
19/01/2018 04:00:00,3.60950,22/01/2018 23:00:00,3.58100,@HG,-1,1,712.50,1162.5000,-200.0000,
24/01/2018 11:00:00,3.59700,26/01/2018 06:00:00,3.60450,@HG,-1,1,-187.50,450.0000,-1112.5000,
31/01/2018 10:00:00,3.61300,02/02/2018 05:00:00,3.61500,@HG,-1,1,-50.00,1162.5000,-362.5000,
05/02/2018 12:00:00,3.62400,07/02/2018 07:00:00,3.55350,@HG,-1,1,1762.50,2012.5000,-12.5000,
12/02/2018 22:00:00,3.48200,14/02/2018 11:00:00,3.60050,@HG,-1,1,-2962.50,75.0000,-2950.0000,
21/02/2018 12:00:00,3.58600,23/02/2018 07:00:00,3.59050,@HG,-1,1,-112.50,1225.0000,-1025.0000,
06/03/2018 02:00:00,3.51350,07/03/2018 21:00:00,3.49800,@HG,-1,1,387.50,825.0000,-687.5000,
09/03/2018 11:00:00,3.49500,13/03/2018 06:00:00,3.48050,@HG,-1,1,362.50,737.5000,-587.5000,
21/03/2018 16:00:00,3.43900,23/03/2018 11:00:00,3.37000,@HG,-1,1,1725.00,2350.0000,-425.0000,
09/04/2018 14:00:00,3.44000,11/04/2018 09:00:00,3.49650,@HG,-1,1,-1412.50,225.0000,-1637.5000,
16/04/2018 11:00:00,3.46950,18/04/2018 06:00:00,3.46750,@HG,-1,1,50.00,1300.0000,-325.0000,
21/05/2018 08:00:00,3.44400,23/05/2018 03:00:00,3.45400,@HG,-1,1,-250.00,475.0000,-1112.5000,
25/05/2018 05:00:00,3.44000,29/05/2018 04:00:00,3.42200,@HG,-1,1,450.00,1750.0000,-425.0000,
01/06/2018 10:00:00,3.42600,05/06/2018 05:00:00,3.48300,@HG,-1,1,-1425.00,362.5000,-1712.5000,
13/06/2018 17:00:00,3.59900,15/06/2018 12:00:00,3.48650,@HG,-1,1,2812.50,2837.5000,-37.5000,
09/07/2018 03:00:00,3.18750,10/07/2018 21:00:00,3.08450,@HG,-1,1,2575.00,2050.0000,-237.5000,
18/07/2018 23:00:00,3.07800,20/07/2018 17:00:00,3.07350,@HG,-1,1,112.50,2200.0000,-37.5000,
22/07/2018 22:00:00,3.07350,24/07/2018 16:00:00,3.12150,@HG,-1,1,-1200.00,587.5000,-1950.0000,
31/07/2018 12:00:00,3.12750,02/08/2018 07:00:00,3.03450,@HG,-1,1,2325.00,2587.5000,-762.5000,
03/08/2018 09:00:00,3.09100,07/08/2018 04:00:00,3.06450,@HG,-1,1,662.50,1700.0000,-100.0000,
17/08/2018 16:00:00,2.97900,21/08/2018 11:00:00,3.01500,@HG,-1,1,-900.00,512.5000,-1050.0000,
24/08/2018 11:00:00,3.01150,28/08/2018 06:00:00,3.04250,@HG,-1,1,-775.00,112.5000,-1012.5000,
12/09/2018 06:00:00,2.95600,14/09/2018 01:00:00,2.98600,@HG,-1,1,-750.00,1037.5000,-1387.5000,
18/09/2018 06:00:00,2.97400,20/09/2018 01:00:00,3.03100,@HG,-1,1,-1425.00,25.0000,-1837.5000,
01/10/2018 06:00:00,3.09900,03/10/2018 01:00:00,3.10750,@HG,-1,1,-212.50,1237.5000,-1187.5000,
09/10/2018 05:00:00,3.08700,11/10/2018,3.03100,@HG,-1,1,1400.00,1512.5000,-675.0000,
12/10/2018 03:00:00,3.10400,15/10/2018 22:00:00,3.08000,@HG,-1,1,600.00,950.0000,-725.0000,
17/10/2018 06:00:00,3.09650,19/10/2018 01:00:00,3.03600,@HG,-1,1,1512.50,1912.5000,-12.5000,
19/10/2018 10:00:00,3.07300,23/10/2018 05:00:00,3.06300,@HG,-1,1,250.00,600.0000,-1362.5000,
24/10/2018 01:00:00,3.08550,25/10/2018 20:00:00,3.04700,@HG,-1,1,962.50,1900.0000,-100.0000,
28/10/2018 20:00:00,3.04900,30/10/2018 14:00:00,2.95800,@HG,-1,1,2275.00,2325.0000,-562.5000,
13/11/2018 04:00:00,3.01250,14/11/2018 23:00:00,3.00050,@HG,-1,1,300.00,1362.5000,-750.0000,
20/11/2018 22:00:00,3.05800,22/11/2018 21:00:00,3.09100,@HG,-1,1,-825.00,62.5000,-1000.0000,
25/11/2018 20:00:00,3.06000,27/11/2018 14:00:00,3.00100,@HG,-1,1,1475.00,1512.5000,-387.5000,
28/11/2018 11:00:00,3.05050,30/11/2018 06:00:00,3.05300,@HG,-1,1,-62.50,150.0000,-1125.0000,
11/12/2018 10:00:00,3.05000,13/12/2018 05:00:00,3.07150,@HG,-1,1,-537.50,475.0000,-625.0000,
26/12/2018 08:00:00,2.97800,28/12/2018 03:00:00,2.96700,@HG,-1,1,275.00,1112.5000,-425.0000,
04/01/2019 14:00:00,2.92350,08/01/2019 09:00:00,2.91850,@HG,-1,1,125.00,612.5000,-287.5000,
15/01/2019 12:00:00,2.92900,17/01/2019 07:00:00,2.94450,@HG,-1,1,-387.50,550.0000,-662.5000,
25/01/2019 10:00:00,2.95000,29/01/2019 05:00:00,2.97950,@HG,-1,1,-737.50,0.0000,-1562.5000,
15/02/2019 04:00:00,3.04650,19/02/2019 03:00:00,3.10800,@HG,-1,1,-1537.50,87.5000,-1925.0000,
03/03/2019 19:00:00,3.20450,05/03/2019 13:00:00,3.20600,@HG,-1,1,-37.50,912.5000,-550.0000,
12/03/2019 01:00:00,3.20050,13/03/2019 20:00:00,3.20550,@HG,-1,1,-125.00,387.5000,-700.0000,
18/03/2019 05:00:00,3.20100,20/03/2019,3.19450,@HG,-1,1,162.50,637.5000,-362.5000,
26/03/2019 22:00:00,3.14050,28/03/2019 16:00:00,3.15100,@HG,-1,1,-262.50,637.5000,-475.0000,
08/04/2019 10:00:00,3.19750,10/04/2019 05:00:00,3.20200,@HG,-1,1,-112.50,100.0000,-900.0000,
12/04/2019 06:00:00,3.20800,16/04/2019 01:00:00,3.20250,@HG,-1,1,137.50,500.0000,-500.0000,
30/04/2019 06:00:00,3.17050,01/05/2019 16:00:00,3.06050,@HG,-1,1,2750.00,2612.5000,-462.5000,
03/05/2019 11:00:00,3.08400,07/05/2019 06:00:00,3.05050,@HG,-1,1,837.50,1925.0000,-750.0000,
15/05/2019 13:00:00,3.01700,17/05/2019 08:00:00,2.99950,@HG,-1,1,437.50,762.5000,-650.0000,
24/05/2019 03:00:00,2.96050,28/05/2019 02:00:00,2.97500,@HG,-1,1,-362.50,200.0000,-575.0000,
28/05/2019 15:00:00,2.96500,30/05/2019 10:00:00,2.91400,@HG,-1,1,1275.00,1575.0000,0.0000,
04/06/2019 13:00:00,2.92750,06/06/2019 08:00:00,2.91150,@HG,-1,1,400.00,1037.5000,-312.5000,
10/06/2019 13:00:00,2.92800,12/06/2019 08:00:00,2.90700,@HG,-1,1,525.00,625.0000,-987.5000,
17/06/2019 12:00:00,2.91850,19/06/2019 07:00:00,2.96000,@HG,-1,1,-1037.50,237.5000,-1487.5000,
25/06/2019 05:00:00,2.98850,27/06/2019,2.98900,@HG,-1,1,-12.50,512.5000,-712.5000,
03/07/2019 20:00:00,2.95000,08/07/2019 02:00:00,2.92550,@HG,-1,1,612.50,987.5000,-75.0000,
08/07/2019 06:00:00,2.95050,10/07/2019 01:00:00,2.90100,@HG,-1,1,1237.50,1812.5000,-50.0000,
10/07/2019 07:00:00,2.92650,12/07/2019 02:00:00,2.96150,@HG,-1,1,-875.00,125.0000,-975.0000,
29/07/2019 12:00:00,2.98000,31/07/2019 07:00:00,2.95500,@HG,-1,1,625.00,1012.5000,-312.5000,
07/08/2019 15:00:00,2.84800,09/08/2019 10:00:00,2.87600,@HG,-1,1,-700.00,262.5000,-887.5000,
13/08/2019 11:00:00,2.88200,15/08/2019 06:00:00,2.85950,@HG,-1,1,562.50,937.5000,-637.5000,
20/08/2019 14:00:00,2.84450,22/08/2019 09:00:00,2.83050,@HG,-1,1,350.00,637.5000,-312.5000,
27/08/2019 09:00:00,2.82450,29/08/2019 04:00:00,2.81500,@HG,-1,1,237.50,462.5000,-312.5000,
04/09/2019 05:00:00,2.82900,06/09/2019,2.88900,@HG,-1,1,-1500.00,175.0000,-2012.5000,
20/09/2019 05:00:00,2.89000,24/09/2019,2.87400,@HG,-1,1,400.00,1425.0000,-112.5000,
30/09/2019,2.87550,01/10/2019 03:00:00,2.80150,@HG,-1,1,1850.00,1787.5000,-87.5000,
07/10/2019 10:00:00,2.83500,09/10/2019 05:00:00,2.83000,@HG,-1,1,125.00,325.0000,-675.0000,
23/10/2019 12:00:00,2.91500,25/10/2019 07:00:00,2.93300,@HG,-1,1,-450.00,0.0000,-625.0000,
04/11/2019 10:00:00,2.93350,06/11/2019 05:00:00,2.94750,@HG,-1,1,-350.00,425.0000,-1062.5000,
19/11/2019 10:00:00,2.91350,21/11/2019 05:00:00,2.88750,@HG,-1,1,650.00,687.5000,-325.0000,
22/11/2019 13:00:00,2.90500,26/11/2019 08:00:00,2.90450,@HG,-1,1,12.50,225.0000,-637.5000,
29/11/2019 03:00:00,2.91400,03/12/2019 01:00:00,2.89250,@HG,-1,1,537.50,662.5000,-137.5000,
04/12/2019 10:00:00,2.89000,06/12/2019 05:00:00,2.92250,@HG,-1,1,-812.50,25.0000,-825.0000,
23/12/2019 02:00:00,3.04150,26/12/2019,3.07750,@HG,-1,1,-900.00,87.5000,-1025.0000,
02/01/2020,3.06250,05/01/2020 19:00:00,3.00550,@HG,-1,1,1425.00,1562.5000,-187.5000,
08/01/2020 10:00:00,3.03950,10/01/2020 05:00:00,3.04450,@HG,-1,1,-125.00,250.0000,-500.0000,
04/02/2020 05:00:00,2.80800,06/02/2020,2.84750,@HG,-1,1,-987.50,875.0000,-1212.5000,
11/02/2020 03:00:00,2.82250,12/02/2020 22:00:00,2.83600,@HG,-1,1,-337.50,387.5000,-700.0000,
21/02/2020 13:00:00,2.84700,25/02/2020 08:00:00,2.81800,@HG,-1,1,725.00,1200.0000,-87.5000,
02/03/2020 05:00:00,2.82000,04/03/2020,2.82950,@HG,-1,1,-237.50,925.0000,-1037.5000,
13/03/2020 06:00:00,2.72150,17/03/2020 01:00:00,2.63200,@HG,-1,1,2237.50,3750.0000,-1175.0000,
24/03/2020 08:00:00,2.41150,26/03/2020 03:00:00,2.42100,@HG,-1,1,-237.50,637.5000,-1612.5000,
30/03/2020 23:00:00,2.42800,01/04/2020 17:00:00,2.40450,@HG,-1,1,587.50,925.0000,-1412.5000,
04/05/2020 22:00:00,2.57700,06/05/2020 16:00:00,2.58850,@HG,-1,1,-287.50,712.5000,-750.0000,
11/05/2020 11:00:00,2.62150,13/05/2020 06:00:00,2.59250,@HG,-1,1,725.00,1237.5000,-162.5000,
15/05/2020 04:00:00,2.60550,18/05/2020 23:00:00,2.65850,@HG,-1,1,-1325.00,887.5000,-1862.5000,
26/05/2020 04:00:00,2.65950,27/05/2020 23:00:00,2.63900,@HG,-1,1,512.50,1487.5000,-525.0000,
29/05/2020 13:00:00,2.66500,02/06/2020 08:00:00,2.72200,@HG,-1,1,-1425.00,237.5000,-1525.0000,
05/06/2020 03:00:00,2.74900,08/06/2020 22:00:00,2.82500,@HG,-1,1,-1900.00,12.5000,-2000.0000,
06/07/2020 09:00:00,2.99000,08/07/2020 04:00:00,3.02200,@HG,-1,1,-800.00,437.5000,-1037.5000,
20/07/2020 12:00:00,3.16300,22/07/2020 07:00:00,3.15350,@HG,-1,1,237.50,875.0000,-1137.5000,
27/07/2020 23:00:00,3.15250,29/07/2020 17:00:00,3.15300,@HG,-1,1,-12.50,1175.0000,-437.5000,
29/07/2020 20:00:00,3.15800,31/07/2020 14:00:00,3.09550,@HG,-1,1,1562.50,1700.0000,-62.5000,
05/08/2020 08:00:00,3.15900,07/08/2020 03:00:00,3.10900,@HG,-1,1,1250.00,1512.5000,-175.0000,
12/08/2020 12:00:00,3.12450,13/08/2020 15:00:00,3.00200,@HG,-1,1,3062.50,2550.0000,-112.5000,
17/08/2020 09:00:00,3.11500,18/08/2020 22:00:00,3.23900,@HG,-1,1,-3100.00,137.5000,-3012.5000,
26/08/2020 05:00:00,3.17500,28/08/2020,3.21900,@HG,-1,1,-1100.00,300.0000,-1125.0000,
04/09/2020 14:00:00,3.26750,08/09/2020 13:00:00,3.21750,@HG,-1,1,1250.00,1575.0000,-687.5000,
14/09/2020,3.26450,15/09/2020 19:00:00,3.26350,@HG,-1,1,25.00,737.5000,-825.0000,
18/09/2020 01:00:00,3.29950,21/09/2020 20:00:00,3.24250,@HG,-1,1,1425.00,1987.5000,-700.0000,
30/09/2020,3.20950,01/10/2020 19:00:00,3.08400,@HG,-1,1,3137.50,3725.0000,-1087.5000,
02/10/2020 12:00:00,3.17950,06/10/2020 07:00:00,3.16950,@HG,-1,1,250.00,1025.0000,-337.5000,
06/10/2020 10:00:00,3.17400,08/10/2020 05:00:00,3.22800,@HG,-1,1,-1350.00,1175.0000,-2187.5000,
02/11/2020 10:00:00,3.28550,04/11/2020 05:00:00,3.25550,@HG,-1,1,750.00,1262.5000,-1100.0000,
06/11/2020 05:00:00,3.34700,10/11/2020,3.34250,@HG,-1,1,112.50,225.0000,-1687.5000,
13/11/2020 10:00:00,3.37700,17/11/2020 05:00:00,3.43450,@HG,-1,1,-1437.50,100.0000,-2300.0000,
20/11/2020 01:00:00,3.42600,23/11/2020 20:00:00,3.47500,@HG,-1,1,-1225.00,62.5000,-2050.0000,
09/12/2020 03:00:00,3.70550,10/12/2020 22:00:00,3.79100,@HG,-1,1,-2137.50,1737.5000,-2625.0000,
27/12/2020 21:00:00,3.76850,29/12/2020 15:00:00,3.73650,@HG,-1,1,800.00,887.5000,-887.5000,
03/01/2021 23:00:00,3.75700,05/01/2021 17:00:00,3.83750,@HG,-1,1,-2012.50,700.0000,-2300.0000,
20/01/2021 05:00:00,3.83900,22/01/2021,3.80400,@HG,-1,1,875.00,1187.5000,-512.5000,
29/01/2021 10:00:00,3.78700,02/02/2021 05:00:00,3.70500,@HG,-1,1,2050.00,2300.0000,-200.0000,
03/02/2021 11:00:00,3.75300,05/02/2021 06:00:00,3.77900,@HG,-1,1,-650.00,750.0000,-900.0000,
14/02/2021 20:00:00,3.98650,16/02/2021 19:00:00,4.02150,@HG,-1,1,-875.00,25.0000,-1112.5000,
02/03/2021 11:00:00,4.34050,04/03/2021 06:00:00,4.15400,@HG,-1,1,4662.50,5800.0000,-1600.0000,
17/03/2021 16:00:00,4.32750,19/03/2021 11:00:00,4.23500,@HG,-1,1,2312.50,3500.0000,-162.5000,
22/03/2021 22:00:00,4.32550,24/03/2021 16:00:00,4.20650,@HG,-1,1,2975.00,3312.5000,-112.5000,
26/03/2021 13:00:00,4.23900,30/03/2021 08:00:00,4.17150,@HG,-1,1,1687.50,1962.5000,-525.0000,
04/04/2021 20:00:00,4.21650,06/04/2021 14:00:00,4.29450,@HG,-1,1,-1950.00,50.0000,-3012.5000,
13/04/2021 10:00:00,4.22450,15/04/2021 05:00:00,4.33850,@HG,-1,1,-2850.00,612.5000,-3012.5000,
04/05/2021 19:00:00,4.73550,06/05/2021 13:00:00,4.77350,@HG,-1,1,-950.00,1387.5000,-1150.0000,
17/05/2021 22:00:00,4.91750,19/05/2021 16:00:00,4.73950,@HG,-1,1,4450.00,5237.5000,-1100.0000,
25/05/2021,4.75250,26/05/2021 19:00:00,4.70450,@HG,-1,1,1200.00,2050.0000,-212.5000,
08/06/2021 14:00:00,4.73400,10/06/2021 09:00:00,4.63500,@HG,-1,1,2475.00,2825.0000,-112.5000,
11/06/2021 05:00:00,4.71500,14/06/2021 22:00:00,4.57400,@HG,-1,1,3525.00,2337.5000,-1487.5000,
22/06/2021 11:00:00,4.40400,24/06/2021 06:00:00,4.46350,@HG,-1,1,-1487.50,50.0000,-2950.0000,
28/06/2021 03:00:00,4.45050,29/06/2021 22:00:00,4.45000,@HG,-1,1,12.50,1637.5000,-1000.0000,
30/06/2021 08:00:00,4.48600,02/07/2021 03:00:00,4.43200,@HG,-1,1,1350.00,1937.5000,-775.0000,
09/07/2021 07:00:00,4.53600,13/07/2021 02:00:00,4.50950,@HG,-1,1,662.50,1837.5000,-375.0000,
06/08/2021 03:00:00,4.56750,09/08/2021 22:00:00,4.48000,@HG,-1,1,2187.50,3550.0000,-900.0000,
10/08/2021 12:00:00,4.53500,12/08/2021 07:00:00,4.58400,@HG,-1,1,-1225.00,875.0000,-1575.0000,
20/08/2021 17:00:00,4.32800,24/08/2021 10:00:00,4.45600,@HG,-1,1,-3200.00,425.0000,-3100.0000,
03/09/2021 10:00:00,4.50800,07/09/2021 09:00:00,4.44000,@HG,-1,1,1700.00,2075.0000,-325.0000,
15/09/2021 11:00:00,4.56550,17/09/2021 06:00:00,4.50700,@HG,-1,1,1462.50,3487.5000,-675.0000,
21/09/2021 23:00:00,4.38050,23/09/2021 17:00:00,4.39800,@HG,-1,1,-437.50,400.0000,-1937.5000,
01/10/2021 09:00:00,4.35400,05/10/2021 04:00:00,4.36650,@HG,-1,1,-312.50,1200.0000,-2975.0000,
03/11/2021 04:00:00,4.61250,04/11/2021 23:00:00,4.49200,@HG,-1,1,3012.50,4112.5000,-200.0000,
08/11/2021 12:00:00,4.57100,10/11/2021 07:00:00,4.54850,@HG,-1,1,562.50,1587.5000,-1162.5000,
12/11/2021 13:00:00,4.61900,16/11/2021 08:00:00,4.56900,@HG,-1,1,1250.00,1775.0000,-1000.0000,
06/12/2021 15:00:00,4.50300,08/12/2021 10:00:00,4.49850,@HG,-1,1,112.50,1050.0000,-1200.0000,
17/12/2021 03:00:00,4.46750,20/12/2021 22:00:00,4.47050,@HG,-1,1,-75.00,1925.0000,-550.0000,
21/12/2021 04:00:00,4.49800,22/12/2021 23:00:00,4.54550,@HG,-1,1,-1187.50,637.5000,-1375.0000,
04/01/2022 14:00:00,4.63500,06/01/2022 09:00:00,4.51450,@HG,-1,1,3012.50,4075.0000,-12.5000,
10/01/2022 06:00:00,4.56600,12/01/2022 01:00:00,4.61800,@HG,-1,1,-1300.00,1925.0000,-1512.5000,
19/01/2022 10:00:00,4.63800,21/01/2022 05:00:00,4.68600,@HG,-1,1,-1200.00,887.5000,-2662.5000,
26/01/2022 04:00:00,4.65750,27/01/2022 23:00:00,4.60700,@HG,-1,1,1262.50,2500.0000,-887.5000,
01/02/2022 09:00:00,4.54800,03/02/2022 04:00:00,4.63650,@HG,-1,1,-2212.50,0.0000,-2987.5000,
09/02/2022 10:00:00,4.68700,10/02/2022 04:00:00,4.81500,@HG,-1,1,-3200.00,25.0000,-3150.0000,
16/02/2022 04:00:00,4.72700,17/02/2022 23:00:00,4.69350,@HG,-1,1,837.50,2575.0000,-525.0000,
11/03/2022 04:00:00,4.84650,14/03/2022 23:00:00,4.65450,@HG,-1,1,4800.00,5187.5000,-487.5000,
16/03/2022 03:00:00,4.72700,17/03/2022 12:00:00,4.85500,@HG,-1,1,-3200.00,587.5000,-3162.5000,
29/03/2022 17:00:00,4.90750,31/03/2022 12:00:00,4.88750,@HG,-1,1,500.00,1212.5000,-1862.5000,
04/04/2022 10:00:00,4.92650,06/04/2022 05:00:00,4.91250,@HG,-1,1,350.00,925.0000,-2187.5000,
06/04/2022 23:00:00,4.87200,08/04/2022 17:00:00,4.87600,@HG,-1,1,-100.00,1075.0000,-1187.5000,
12/04/2022 13:00:00,4.86600,14/04/2022 08:00:00,4.87750,@HG,-1,1,-287.50,937.5000,-1100.0000,
04/05/2022 16:00:00,4.49450,06/05/2022 11:00:00,4.37250,@HG,-1,1,3050.00,3150.0000,-1912.5000,
13/05/2022 14:00:00,4.30700,17/05/2022 09:00:00,4.40150,@HG,-1,1,-2362.50,1062.5000,-2525.0000,
27/05/2022 16:00:00,4.45200,31/05/2022 13:00:00,4.43350,@HG,-1,1,462.50,950.0000,-1137.5000,
01/06/2022 10:00:00,4.47200,02/06/2022 07:00:00,4.60000,@HG,-1,1,-3200.00,875.0000,-3087.5000,
07/06/2022 17:00:00,4.58600,09/06/2022 12:00:00,4.50550,@HG,-1,1,2012.50,2237.5000,-62.5000,
21/06/2022 12:00:00,4.19300,22/06/2022 22:00:00,3.98550,@HG,-1,1,5187.50,4750.0000,-137.5000,
28/06/2022 04:00:00,3.95200,29/06/2022 23:00:00,3.91000,@HG,-1,1,1050.00,2912.5000,-637.5000,
08/07/2022 12:00:00,3.65900,12/07/2022 07:00:00,3.48250,@HG,-1,1,4412.50,4537.5000,-87.5000,
18/07/2022 01:00:00,3.42950,19/07/2022 20:00:00,3.42950,@HG,-1,1,0.00,1225.0000,-1725.0000,
05/08/2022 03:00:00,3.66250,08/08/2022 22:00:00,3.71650,@HG,-1,1,-1350.00,1200.0000,-2187.5000,
19/08/2022 07:00:00,3.79900,23/08/2022 02:00:00,3.78600,@HG,-1,1,325.00,1687.5000,-412.5000,
05/09/2022 19:00:00,3.58350,07/09/2022 13:00:00,3.56050,@HG,-1,1,575.00,1325.0000,-1100.0000,
16/09/2022 15:00:00,3.65500,20/09/2022 10:00:00,3.62950,@HG,-1,1,637.50,1325.0000,-762.5000,
22/09/2022,3.59350,25/09/2022 19:00:00,3.47800,@HG,-1,1,2887.50,3475.0000,-1400.0000,
28/09/2022 13:00:00,3.48250,30/09/2022 08:00:00,3.57050,@HG,-1,1,-2200.00,1237.5000,-2987.5000,
10/10/2022 10:00:00,3.58100,12/10/2022 05:00:00,3.55500,@HG,-1,1,650.00,1750.0000,-587.5000,
12/10/2022 07:00:00,3.57450,14/10/2022 02:00:00,3.60600,@HG,-1,1,-787.50,2325.0000,-1350.0000,
26/10/2022 06:00:00,3.58800,28/10/2022 01:00:00,3.62050,@HG,-1,1,-812.50,237.5000,-2400.0000,
01/11/2022 03:00:00,3.57400,02/11/2022 22:00:00,3.56050,@HG,-1,1,337.50,512.5000,-1737.5000,
04/11/2022 03:00:00,3.64200,04/11/2022 09:00:00,3.77000,@HG,-1,1,-3200.00,612.5000,-3137.5000,
22/11/2022 10:00:00,3.77900,24/11/2022 05:00:00,3.76100,@HG,-1,1,450.00,1512.5000,-587.5000,
25/11/2022 06:00:00,3.79150,29/11/2022 04:00:00,3.78800,@HG,-1,1,87.50,3000.0000,-612.5000,
07/12/2022 14:00:00,3.98150,09/12/2022 09:00:00,4.00050,@HG,-1,1,-475.00,600.0000,-1687.5000,
13/12/2022 10:00:00,4.03300,15/12/2022 05:00:00,3.93100,@HG,-1,1,2550.00,2662.5000,-512.5000,
20/12/2022 12:00:00,3.92900,22/12/2022 07:00:00,3.93150,@HG,-1,1,-62.50,425.0000,-1112.5000,
26/12/2022 20:00:00,3.98200,28/12/2022 14:00:00,3.96600,@HG,-1,1,400.00,912.5000,-2100.0000,
17/01/2023 11:00:00,4.32300,18/01/2023 09:00:00,4.45100,@HG,-1,1,-3200.00,575.0000,-3037.5000,
08/02/2023 04:00:00,4.23150,09/02/2023 23:00:00,4.17600,@HG,-1,1,1387.50,2275.0000,-337.5000,
12/02/2023 22:00:00,4.13950,14/02/2023 16:00:00,4.21650,@HG,-1,1,-1925.00,200.0000,-2400.0000,
28/02/2023 06:00:00,4.16050,01/03/2023 13:00:00,4.28850,@HG,-1,1,-3200.00,150.0000,-3187.5000,
08/03/2023 11:00:00,4.17800,10/03/2023 06:00:00,4.13150,@HG,-1,1,1162.50,2087.5000,-550.0000,
17/03/2023 07:00:00,4.07150,21/03/2023 02:00:00,4.05950,@HG,-1,1,300.00,2225.0000,-650.0000,
21/03/2023 05:00:00,4.07300,22/03/2023 15:00:00,4.20100,@HG,-1,1,-3200.00,62.5000,-3075.0000,
10/04/2023 09:00:00,4.16100,12/04/2023 04:00:00,4.14500,@HG,-1,1,400.00,1762.5000,-512.5000,
12/04/2023 12:00:00,4.16450,13/04/2023 23:00:00,4.29250,@HG,-1,1,-3200.00,150.0000,-3062.5000,
03/05/2023 23:00:00,4.00400,05/05/2023 17:00:00,4.00400,@HG,-1,1,0.00,1712.5000,-350.0000,
15/05/2023 06:00:00,3.87700,17/05/2023 01:00:00,3.79200,@HG,-1,1,2125.00,2850.0000,-262.5000,
17/05/2023 11:00:00,3.85800,19/05/2023 06:00:00,3.85600,@HG,-1,1,50.00,1775.0000,-425.0000,
26/05/2023 03:00:00,3.74450,30/05/2023,3.77900,@HG,-1,1,-862.50,75.0000,-1925.0000,
21/06/2023,4.00450,22/06/2023 19:00:00,4.00100,@HG,-1,1,87.50,1237.5000,-1825.0000,
30/06/2023 12:00:00,3.83850,04/07/2023 07:00:00,3.87750,@HG,-1,1,-975.00,37.5000,-1587.5000,
07/07/2023 11:00:00,3.86800,11/07/2023 06:00:00,3.88600,@HG,-1,1,-450.00,825.0000,-1175.0000,
24/07/2023 13:00:00,3.95150,26/07/2023 08:00:00,3.98400,@HG,-1,1,-812.50,387.5000,-2062.5000,
30/07/2023 20:00:00,4.03700,01/08/2023 14:00:00,4.00150,@HG,-1,1,887.50,1012.5000,-1987.5000,
27/08/2023 23:00:00,3.87250,29/08/2023 17:00:00,3.89650,@HG,-1,1,-600.00,737.5000,-712.5000,
11/09/2023 02:00:00,3.81450,12/09/2023 21:00:00,3.84650,@HG,-1,1,-800.00,25.0000,-1387.5000,
20/09/2023 09:00:00,3.83200,21/09/2023 09:00:00,3.69900,@HG,-1,1,3325.00,3100.0000,-350.0000,
06/10/2023 05:00:00,3.66200,10/10/2023,3.69850,@HG,-1,1,-912.50,750.0000,-1725.0000,
18/10/2023,3.66950,19/10/2023 19:00:00,3.64150,@HG,-1,1,700.00,1162.5000,-437.5000,
23/10/2023 14:00:00,3.64350,25/10/2023 09:00:00,3.66450,@HG,-1,1,-525.00,612.5000,-1550.0000,
13/11/2023 06:00:00,3.68450,15/11/2023 01:00:00,3.74350,@HG,-1,1,-1475.00,300.0000,-2275.0000,
26/11/2023 20:00:00,3.84600,28/11/2023 14:00:00,3.85350,@HG,-1,1,-187.50,1137.5000,-600.0000,
08/12/2023 06:00:00,3.84200,12/12/2023 01:00:00,3.80850,@HG,-1,1,837.50,1300.0000,-912.5000,
13/12/2023 16:00:00,3.84300,15/12/2023 11:00:00,3.89050,@HG,-1,1,-1187.50,62.5000,-2200.0000,
19/12/2023 10:00:00,3.91100,21/12/2023 05:00:00,3.91050,@HG,-1,1,12.50,437.5000,-1212.5000,
19/01/2024 04:00:00,3.77900,22/01/2024 23:00:00,3.78300,@HG,-1,1,-100.00,512.5000,-687.5000,
12/02/2024 13:00:00,3.72950,14/02/2024 08:00:00,3.73100,@HG,-1,1,-37.50,637.5000,-987.5000,
