06/01/2011 17:15:00,3245.00000,12/01/2011 22:15:00,3272.75000,@NQ,1,1,555.00,620.0000,-475.0000,
13/01/2011 17:15:00,3279.25000,20/01/2011 03:30:00,3264.50000,@NQ,1,1,-295.00,730.0000,-495.0000,
25/01/2011 15:15:00,3270.25000,31/01/2011 21:30:00,3259.50000,@NQ,1,1,-215.00,670.0000,-1050.0000,
04/02/2011 07:45:00,3300.25000,10/02/2011 12:30:00,3330.75000,@NQ,1,1,610.00,690.0000,-290.0000,
15/02/2011 20:30:00,3355.75000,22/02/2011 06:45:00,3330.25000,@NQ,1,1,-510.00,330.0000,-700.0000,
28/02/2011 17:15:00,3322.25000,06/03/2011 22:15:00,3317.75000,@NQ,1,1,-90.00,515.0000,-1025.0000,
29/03/2011 23:15:00,3300.25000,05/04/2011 04:15:00,3293.00000,@NQ,1,1,-145.00,585.0000,-210.0000,
13/04/2011 05:15:00,3278.00000,19/04/2011 10:15:00,3258.25000,@NQ,1,1,-395.00,260.0000,-1125.0000,
26/04/2011 03:30:00,3354.50000,02/05/2011 08:30:00,3382.50000,@NQ,1,1,560.00,900.0000,-45.0000,
10/05/2011 05:45:00,3370.25000,16/05/2011 10:45:00,3337.00000,@NQ,1,1,-665.00,330.0000,-785.0000,
17/05/2011 20:45:00,3319.50000,24/05/2011 01:30:00,3287.25000,@NQ,1,1,-645.00,505.0000,-875.0000,
26/05/2011 17:15:00,3299.00000,02/06/2011 03:15:00,3293.50000,@NQ,1,1,-110.00,1065.0000,-275.0000,
29/06/2011 17:15:00,3267.75000,06/07/2011 03:30:00,3338.00000,@NQ,1,1,1405.00,1755.0000,-100.0000,
06/07/2011 11:00:00,3349.00000,12/07/2011 17:15:00,3317.50000,@NQ,1,1,-630.00,960.0000,-865.0000,
25/07/2011 12:00:00,3408.25000,28/07/2011 21:45:00,3320.75000,@NQ,1,1,-1750.00,50.0000,-1545.0000,
31/07/2011 17:30:00,3364.75000,02/08/2011 14:30:00,3277.25000,@NQ,1,1,-1750.00,110.0000,-1735.0000,
15/09/2011 17:15:00,3268.50000,21/09/2011 22:15:00,3213.00000,@NQ,1,1,-1110.00,885.0000,-1120.0000,
10/10/2011 17:15:00,3253.75000,16/10/2011 22:15:00,3356.25000,@NQ,1,1,2050.00,2125.0000,-225.0000,
16/10/2011 22:30:00,3357.25000,20/10/2011 10:15:00,3269.75000,@NQ,1,1,-1750.00,230.0000,-1685.0000,
24/10/2011 01:30:00,3326.75000,28/10/2011 06:00:00,3360.75000,@NQ,1,1,680.00,1245.0000,-1195.0000,
03/11/2011 08:15:00,3314.00000,09/11/2011 13:15:00,3306.00000,@NQ,1,1,-160.00,1315.0000,-545.0000,
15/11/2011 13:30:00,3347.50000,17/11/2011 11:30:00,3260.00000,@NQ,1,1,-1750.00,140.0000,-1675.0000,
01/12/2011 17:15:00,3290.00000,07/12/2011 22:30:00,3306.00000,@NQ,1,1,320.00,700.0000,-365.0000,
27/12/2011 07:30:00,3268.50000,04/01/2012 01:45:00,3294.25000,@NQ,1,1,515.00,875.0000,-615.0000,
04/01/2012 17:15:00,3312.00000,11/01/2012 07:30:00,3343.25000,@NQ,1,1,625.00,1005.0000,-375.0000,
12/01/2012 04:15:00,3360.00000,18/01/2012 14:30:00,3405.50000,@NQ,1,1,910.00,940.0000,-550.0000,
19/01/2012 17:15:00,3413.00000,25/01/2012 22:15:00,3441.50000,@NQ,1,1,570.00,800.0000,-190.0000,
30/01/2012 19:00:00,3452.00000,06/02/2012,3502.00000,@NQ,1,1,1000.00,1240.0000,-385.0000,
06/02/2012 17:30:00,3511.25000,12/02/2012 22:30:00,3545.00000,@NQ,1,1,675.00,755.0000,-310.0000,
13/02/2012 17:15:00,3551.25000,19/02/2012 22:00:00,3581.00000,@NQ,1,1,595.00,665.0000,-490.0000,
23/02/2012 15:45:00,3584.25000,29/02/2012 21:45:00,3607.75000,@NQ,1,1,470.00,900.0000,-430.0000,
01/03/2012 16:00:00,3631.75000,07/03/2012 22:15:00,3596.50000,@NQ,1,1,-705.00,45.0000,-1455.0000,
08/03/2012 03:00:00,3599.75000,14/03/2012 08:00:00,3682.00000,@NQ,1,1,1645.00,1775.0000,-30.0000,
14/03/2012 17:15:00,3688.25000,20/03/2012 22:15:00,3732.50000,@NQ,1,1,885.00,905.0000,-35.0000,
02/04/2012 11:15:00,3765.50000,09/04/2012 00:45:00,3716.25000,@NQ,1,1,-985.00,310.0000,-1140.0000,
12/04/2012 09:45:00,3716.75000,18/04/2012 14:45:00,3706.25000,@NQ,1,1,-210.00,310.0000,-1460.0000,
19/04/2012 10:00:00,3721.50000,23/04/2012 08:45:00,3634.00000,@NQ,1,1,-1750.00,10.0000,-1710.0000,
25/04/2012 17:15:00,3695.00000,01/05/2012 22:15:00,3710.00000,@NQ,1,1,300.00,950.0000,-210.0000,
03/05/2012 05:45:00,3722.25000,04/05/2012 10:45:00,3634.75000,@NQ,1,1,-1750.00,110.0000,-1730.0000,
15/05/2012 11:30:00,3605.25000,17/05/2012 11:15:00,3517.75000,@NQ,1,1,-1750.00,10.0000,-1730.0000,
24/05/2012 05:45:00,3542.75000,30/05/2012 20:45:00,3516.75000,@NQ,1,1,-520.00,335.0000,-860.0000,
13/06/2012 10:00:00,3545.50000,19/06/2012 15:00:00,3613.00000,@NQ,1,1,1350.00,1520.0000,-820.0000,
27/06/2012 01:15:00,3548.00000,03/07/2012 06:15:00,3611.75000,@NQ,1,1,1275.00,1400.0000,-980.0000,
03/07/2012 09:00:00,3616.00000,09/07/2012 23:30:00,3592.50000,@NQ,1,1,-470.00,705.0000,-600.0000,
10/07/2012 05:45:00,3611.75000,12/07/2012 08:45:00,3524.25000,@NQ,1,1,-1750.00,185.0000,-1590.0000,
13/07/2012 11:15:00,3566.50000,19/07/2012 17:30:00,3649.50000,@NQ,1,1,1660.00,1740.0000,-460.0000,
01/08/2012 07:45:00,3649.25000,07/08/2012 12:45:00,3715.00000,@NQ,1,1,1315.00,1385.0000,-1075.0000,
07/08/2012 17:15:00,3703.50000,13/08/2012 22:15:00,3730.50000,@NQ,1,1,540.00,595.0000,-145.0000,
13/08/2012 22:30:00,3729.50000,20/08/2012 03:30:00,3773.25000,@NQ,1,1,875.00,930.0000,-310.0000,
20/08/2012 05:15:00,3776.00000,24/08/2012 13:00:00,3778.00000,@NQ,1,1,40.00,440.0000,-600.0000,
06/09/2012 03:15:00,3777.75000,12/09/2012 08:15:00,3789.00000,@NQ,1,1,225.00,1080.0000,-160.0000,
13/09/2012 12:00:00,3810.50000,19/09/2012 18:15:00,3859.75000,@NQ,1,1,985.00,1160.0000,-105.0000,
20/09/2012 19:30:00,3861.50000,26/09/2012 09:30:00,3774.00000,@NQ,1,1,-1750.00,250.0000,-1680.0000,
01/10/2012 09:30:00,3822.00000,05/10/2012 14:00:00,3818.25000,@NQ,1,1,-75.00,420.0000,-945.0000,
15/10/2012 04:45:00,3731.25000,19/10/2012 09:15:00,3725.00000,@NQ,1,1,-125.00,995.0000,-445.0000,
22/10/2012 18:45:00,3696.00000,25/10/2012 15:45:00,3608.50000,@NQ,1,1,-1750.00,30.0000,-1630.0000,
06/11/2012 17:15:00,3678.25000,08/11/2012 12:00:00,3590.75000,@NQ,1,1,-1750.00,240.0000,-1740.0000,
26/11/2012 17:15:00,3650.75000,02/12/2012 21:45:00,3689.00000,@NQ,1,1,765.00,825.0000,-740.0000,
03/12/2012 06:45:00,3693.25000,07/12/2012 11:00:00,3643.25000,@NQ,1,1,-1000.00,150.0000,-1370.0000,
11/12/2012 17:15:00,3688.50000,17/12/2012 22:00:00,3681.50000,@NQ,1,1,-140.00,195.0000,-1435.0000,
08/01/2013 09:00:00,3732.00000,14/01/2013 13:30:00,3739.00000,@NQ,1,1,140.00,515.0000,-520.0000,
17/01/2013 08:00:00,3747.75000,23/01/2013 18:30:00,3721.00000,@NQ,1,1,-535.00,570.0000,-650.0000,
30/01/2013 03:45:00,3754.75000,05/02/2013 08:15:00,3731.50000,@NQ,1,1,-465.00,335.0000,-765.0000,
10/02/2013 17:15:00,3778.75000,15/02/2013 01:15:00,3773.25000,@NQ,1,1,-110.00,210.0000,-305.0000,
19/02/2013 03:45:00,3773.25000,25/02/2013 08:15:00,3760.75000,@NQ,1,1,-250.00,415.0000,-1325.0000,
27/02/2013 09:30:00,3726.00000,05/03/2013 14:00:00,3800.75000,@NQ,1,1,1495.00,1705.0000,-135.0000,
05/03/2013 17:15:00,3808.25000,11/03/2013 23:15:00,3814.50000,@NQ,1,1,125.00,410.0000,-245.0000,
24/03/2013 17:15:00,3805.25000,31/03/2013 21:45:00,3821.50000,@NQ,1,1,325.00,430.0000,-450.0000,
01/04/2013 07:00:00,3827.25000,05/04/2013 11:30:00,3764.25000,@NQ,1,1,-1260.00,150.0000,-1560.0000,
08/04/2013 17:15:00,3796.50000,14/04/2013 21:30:00,3853.25000,@NQ,1,1,1135.00,1475.0000,-235.0000,
21/04/2013 20:15:00,3792.25000,26/04/2013 00:30:00,3849.25000,@NQ,1,1,1140.00,1480.0000,-155.0000,
29/04/2013 09:00:00,3858.75000,03/05/2013 13:30:00,3953.50000,@NQ,1,1,1895.00,2015.0000,-15.0000,
06/05/2013 17:15:00,3959.25000,12/05/2013 21:45:00,3980.25000,@NQ,1,1,420.00,615.0000,-205.0000,
15/05/2013 17:15:00,4016.00000,21/05/2013 21:45:00,4034.25000,@NQ,1,1,365.00,650.0000,-165.0000,
27/05/2013 19:45:00,4017.75000,03/06/2013 00:15:00,3997.75000,@NQ,1,1,-400.00,615.0000,-585.0000,
07/06/2013 07:45:00,3966.50000,13/06/2013 13:00:00,3953.50000,@NQ,1,1,-260.00,985.0000,-1130.0000,
18/06/2013 17:15:00,4010.50000,20/06/2013 10:15:00,3923.00000,@NQ,1,1,-1750.00,115.0000,-1680.0000,
26/06/2013 05:15:00,3892.00000,02/07/2013 09:45:00,3952.75000,@NQ,1,1,1215.00,1440.0000,-50.0000,
03/07/2013 11:15:00,3960.50000,10/07/2013 01:45:00,3993.00000,@NQ,1,1,650.00,835.0000,-310.0000,
10/07/2013 09:15:00,4004.50000,16/07/2013 13:45:00,4087.75000,@NQ,1,1,1665.00,1860.0000,-155.0000,
17/07/2013 08:45:00,4098.00000,23/07/2013 13:00:00,4058.00000,@NQ,1,1,-800.00,125.0000,-1005.0000,
30/07/2013 09:45:00,4100.50000,05/08/2013 14:00:00,4150.25000,@NQ,1,1,995.00,1140.0000,-260.0000,
07/08/2013 19:15:00,4137.50000,13/08/2013 23:45:00,4153.00000,@NQ,1,1,310.00,555.0000,-520.0000,
19/08/2013 09:15:00,4108.75000,23/08/2013 13:30:00,4136.75000,@NQ,1,1,560.00,710.0000,-720.0000,
25/08/2013 17:15:00,4137.50000,29/08/2013 21:45:00,4110.75000,@NQ,1,1,-535.00,540.0000,-1355.0000,
06/09/2013 07:30:00,4157.25000,12/09/2013 12:15:00,4196.00000,@NQ,1,1,775.00,995.0000,-870.0000,
15/09/2013 17:30:00,4229.00000,19/09/2013 22:00:00,4252.25000,@NQ,1,1,465.00,655.0000,-975.0000,
20/09/2013 08:45:00,4262.50000,26/09/2013 13:15:00,4250.75000,@NQ,1,1,-235.00,60.0000,-855.0000,
10/10/2013 08:15:00,4189.50000,16/10/2013 12:45:00,4295.75000,@NQ,1,1,2125.00,2220.0000,-5.0000,
16/10/2013 13:00:00,4296.00000,22/10/2013 18:45:00,4377.50000,@NQ,1,1,1630.00,2105.0000,-335.0000,
24/10/2013 01:30:00,4382.50000,30/10/2013 06:00:00,4422.75000,@NQ,1,1,805.00,830.0000,-460.0000,
30/10/2013 06:15:00,4422.50000,05/11/2013 10:30:00,4401.00000,@NQ,1,1,-430.00,65.0000,-855.0000,
05/11/2013 14:00:00,4412.25000,11/11/2013 19:45:00,4380.00000,@NQ,1,1,-645.00,195.0000,-1565.0000,
13/11/2013 11:45:00,4401.25000,19/11/2013 17:15:00,4399.75000,@NQ,1,1,-30.00,970.0000,-130.0000,
24/11/2013 17:15:00,4446.50000,29/11/2013 02:45:00,4506.75000,@NQ,1,1,1205.00,1240.0000,-45.0000,
29/11/2013 04:00:00,4508.75000,05/12/2013 12:00:00,4507.00000,@NQ,1,1,-35.00,330.0000,-630.0000,
09/12/2013 17:15:00,4543.25000,15/12/2013 21:45:00,4465.50000,@NQ,1,1,-1555.00,100.0000,-1695.0000,
18/12/2013 14:30:00,4516.25000,26/12/2013 11:15:00,4607.00000,@NQ,1,1,1815.00,1875.0000,-185.0000,
26/12/2013 11:30:00,4607.00000,03/01/2014 05:45:00,4588.25000,@NQ,1,1,-375.00,335.0000,-640.0000,
08/01/2014 17:15:00,4591.75000,14/01/2014 21:30:00,4601.00000,@NQ,1,1,185.00,285.0000,-1405.0000,
15/01/2014 17:15:00,4627.50000,22/01/2014 03:00:00,4643.25000,@NQ,1,1,315.00,450.0000,-485.0000,
22/01/2014 03:15:00,4641.50000,26/01/2014 17:15:00,4554.00000,@NQ,1,1,-1750.00,455.0000,-1695.0000,
06/02/2014 04:15:00,4493.25000,12/02/2014 08:45:00,4654.25000,@NQ,1,1,3220.00,3235.0000,-265.0000,
12/02/2014 09:00:00,4658.50000,18/02/2014 19:45:00,4700.75000,@NQ,1,1,845.00,1105.0000,-655.0000,
26/02/2014 01:00:00,4727.00000,04/03/2014 05:30:00,4741.75000,@NQ,1,1,295.00,490.0000,-1220.0000,
05/03/2014 17:15:00,4760.50000,11/03/2014 21:30:00,4713.25000,@NQ,1,1,-945.00,180.0000,-1010.0000,
28/03/2014 09:00:00,4625.00000,03/04/2014 13:30:00,4661.75000,@NQ,1,1,735.00,1600.0000,-750.0000,
16/04/2014 17:15:00,4541.50000,23/04/2014 21:45:00,4626.50000,@NQ,1,1,1700.00,1805.0000,-260.0000,
30/04/2014 14:15:00,4608.50000,06/05/2014 19:45:00,4583.25000,@NQ,1,1,-505.00,660.0000,-515.0000,
11/05/2014 17:45:00,4590.00000,15/05/2014 22:00:00,4598.75000,@NQ,1,1,175.00,1405.0000,-275.0000,
18/05/2014 18:00:00,4626.25000,22/05/2014 22:30:00,4688.00000,@NQ,1,1,1235.00,1390.0000,-495.0000,
23/05/2014 10:45:00,4696.75000,29/05/2014 20:15:00,4769.50000,@NQ,1,1,1455.00,1530.0000,0.0000,
30/05/2014 10:30:00,4775.00000,05/06/2014 15:00:00,4810.25000,@NQ,1,1,705.00,860.0000,-635.0000,
08/06/2014 17:15:00,4836.00000,12/06/2014 21:45:00,4808.00000,@NQ,1,1,-560.00,125.0000,-970.0000,
18/06/2014 14:30:00,4829.50000,24/06/2014 20:15:00,4836.75000,@NQ,1,1,145.00,825.0000,-250.0000,
30/06/2014 17:15:00,4889.75000,07/07/2014 05:00:00,4953.25000,@NQ,1,1,1270.00,1420.0000,-45.0000,
14/07/2014 17:15:00,4965.25000,20/07/2014 21:30:00,4971.50000,@NQ,1,1,125.00,370.0000,-1370.0000,
22/07/2014 04:15:00,4978.25000,28/07/2014 08:45:00,5004.00000,@NQ,1,1,515.00,1115.0000,-15.0000,
30/07/2014 09:00:00,5023.50000,31/07/2014 11:00:00,4936.00000,@NQ,1,1,-1750.00,45.0000,-1630.0000,
11/08/2014 17:15:00,4950.25000,17/08/2014 21:45:00,5038.50000,@NQ,1,1,1765.00,1880.0000,-485.0000,
19/08/2014 17:15:00,5079.25000,26/08/2014 01:30:00,5105.25000,@NQ,1,1,520.00,840.0000,-155.0000,
27/08/2014 02:30:00,5119.25000,02/09/2014 10:45:00,5132.25000,@NQ,1,1,260.00,390.0000,-440.0000,
02/09/2014 11:00:00,5133.25000,08/09/2014 15:00:00,5136.25000,@NQ,1,1,60.00,465.0000,-770.0000,
18/09/2014 17:15:00,5149.00000,24/09/2014 21:45:00,5135.00000,@NQ,1,1,-280.00,400.0000,-1420.0000,
08/10/2014 13:45:00,5062.50000,10/10/2014 05:30:00,4975.00000,@NQ,1,1,-1750.00,710.0000,-1745.0000,
21/10/2014 17:15:00,5020.75000,27/10/2014 21:30:00,5089.50000,@NQ,1,1,1375.00,1585.0000,-620.0000,
28/10/2014 02:30:00,5102.00000,03/11/2014 07:00:00,5195.00000,@NQ,1,1,1860.00,2235.0000,-175.0000,
06/11/2014 19:45:00,5217.50000,13/11/2014 00:15:00,5251.25000,@NQ,1,1,675.00,690.0000,-625.0000,
13/11/2014 00:30:00,5252.50000,19/11/2014 04:45:00,5287.25000,@NQ,1,1,695.00,930.0000,-215.0000,
25/11/2014 03:45:00,5338.00000,01/12/2014 15:45:00,5337.50000,@NQ,1,1,-10.00,1205.0000,-285.0000,
03/12/2014 09:00:00,5366.75000,09/12/2014 08:45:00,5279.25000,@NQ,1,1,-1750.00,240.0000,-1720.0000,
21/12/2014 17:15:00,5337.00000,29/12/2014 01:15:00,5373.75000,@NQ,1,1,735.00,800.0000,-145.0000,
07/01/2015 19:45:00,5226.75000,14/01/2015,5197.50000,@NQ,1,1,-585.00,1615.0000,-900.0000,
15/01/2015 00:30:00,5241.25000,15/01/2015 04:00:00,5153.75000,@NQ,1,1,-1750.00,75.0000,-1100.0000,
20/01/2015 02:30:00,5211.50000,26/01/2015 07:00:00,5321.00000,@NQ,1,1,2190.00,2595.0000,-950.0000,
03/02/2015 02:45:00,5244.75000,09/02/2015 07:15:00,5266.75000,@NQ,1,1,440.00,1570.0000,-475.0000,
10/02/2015 06:30:00,5302.25000,16/02/2015 10:45:00,5440.25000,@NQ,1,1,2760.00,2785.0000,-385.0000,
18/02/2015 02:00:00,5444.25000,24/02/2015 06:15:00,5499.50000,@NQ,1,1,1105.00,1200.0000,-310.0000,
24/02/2015 10:30:00,5506.50000,02/03/2015 14:00:00,5524.00000,@NQ,1,1,350.00,540.0000,-445.0000,
13/03/2015 04:00:00,5395.75000,19/03/2015 08:45:00,5479.50000,@NQ,1,1,1675.00,2010.0000,-1060.0000,
20/03/2015 04:15:00,5497.00000,25/03/2015 11:45:00,5409.50000,@NQ,1,1,-1750.00,730.0000,-1700.0000,
06/04/2015 09:45:00,5392.00000,10/04/2015 14:15:00,5474.75000,@NQ,1,1,1655.00,1705.0000,-65.0000,
10/04/2015 14:30:00,5474.00000,16/04/2015 20:00:00,5475.50000,@NQ,1,1,30.00,575.0000,-920.0000,
21/04/2015 17:15:00,5494.25000,27/04/2015 21:45:00,5584.50000,@NQ,1,1,1805.00,2450.0000,-690.0000,
04/05/2015 17:15:00,5535.25000,06/05/2015 08:45:00,5447.75000,@NQ,1,1,-1750.00,125.0000,-1570.0000,
13/05/2015 03:15:00,5504.25000,19/05/2015 07:45:00,5585.00000,@NQ,1,1,1615.00,1670.0000,-605.0000,
19/05/2015 08:00:00,5583.50000,25/05/2015 17:30:00,5586.00000,@NQ,1,1,50.00,395.0000,-800.0000,
03/06/2015 07:15:00,5598.25000,05/06/2015 08:45:00,5510.75000,@NQ,1,1,-1750.00,55.0000,-1580.0000,
16/06/2015 17:15:00,5520.00000,22/06/2015 21:15:00,5610.50000,@NQ,1,1,1810.00,2000.0000,-420.0000,
24/06/2015 09:45:00,5618.00000,26/06/2015 12:15:00,5530.50000,@NQ,1,1,-1750.00,100.0000,-1735.0000,
01/07/2015 03:00:00,5482.50000,07/07/2015 11:15:00,5430.00000,@NQ,1,1,-1050.00,665.0000,-1605.0000,
12/07/2015 17:15:00,5451.75000,15/07/2015 21:45:00,5616.75000,@NQ,1,1,3300.00,3280.0000,-230.0000,
15/07/2015 22:00:00,5616.00000,22/07/2015 02:30:00,5677.50000,@NQ,1,1,1230.00,2755.0000,-50.0000,
29/07/2015 17:15:00,5630.50000,04/08/2015 21:45:00,5630.75000,@NQ,1,1,5.00,920.0000,-640.0000,
10/08/2015 06:00:00,5603.25000,12/08/2015 09:15:00,5515.75000,@NQ,1,1,-1750.00,985.0000,-1730.0000,
12/08/2015 20:15:00,5606.75000,19/08/2015 00:45:00,5599.50000,@NQ,1,1,-145.00,690.0000,-800.0000,
16/09/2015 17:15:00,5453.50000,21/09/2015 12:00:00,5366.00000,@NQ,1,1,-1750.00,1290.0000,-1590.0000,
11/10/2015 17:15:00,5431.25000,15/10/2015 21:45:00,5490.00000,@NQ,1,1,1175.00,1340.0000,-750.0000,
19/10/2015 17:15:00,5527.75000,23/10/2015 06:30:00,5692.75000,@NQ,1,1,3300.00,3230.0000,-1135.0000,
27/10/2015 10:30:00,5707.25000,02/11/2015 14:45:00,5771.25000,@NQ,1,1,1280.00,1305.0000,-610.0000,
03/11/2015 17:15:00,5788.00000,09/11/2015 11:00:00,5700.50000,@NQ,1,1,-1750.00,360.0000,-1730.0000,
17/11/2015 17:15:00,5646.50000,23/11/2015 21:45:00,5747.25000,@NQ,1,1,2015.00,2730.0000,-280.0000,
25/11/2015 19:45:00,5762.50000,02/12/2015 07:15:00,5797.75000,@NQ,1,1,705.00,850.0000,-655.0000,
15/12/2015 17:15:00,5686.00000,18/12/2015 14:30:00,5598.50000,@NQ,1,1,-1750.00,1605.0000,-1645.0000,
21/12/2015 18:30:00,5656.50000,29/12/2015 02:30:00,5713.00000,@NQ,1,1,1130.00,1130.0000,-655.0000,
29/12/2015 02:45:00,5715.75000,03/01/2016 23:00:00,5628.25000,@NQ,1,1,-1750.00,1290.0000,-1675.0000,
14/03/2016 17:15:00,5447.25000,20/03/2016 21:45:00,5475.00000,@NQ,1,1,555.00,1140.0000,-525.0000,
21/03/2016 12:45:00,5507.50000,28/03/2016 18:30:00,5484.75000,@NQ,1,1,-455.00,505.0000,-1020.0000,
29/03/2016 11:45:00,5519.75000,04/04/2016 16:00:00,5590.75000,@NQ,1,1,1420.00,2310.0000,0.0000,
06/04/2016 10:45:00,5596.25000,12/04/2016 15:00:00,5575.75000,@NQ,1,1,-410.00,695.0000,-1565.0000,
13/04/2016 17:15:00,5640.00000,19/04/2016 21:30:00,5608.50000,@NQ,1,1,-630.00,720.0000,-950.0000,
25/04/2016 20:45:00,5572.00000,27/04/2016 09:00:00,5484.50000,@NQ,1,1,-1750.00,185.0000,-1735.0000,
27/04/2016 18:30:00,5526.25000,28/04/2016 15:00:00,5438.75000,@NQ,1,1,-1750.00,150.0000,-1720.0000,
25/05/2016 17:15:00,5565.00000,01/06/2016 01:30:00,5621.50000,@NQ,1,1,1130.00,1280.0000,-200.0000,
01/06/2016 01:45:00,5622.25000,07/06/2016 05:45:00,5633.50000,@NQ,1,1,225.00,295.0000,-1040.0000,
22/06/2016 10:00:00,5522.25000,23/06/2016 21:45:00,5434.75000,@NQ,1,1,-1750.00,1425.0000,-1630.0000,
30/06/2016 17:15:00,5496.50000,07/07/2016 01:15:00,5540.00000,@NQ,1,1,870.00,1090.0000,-625.0000,
07/07/2016 17:15:00,5551.25000,13/07/2016 21:45:00,5659.50000,@NQ,1,1,2165.00,2655.0000,-240.0000,
14/07/2016 01:45:00,5686.00000,20/07/2016 06:15:00,5720.75000,@NQ,1,1,695.00,805.0000,-725.0000,
20/07/2016 06:30:00,5720.25000,26/07/2016 11:00:00,5751.25000,@NQ,1,1,620.00,1225.0000,-105.0000,
26/07/2016 17:15:00,5790.75000,01/08/2016 21:45:00,5856.00000,@NQ,1,1,1305.00,1380.0000,-290.0000,
03/08/2016 19:30:00,5829.75000,09/08/2016 23:45:00,5889.25000,@NQ,1,1,1190.00,1550.0000,-305.0000,
11/08/2016 17:15:00,5899.50000,17/08/2016 21:30:00,5910.50000,@NQ,1,1,220.00,705.0000,-560.0000,
23/08/2016 17:15:00,5918.00000,29/08/2016 21:30:00,5895.50000,@NQ,1,1,-450.00,100.0000,-1225.0000,
02/09/2016 08:15:00,5898.50000,08/09/2016 18:45:00,5895.50000,@NQ,1,1,-60.00,810.0000,-370.0000,
15/09/2016 17:15:00,5913.50000,21/09/2016 21:45:00,5951.00000,@NQ,1,1,750.00,900.0000,-540.0000,
22/09/2016 04:15:00,5959.00000,28/09/2016 08:30:00,5970.00000,@NQ,1,1,220.00,745.0000,-1085.0000,
28/09/2016 08:45:00,5971.00000,04/10/2016 13:15:00,5951.75000,@NQ,1,1,-385.00,420.0000,-1105.0000,
10/10/2016 17:15:00,5996.00000,11/10/2016 13:30:00,5908.50000,@NQ,1,1,-1750.00,105.0000,-1715.0000,
17/10/2016 19:45:00,5917.75000,24/10/2016 00:15:00,5953.50000,@NQ,1,1,715.00,860.0000,-300.0000,
13/11/2016 17:45:00,5869.75000,14/11/2016 10:15:00,5782.25000,@NQ,1,1,-1750.00,375.0000,-1735.0000,
15/11/2016 18:45:00,5884.25000,21/11/2016 23:00:00,5982.75000,@NQ,1,1,1970.00,2025.0000,-880.0000,
21/11/2016 23:15:00,5982.25000,28/11/2016 11:00:00,5971.75000,@NQ,1,1,-210.00,130.0000,-960.0000,
28/11/2016 11:15:00,5974.75000,01/12/2016 09:00:00,5887.25000,@NQ,1,1,-1750.00,540.0000,-1625.0000,
07/12/2016 12:15:00,5911.50000,13/12/2016 17:45:00,6044.50000,@NQ,1,1,2660.00,3105.0000,-20.0000,
19/12/2016 10:00:00,6062.50000,23/12/2016 14:15:00,6039.25000,@NQ,1,1,-465.00,180.0000,-805.0000,
26/12/2016 23:45:00,6049.25000,30/12/2016 13:15:00,5961.75000,@NQ,1,1,-1750.00,1010.0000,-1720.0000,
04/01/2017 17:15:00,6040.00000,10/01/2017 21:45:00,6134.00000,@NQ,1,1,1880.00,2245.0000,-285.0000,
11/01/2017 17:15:00,6149.75000,18/01/2017 01:30:00,6157.25000,@NQ,1,1,150.00,375.0000,-1085.0000,
18/01/2017 15:45:00,6159.00000,24/01/2017 21:15:00,6208.25000,@NQ,1,1,985.00,1025.0000,-470.0000,
05/02/2017 17:15:00,6262.50000,09/02/2017 21:30:00,6326.00000,@NQ,1,1,1270.00,1270.0000,-340.0000,
09/02/2017 21:45:00,6325.25000,16/02/2017 02:15:00,6414.75000,@NQ,1,1,1790.00,1870.0000,-195.0000,
21/02/2017 09:30:00,6453.25000,27/02/2017 13:45:00,6447.75000,@NQ,1,1,-110.00,265.0000,-980.0000,
12/03/2017 17:15:00,6487.75000,16/03/2017 21:45:00,6516.75000,@NQ,1,1,580.00,1070.0000,-460.0000,
20/03/2017 09:45:00,6527.25000,21/03/2017 13:00:00,6439.75000,@NQ,1,1,-1750.00,300.0000,-1705.0000,
27/03/2017 18:45:00,6489.25000,02/04/2017 23:00:00,6542.50000,@NQ,1,1,1065.00,1295.0000,-490.0000,
03/04/2017 09:00:00,6554.50000,07/04/2017 13:30:00,6533.75000,@NQ,1,1,-415.00,560.0000,-1410.0000,
19/04/2017 05:00:00,6508.25000,25/04/2017 09:00:00,6627.25000,@NQ,1,1,2380.00,2430.0000,-340.0000,
27/04/2017 09:30:00,6664.50000,03/05/2017 14:00:00,6718.00000,@NQ,1,1,1070.00,1570.0000,-185.0000,
04/05/2017 06:30:00,6734.25000,10/05/2017 10:15:00,6761.25000,@NQ,1,1,540.00,1095.0000,-585.0000,
15/05/2017 17:15:00,6806.25000,17/05/2017 13:30:00,6718.75000,@NQ,1,1,-1750.00,445.0000,-1685.0000,
23/05/2017 17:15:00,6810.75000,30/05/2017 01:15:00,6893.00000,@NQ,1,1,1645.00,1880.0000,-85.0000,
31/05/2017 06:00:00,6906.00000,06/06/2017 10:00:00,6990.00000,@NQ,1,1,1680.00,1770.0000,-820.0000,
07/06/2017 22:45:00,6986.50000,09/06/2017 12:15:00,6899.00000,@NQ,1,1,-1750.00,295.0000,-1495.0000,
19/06/2017 07:15:00,6821.50000,23/06/2017 11:45:00,6901.25000,@NQ,1,1,1595.00,1735.0000,-575.0000,
25/06/2017 22:00:00,6909.25000,27/06/2017 12:00:00,6821.75000,@NQ,1,1,-1750.00,730.0000,-1720.0000,
03/07/2017 08:30:00,6781.00000,03/07/2017 11:45:00,6693.50000,@NQ,1,1,-1750.00,70.0000,-1720.0000,
05/07/2017 10:00:00,6723.00000,11/07/2017 14:30:00,6809.00000,@NQ,1,1,1720.00,1770.0000,-985.0000,
11/07/2017 17:15:00,6813.25000,17/07/2017 21:30:00,6947.00000,@NQ,1,1,2675.00,2885.0000,-135.0000,
18/07/2017 12:45:00,6959.50000,24/07/2017 18:00:00,7022.25000,@NQ,1,1,1255.00,1780.0000,-25.0000,
26/07/2017 07:30:00,7040.75000,27/07/2017 12:45:00,6953.25000,@NQ,1,1,-1750.00,975.0000,-1740.0000,
06/08/2017 20:30:00,7007.00000,10/08/2017 11:00:00,6919.50000,@NQ,1,1,-1750.00,1190.0000,-1695.0000,
16/08/2017 11:45:00,7040.25000,17/08/2017 09:30:00,6952.75000,@NQ,1,1,-1750.00,35.0000,-1600.0000,
29/08/2017 11:00:00,6951.25000,04/09/2017 20:15:00,7067.75000,@NQ,1,1,2330.00,3245.0000,-120.0000,
07/09/2017 10:00:00,7062.00000,13/09/2017 14:30:00,7086.00000,@NQ,1,1,480.00,735.0000,-1205.0000,
15/09/2017 10:15:00,7096.00000,21/09/2017 09:30:00,7008.50000,@NQ,1,1,-1750.00,175.0000,-1580.0000,
24/09/2017 19:15:00,7036.75000,25/09/2017 10:00:00,6949.25000,@NQ,1,1,-1750.00,80.0000,-1595.0000,
27/09/2017 08:45:00,7005.00000,03/10/2017 13:00:00,7082.00000,@NQ,1,1,1540.00,1825.0000,-310.0000,
04/10/2017 11:30:00,7092.50000,10/10/2017 15:45:00,7152.00000,@NQ,1,1,1190.00,1650.0000,-410.0000,
12/10/2017 10:30:00,7174.50000,18/10/2017 15:00:00,7206.00000,@NQ,1,1,630.00,895.0000,-430.0000,
31/10/2017 20:15:00,7349.50000,07/11/2017 00:30:00,7415.25000,@NQ,1,1,1315.00,1330.0000,-1410.0000,
08/11/2017 12:15:00,7418.50000,14/11/2017 17:45:00,7378.25000,@NQ,1,1,-805.00,390.0000,-1745.0000,
16/11/2017 07:15:00,7382.75000,22/11/2017 11:45:00,7472.25000,@NQ,1,1,1790.00,1935.0000,-145.0000,
22/11/2017 17:15:00,7474.75000,29/11/2017 04:45:00,7505.25000,@NQ,1,1,610.00,825.0000,-250.0000,
06/12/2017 18:30:00,7395.00000,12/12/2017 23:00:00,7459.25000,@NQ,1,1,1285.00,2010.0000,-400.0000,
13/12/2017 08:30:00,7494.50000,19/12/2017 12:30:00,7560.00000,@NQ,1,1,1310.00,2380.0000,-520.0000,
07/01/2018 17:15:00,7735.50000,11/01/2018 21:45:00,7792.50000,@NQ,1,1,1140.00,1220.0000,-790.0000,
12/01/2018 01:00:00,7799.50000,18/01/2018 09:15:00,7887.00000,@NQ,1,1,1750.00,2280.0000,-570.0000,
19/01/2018 03:30:00,7906.00000,24/01/2018 09:45:00,8071.00000,@NQ,1,1,3300.00,3225.0000,-550.0000,
24/01/2018 10:00:00,8061.50000,24/01/2018 12:15:00,7974.00000,@NQ,1,1,-1750.00,65.0000,-1730.0000,
28/01/2018 17:15:00,8097.75000,29/01/2018 22:15:00,8010.25000,@NQ,1,1,-1750.00,345.0000,-1580.0000,
12/02/2018 03:00:00,7537.75000,14/02/2018 10:45:00,7702.75000,@NQ,1,1,3300.00,3240.0000,-900.0000,
14/02/2018 11:00:00,7699.50000,15/02/2018 15:00:00,7864.50000,@NQ,1,1,3300.00,3300.0000,-720.0000,
15/02/2018 15:15:00,7869.75000,21/02/2018 19:30:00,7782.25000,@NQ,1,1,-1750.00,1670.0000,-1740.0000,
26/02/2018 17:15:00,8071.25000,27/02/2018 11:30:00,7983.75000,@NQ,1,1,-1750.00,110.0000,-1495.0000,
06/03/2018 17:15:00,7925.75000,09/03/2018 07:45:00,8090.75000,@NQ,1,1,3300.00,2720.0000,-1195.0000,
09/03/2018 08:00:00,8085.25000,13/03/2018 08:45:00,8250.25000,@NQ,1,1,3300.00,3260.0000,-170.0000,
13/03/2018 09:00:00,8251.00000,13/03/2018 10:30:00,8163.50000,@NQ,1,1,-1750.00,120.0000,-1705.0000,
21/03/2018 12:15:00,7971.00000,22/03/2018 02:45:00,7883.50000,@NQ,1,1,-1750.00,450.0000,-1725.0000,
26/03/2018 14:30:00,7772.25000,27/03/2018 13:45:00,7684.75000,@NQ,1,1,-1750.00,2390.0000,-1685.0000,
05/04/2018 17:15:00,7650.50000,05/04/2018 18:00:00,7563.00000,@NQ,1,1,-1750.00,65.0000,-1110.0000,
10/04/2018 17:15:00,7667.75000,16/04/2018 21:00:00,7752.00000,@NQ,1,1,1685.00,2085.0000,-1490.0000,
16/04/2018 22:00:00,7765.25000,23/04/2018 02:15:00,7728.50000,@NQ,1,1,-735.00,2885.0000,-1535.0000,
01/05/2018 16:00:00,7770.75000,02/05/2018 15:00:00,7683.25000,@NQ,1,1,-1750.00,30.0000,-1715.0000,
04/05/2018 09:30:00,7726.50000,07/05/2018 13:45:00,7891.50000,@NQ,1,1,3300.00,3295.0000,-65.0000,
07/05/2018 17:15:00,7859.50000,13/05/2018 17:15:00,8024.50000,@NQ,1,1,3300.00,3250.0000,-920.0000,
13/05/2018 19:00:00,8024.00000,15/05/2018 08:45:00,7936.50000,@NQ,1,1,-1750.00,640.0000,-1580.0000,
17/05/2018 10:15:00,8001.75000,18/05/2018 08:00:00,7914.25000,@NQ,1,1,-1750.00,10.0000,-1685.0000,
23/05/2018 15:15:00,8003.25000,30/05/2018 00:45:00,7978.50000,@NQ,1,1,-495.00,925.0000,-1510.0000,
31/05/2018 02:15:00,8039.25000,05/06/2018 03:45:00,8204.25000,@NQ,1,1,3300.00,3240.0000,-770.0000,
05/06/2018 04:00:00,8202.00000,11/06/2018 08:15:00,8186.25000,@NQ,1,1,-315.00,1490.0000,-1640.0000,
12/06/2018 17:15:00,8260.25000,18/06/2018 21:45:00,8219.25000,@NQ,1,1,-820.00,1585.0000,-1015.0000,
20/06/2018 17:15:00,8333.75000,21/06/2018 14:45:00,8246.25000,@NQ,1,1,-1750.00,865.0000,-1730.0000,
27/06/2018 09:15:00,8158.00000,27/06/2018 12:15:00,8070.50000,@NQ,1,1,-1750.00,240.0000,-1665.0000,
05/07/2018 04:15:00,8071.50000,06/07/2018 11:30:00,8236.50000,@NQ,1,1,3300.00,3295.0000,-215.0000,
09/07/2018 17:15:00,8319.25000,10/07/2018 20:15:00,8231.75000,@NQ,1,1,-1750.00,695.0000,-1635.0000,
12/07/2018 00:30:00,8311.00000,18/07/2018 04:45:00,8440.25000,@NQ,1,1,2585.00,2905.0000,-545.0000,
23/07/2018 15:45:00,8444.50000,27/07/2018 11:30:00,8357.00000,@NQ,1,1,-1750.00,2080.0000,-1655.0000,
01/08/2018 09:45:00,8317.00000,07/08/2018 01:30:00,8482.00000,@NQ,1,1,3300.00,3275.0000,-1685.0000,
07/08/2018 01:45:00,8483.25000,13/08/2018 05:45:00,8418.00000,@NQ,1,1,-1305.00,815.0000,-1730.0000,
20/08/2018 02:15:00,8428.25000,24/08/2018 06:00:00,8466.00000,@NQ,1,1,755.00,1305.0000,-1165.0000,
24/08/2018 10:00:00,8502.75000,29/08/2018 10:30:00,8667.75000,@NQ,1,1,3300.00,3295.0000,-150.0000,
29/08/2018 10:45:00,8672.00000,04/09/2018 20:00:00,8646.25000,@NQ,1,1,-515.00,870.0000,-1335.0000,
10/09/2018 22:45:00,8503.25000,17/09/2018 03:15:00,8549.50000,@NQ,1,1,925.00,2285.0000,-1605.0000,
20/09/2018 06:45:00,8539.25000,26/09/2018 11:15:00,8627.25000,@NQ,1,1,1760.00,1880.0000,-1500.0000,
26/09/2018 11:30:00,8625.00000,02/10/2018 16:00:00,8646.25000,@NQ,1,1,425.00,1885.0000,-1140.0000,
16/10/2018 17:15:00,8330.25000,17/10/2018 09:15:00,8242.75000,@NQ,1,1,-1750.00,575.0000,-1530.0000,
31/01/2019 17:15:00,7876.50000,06/02/2019 21:45:00,7946.25000,@NQ,1,1,1395.00,2555.0000,-1055.0000,
10/02/2019 17:30:00,7892.00000,14/02/2019 21:45:00,7958.50000,@NQ,1,1,1330.00,2865.0000,-605.0000,
19/02/2019 11:15:00,8055.50000,25/02/2019 15:45:00,8091.25000,@NQ,1,1,715.00,1570.0000,-1700.0000,
28/02/2019 21:15:00,8099.25000,07/03/2019 01:45:00,8051.50000,@NQ,1,1,-955.00,1555.0000,-1185.0000,
11/03/2019 02:00:00,8000.50000,11/03/2019 21:45:00,8165.50000,@NQ,1,1,3300.00,3285.0000,-105.0000,
12/03/2019 17:15:00,8175.75000,18/03/2019 21:45:00,8305.75000,@NQ,1,1,2600.00,2835.0000,-535.0000,
19/03/2019 04:45:00,8317.75000,25/03/2019 02:00:00,8230.25000,@NQ,1,1,-1750.00,3300.0000,-1700.0000,
28/03/2019 18:45:00,8311.25000,02/04/2019 20:00:00,8476.25000,@NQ,1,1,3300.00,3300.0000,-355.0000,
02/04/2019 20:15:00,8487.50000,09/04/2019 00:30:00,8556.75000,@NQ,1,1,1385.00,1685.0000,-550.0000,
10/04/2019 15:00:00,8574.25000,16/04/2019 20:30:00,8625.50000,@NQ,1,1,1025.00,1175.0000,-750.0000,
16/04/2019 21:15:00,8638.00000,24/04/2019 01:45:00,8756.00000,@NQ,1,1,2360.00,2875.0000,-795.0000,
24/04/2019 17:30:00,8798.00000,26/04/2019 09:00:00,8710.50000,@NQ,1,1,-1750.00,390.0000,-1725.0000,
16/05/2019 17:15:00,8538.75000,17/05/2019 07:30:00,8451.25000,@NQ,1,1,-1750.00,250.0000,-1670.0000,
27/05/2019 21:15:00,8281.00000,28/05/2019 19:45:00,8193.50000,@NQ,1,1,-1750.00,575.0000,-1740.0000,
06/06/2019 17:15:00,8202.00000,07/06/2019 10:00:00,8367.00000,@NQ,1,1,3300.00,3225.0000,-125.0000,
07/06/2019 10:15:00,8383.25000,13/06/2019 14:30:00,8433.50000,@NQ,1,1,1005.00,3110.0000,-675.0000,
17/06/2019 09:00:00,8459.75000,18/06/2019 09:45:00,8624.75000,@NQ,1,1,3300.00,3285.0000,-120.0000,
18/06/2019 10:00:00,8623.25000,24/06/2019 14:00:00,8667.00000,@NQ,1,1,875.00,2195.0000,-1625.0000,
28/06/2019 15:45:00,8633.00000,03/07/2019 12:15:00,8798.00000,@NQ,1,1,3300.00,3245.0000,-125.0000,
03/07/2019 17:15:00,8799.75000,05/07/2019 09:45:00,8712.25000,@NQ,1,1,-1750.00,440.0000,-1735.0000,
09/07/2019 13:30:00,8756.50000,15/07/2019 19:00:00,8900.25000,@NQ,1,1,2875.00,2950.0000,-665.0000,
15/07/2019 19:15:00,8906.25000,17/07/2019 15:15:00,8818.75000,@NQ,1,1,-1750.00,145.0000,-1720.0000,
23/07/2019 17:15:00,8856.00000,29/07/2019 21:30:00,8926.25000,@NQ,1,1,1405.00,2155.0000,-535.0000,
07/08/2019 17:15:00,8465.50000,08/08/2019 14:45:00,8630.50000,@NQ,1,1,3300.00,3265.0000,-550.0000,
08/08/2019 15:00:00,8637.00000,09/08/2019 09:45:00,8549.50000,@NQ,1,1,-1750.00,270.0000,-1660.0000,
13/08/2019 09:15:00,8674.25000,14/08/2019 05:15:00,8586.75000,@NQ,1,1,-1750.00,545.0000,-1720.0000,
18/08/2019 17:15:00,8529.25000,22/08/2019 21:30:00,8652.50000,@NQ,1,1,2465.00,3300.0000,-25.0000,
29/08/2019 02:30:00,8555.75000,04/09/2019 10:45:00,8604.50000,@NQ,1,1,975.00,2535.0000,-1260.0000,
04/09/2019 11:00:00,8613.75000,05/09/2019 09:30:00,8778.75000,@NQ,1,1,3300.00,3300.0000,-235.0000,
05/09/2019 09:45:00,8784.00000,10/09/2019 03:30:00,8696.50000,@NQ,1,1,-1750.00,460.0000,-1720.0000,
11/09/2019 09:30:00,8777.25000,15/09/2019 19:30:00,8689.75000,@NQ,1,1,-1750.00,2325.0000,-1420.0000,
17/09/2019 14:45:00,8786.50000,23/09/2019 09:15:00,8699.00000,@NQ,1,1,-1750.00,1565.0000,-1695.0000,
30/09/2019 20:00:00,8694.75000,01/10/2019 11:15:00,8607.25000,@NQ,1,1,-1750.00,755.0000,-1635.0000,
10/10/2019 09:15:00,8647.75000,15/10/2019 09:30:00,8812.75000,@NQ,1,1,3300.00,3235.0000,-975.0000,
15/10/2019 09:45:00,8813.00000,21/10/2019 13:45:00,8828.50000,@NQ,1,1,310.00,1455.0000,-1725.0000,
21/10/2019 19:45:00,8860.50000,22/10/2019 15:00:00,8773.00000,@NQ,1,1,-1750.00,385.0000,-1745.0000,
24/10/2019 17:15:00,8819.50000,28/10/2019 08:45:00,8984.50000,@NQ,1,1,3300.00,3060.0000,-200.0000,
28/10/2019 17:15:00,9000.25000,30/10/2019 09:15:00,8912.75000,@NQ,1,1,-1750.00,190.0000,-1395.0000,
30/10/2019 16:00:00,9010.25000,05/11/2019 21:15:00,9095.75000,@NQ,1,1,1710.00,2575.0000,-1465.0000,
07/11/2019 01:45:00,9143.25000,13/11/2019 06:00:00,9124.75000,@NQ,1,1,-370.00,960.0000,-1245.0000,
14/11/2019 19:15:00,9189.25000,20/11/2019 23:30:00,9159.25000,@NQ,1,1,-600.00,1615.0000,-1345.0000,
24/11/2019 20:45:00,9205.00000,29/11/2019 04:30:00,9322.25000,@NQ,1,1,2345.00,2895.0000,-255.0000,
02/12/2019 03:15:00,9343.25000,02/12/2019 08:45:00,9255.75000,@NQ,1,1,-1750.00,35.0000,-1685.0000,
08/12/2019 17:15:00,9292.50000,10/12/2019 05:30:00,9205.00000,@NQ,1,1,-1750.00,515.0000,-1670.0000,
11/12/2019 17:15:00,9298.25000,16/12/2019 09:00:00,9463.25000,@NQ,1,1,3300.00,3255.0000,-520.0000,
16/12/2019 17:15:00,9471.00000,22/12/2019 21:45:00,9585.50000,@NQ,1,1,2290.00,2405.0000,-235.0000,
23/12/2019 05:30:00,9594.75000,30/12/2019 13:30:00,9604.75000,@NQ,1,1,200.00,2305.0000,-740.0000,
08/01/2020 10:45:00,9764.00000,13/01/2020 11:15:00,9929.00000,@NQ,1,1,3300.00,3225.0000,-335.0000,
13/01/2020 11:30:00,9930.25000,19/01/2020 17:15:00,10040.50000,@NQ,1,1,2205.00,2510.0000,-815.0000,
21/01/2020 10:45:00,10056.00000,26/01/2020 17:15:00,9943.50000,@NQ,1,1,-2250.00,1955.0000,-2250.0000,
30/01/2020 15:45:00,10085.25000,31/01/2020 08:45:00,9997.75000,@NQ,1,1,-1750.00,600.0000,-1700.0000,
03/02/2020 22:00:00,10044.25000,04/02/2020 13:15:00,10209.25000,@NQ,1,1,3300.00,3250.0000,-185.0000,
04/02/2020 13:30:00,10208.50000,10/02/2020 14:15:00,10373.50000,@NQ,1,1,3300.00,3185.0000,-485.0000,
10/02/2020 14:30:00,10368.50000,16/02/2020 18:00:00,10533.50000,@NQ,1,1,3300.00,3300.0000,-65.0000,
16/02/2020 18:15:00,10530.00000,17/02/2020 21:00:00,10442.50000,@NQ,1,1,-1750.00,480.0000,-1700.0000,
19/02/2020 17:15:00,10611.25000,20/02/2020 10:30:00,10523.75000,@NQ,1,1,-1750.00,365.0000,-1670.0000,
13/04/2020 17:15:00,9215.00000,14/04/2020 08:30:00,9380.00000,@NQ,1,1,3300.00,3290.0000,-360.0000,
14/04/2020 08:45:00,9365.25000,14/04/2020 12:00:00,9530.25000,@NQ,1,1,3300.00,3205.0000,-605.0000,
16/04/2020 10:30:00,9594.50000,16/04/2020 11:45:00,9507.00000,@NQ,1,1,-1750.00,1380.0000,-1125.0000,
23/04/2020 09:00:00,9609.50000,23/04/2020 12:00:00,9522.00000,@NQ,1,1,-1750.00,1100.0000,-830.0000,
27/04/2020 17:15:00,9697.00000,28/04/2020 10:00:00,9609.50000,@NQ,1,1,-1750.00,2535.0000,-1570.0000,
29/04/2020 11:45:00,9829.00000,29/04/2020 16:00:00,9994.00000,@NQ,1,1,3300.00,3160.0000,-565.0000,
04/05/2020 19:30:00,9714.00000,05/05/2020 13:00:00,9879.00000,@NQ,1,1,3300.00,3255.0000,-355.0000,
05/05/2020 13:15:00,9874.50000,05/05/2020 14:45:00,9787.00000,@NQ,1,1,-1750.00,470.0000,-1420.0000,
06/05/2020 10:00:00,9900.00000,06/05/2020 18:00:00,9812.50000,@NQ,1,1,-1750.00,690.0000,-1705.0000,
07/05/2020 02:45:00,9953.00000,10/05/2020 18:45:00,10118.00000,@NQ,1,1,3300.00,3260.0000,-895.0000,
10/05/2020 19:00:00,10129.75000,11/05/2020 06:45:00,10042.25000,@NQ,1,1,-1750.00,665.0000,-1525.0000,
11/05/2020 10:45:00,10139.00000,12/05/2020 14:45:00,10051.50000,@NQ,1,1,-1750.00,1690.0000,-1585.0000,
18/05/2020 17:15:00,10194.25000,20/05/2020 10:30:00,10359.25000,@NQ,1,1,3300.00,3260.0000,-865.0000,
20/05/2020 10:45:00,10367.25000,21/05/2020 09:45:00,10279.75000,@NQ,1,1,-1750.00,430.0000,-1570.0000,
24/05/2020 17:45:00,10308.25000,26/05/2020 01:15:00,10473.25000,@NQ,1,1,3300.00,3295.0000,-275.0000,
01/06/2020 17:15:00,10468.00000,05/06/2020 08:45:00,10633.00000,@NQ,1,1,3300.00,3095.0000,-1705.0000,
05/06/2020 09:00:00,10639.25000,09/06/2020 09:45:00,10804.25000,@NQ,1,1,3300.00,3135.0000,-500.0000,
09/06/2020 10:00:00,10814.25000,10/06/2020 13:15:00,10979.25000,@NQ,1,1,3300.00,2830.0000,-60.0000,
19/06/2020 01:30:00,10929.50000,19/06/2020 11:30:00,10842.00000,@NQ,1,1,-1750.00,1500.0000,-990.0000,
22/06/2020 14:15:00,11005.25000,22/06/2020 20:30:00,10917.75000,@NQ,1,1,-1750.00,900.0000,-1625.0000,
29/06/2020 18:00:00,10892.50000,30/06/2020 15:00:00,11057.50000,@NQ,1,1,3300.00,2465.0000,-1205.0000,
30/06/2020 15:15:00,11025.50000,01/07/2020 14:45:00,11190.50000,@NQ,1,1,3300.00,3225.0000,-1150.0000,
01/07/2020 15:00:00,11189.25000,05/07/2020 20:45:00,11354.25000,@NQ,1,1,3300.00,3255.0000,-1015.0000,
05/07/2020 21:00:00,11357.50000,06/07/2020 18:15:00,11522.50000,@NQ,1,1,3300.00,3160.0000,-65.0000,
08/07/2020 17:30:00,11576.25000,09/07/2020 10:00:00,11488.75000,@NQ,1,1,-1750.00,1275.0000,-1085.0000,
09/07/2020 12:15:00,11575.25000,12/07/2020 17:15:00,11740.25000,@NQ,1,1,3300.00,3300.0000,-1155.0000,
12/07/2020 17:30:00,11782.75000,13/07/2020 10:30:00,11947.75000,@NQ,1,1,3300.00,3280.0000,-650.0000,
13/07/2020 10:45:00,11944.50000,13/07/2020 12:00:00,11857.00000,@NQ,1,1,-1750.00,120.0000,-1510.0000,
20/07/2020 08:30:00,11567.00000,20/07/2020 12:45:00,11732.00000,@NQ,1,1,3300.00,3295.0000,-1385.0000,
27/07/2020 09:00:00,11499.00000,27/07/2020 10:45:00,11411.50000,@NQ,1,1,-1750.00,575.0000,-1545.0000,
30/07/2020 12:30:00,11597.25000,30/07/2020 15:45:00,11762.25000,@NQ,1,1,3300.00,2135.0000,-625.0000,
02/08/2020 17:15:00,11825.25000,04/08/2020 22:45:00,11990.25000,@NQ,1,1,3300.00,3230.0000,-1140.0000,
04/08/2020 23:00:00,11988.50000,06/08/2020 14:30:00,12153.50000,@NQ,1,1,3300.00,3230.0000,-905.0000,
06/08/2020 14:45:00,12149.00000,07/08/2020 11:15:00,12061.50000,@NQ,1,1,-1750.00,525.0000,-1695.0000,
17/08/2020 09:00:00,12134.50000,18/08/2020 14:15:00,12299.50000,@NQ,1,1,3300.00,3175.0000,-95.0000,
18/08/2020 14:30:00,12299.50000,19/08/2020 13:30:00,12212.00000,@NQ,1,1,-1750.00,610.0000,-1500.0000,
20/08/2020 13:45:00,12339.25000,23/08/2020 22:45:00,12504.25000,@NQ,1,1,3300.00,3250.0000,-805.0000,
26/08/2020 17:15:00,12876.50000,27/08/2020 12:00:00,12789.00000,@NQ,1,1,-1750.00,1230.0000,-1625.0000,
30/08/2020 18:00:00,12913.75000,01/09/2020 01:45:00,13078.75000,@NQ,1,1,3300.00,3260.0000,-670.0000,
01/09/2020 17:15:00,13217.50000,02/09/2020 10:45:00,13130.00000,@NQ,1,1,-1750.00,2795.0000,-1745.0000,
02/09/2020 12:00:00,13226.00000,03/09/2020 08:15:00,13138.50000,@NQ,1,1,-1750.00,2095.0000,-1600.0000,
10/09/2020 08:15:00,12385.00000,10/09/2020 10:00:00,12297.50000,@NQ,1,1,-1750.00,1480.0000,-1080.0000,
15/09/2020 04:30:00,12255.50000,16/09/2020 03:30:00,12420.50000,@NQ,1,1,3300.00,3300.0000,-90.0000,
16/09/2020 03:45:00,12425.00000,16/09/2020 08:45:00,12337.50000,@NQ,1,1,-1750.00,380.0000,-1715.0000,
22/09/2020 17:15:00,12065.50000,23/09/2020 09:00:00,11978.00000,@NQ,1,1,-1750.00,1230.0000,-1690.0000,
25/09/2020 10:45:00,11919.00000,27/09/2020 17:15:00,12084.00000,@NQ,1,1,3300.00,3045.0000,-1005.0000,
27/09/2020 17:30:00,12082.75000,28/09/2020 07:00:00,12247.75000,@NQ,1,1,3300.00,3200.0000,-750.0000,
28/09/2020 07:15:00,12246.50000,28/09/2020 09:00:00,12159.00000,@NQ,1,1,-1750.00,480.0000,-1575.0000,
29/09/2020 00:15:00,12349.50000,29/09/2020 02:15:00,12262.00000,@NQ,1,1,-1750.00,85.0000,-1535.0000,
30/09/2020 09:45:00,12359.75000,30/09/2020 14:30:00,12272.25000,@NQ,1,1,-1750.00,1425.0000,-1475.0000,
01/10/2020 17:15:00,12471.75000,02/10/2020,12384.25000,@NQ,1,1,-1750.00,760.0000,-1085.0000,
08/10/2020 17:15:00,12467.00000,09/10/2020 15:45:00,12632.00000,@NQ,1,1,3300.00,3320.0000,-190.0000,
09/10/2020 16:00:00,12634.00000,12/10/2020 06:30:00,12799.00000,@NQ,1,1,3300.00,3250.0000,-825.0000,
12/10/2020 06:45:00,12800.00000,12/10/2020 11:30:00,12965.00000,@NQ,1,1,3300.00,3295.0000,-555.0000,
03/11/2020 17:15:00,12169.00000,03/11/2020 21:00:00,12334.00000,@NQ,1,1,3300.00,3210.0000,-675.0000,
04/11/2020 00:15:00,12428.25000,04/11/2020 01:45:00,12340.75000,@NQ,1,1,-1750.00,635.0000,-1425.0000,
08/11/2020 17:30:00,13130.50000,08/11/2020 22:15:00,13295.50000,@NQ,1,1,3300.00,3210.0000,-365.0000,
09/11/2020 00:15:00,13286.50000,09/11/2020 01:45:00,13199.00000,@NQ,1,1,-1750.00,60.0000,-1445.0000,
11/11/2020 16:00:00,12808.50000,11/11/2020 20:30:00,12721.00000,@NQ,1,1,-1750.00,195.0000,-1450.0000,
12/11/2020 04:15:00,12850.00000,12/11/2020 10:45:00,12762.50000,@NQ,1,1,-1750.00,615.0000,-1420.0000,
15/11/2020 17:30:00,12957.50000,16/11/2020 06:00:00,12870.00000,@NQ,1,1,-1750.00,250.0000,-1475.0000,
16/11/2020 09:00:00,12885.00000,18/11/2020 15:00:00,12797.50000,@NQ,1,1,-1750.00,2325.0000,-1580.0000,
25/11/2020 17:15:00,13073.25000,29/11/2020 17:15:00,13238.25000,@NQ,1,1,3300.00,2785.0000,-825.0000,
29/11/2020 17:30:00,13225.00000,29/11/2020 23:15:00,13137.50000,@NQ,1,1,-1750.00,280.0000,-1600.0000,
30/11/2020 16:00:00,13214.25000,01/12/2020 11:15:00,13379.25000,@NQ,1,1,3300.00,3135.0000,-25.0000,
03/12/2020 17:15:00,13392.00000,08/12/2020 13:45:00,13557.00000,@NQ,1,1,3300.00,3285.0000,-770.0000,
08/12/2020 14:00:00,13550.25000,09/12/2020 11:30:00,13462.75000,@NQ,1,1,-1750.00,595.0000,-1685.0000,
15/12/2020 17:15:00,13509.75000,18/12/2020 03:15:00,13674.75000,@NQ,1,1,3300.00,3255.0000,-640.0000,
18/12/2020 08:00:00,13685.00000,18/12/2020 09:15:00,13597.50000,@NQ,1,1,-1750.00,210.0000,-1305.0000,
27/12/2020 17:45:00,13644.25000,29/12/2020 08:45:00,13809.25000,@NQ,1,1,3300.00,3205.0000,-260.0000,
29/12/2020 09:00:00,13807.25000,29/12/2020 09:15:00,13719.75000,@NQ,1,1,-1750.00,290.0000,-1245.0000,
10/01/2021 17:15:00,13999.00000,11/01/2021 06:30:00,13911.50000,@NQ,1,1,-1750.00,240.0000,-1675.0000,
13/01/2021 10:15:00,13878.00000,14/01/2021 15:00:00,13790.50000,@NQ,1,1,-1750.00,1130.0000,-1615.0000,
18/01/2021 17:30:00,13723.75000,19/01/2021 13:00:00,13888.75000,@NQ,1,1,3300.00,3215.0000,-75.0000,
19/01/2021 13:15:00,13894.50000,20/01/2021 08:45:00,14059.50000,@NQ,1,1,3300.00,3220.0000,-475.0000,
21/01/2021 17:15:00,14299.75000,22/01/2021 05:30:00,14212.25000,@NQ,1,1,-1750.00,165.0000,-1655.0000,
01/02/2021 11:30:00,14132.75000,02/02/2021 08:45:00,14297.75000,@NQ,1,1,3300.00,3030.0000,-415.0000,
02/02/2021 17:15:00,14411.75000,03/02/2021 09:30:00,14324.25000,@NQ,1,1,-1750.00,1570.0000,-1525.0000,
04/02/2021 20:30:00,14480.00000,09/02/2021 21:15:00,14645.00000,@NQ,1,1,3300.00,3220.0000,-1095.0000,
09/02/2021 21:30:00,14649.25000,10/02/2021 09:30:00,14561.75000,@NQ,1,1,-1750.00,515.0000,-1395.0000,
15/02/2021 19:30:00,14785.00000,16/02/2021 10:30:00,14697.50000,@NQ,1,1,-1750.00,425.0000,-1540.0000,
01/03/2021 17:15:00,14218.00000,01/03/2021 23:15:00,14130.50000,@NQ,1,1,-1750.00,320.0000,-1625.0000,
11/03/2021 05:15:00,13903.75000,12/03/2021 01:45:00,13816.25000,@NQ,1,1,-1750.00,2455.0000,-1705.0000,
15/03/2021 20:45:00,14012.75000,16/03/2021 09:45:00,14177.75000,@NQ,1,1,3300.00,3250.0000,-255.0000,
16/03/2021 10:00:00,14179.25000,16/03/2021 11:30:00,14091.75000,@NQ,1,1,-1750.00,480.0000,-1480.0000,
21/03/2021 21:15:00,13818.00000,22/03/2021 10:15:00,13983.00000,@NQ,1,1,3300.00,3270.0000,-640.0000,
22/03/2021 10:30:00,13985.75000,23/03/2021 15:00:00,13898.25000,@NQ,1,1,-1750.00,2045.0000,-1635.0000,
28/03/2021 17:15:00,13891.75000,28/03/2021 19:30:00,13804.25000,@NQ,1,1,-1750.00,0.0000,-1600.0000,
29/03/2021 12:30:00,13905.25000,29/03/2021 13:45:00,13817.75000,@NQ,1,1,-1750.00,275.0000,-1460.0000,
31/03/2021 09:00:00,13917.50000,01/04/2021 01:45:00,14082.50000,@NQ,1,1,3300.00,3270.0000,-5.0000,
01/04/2021 17:15:00,14246.50000,05/04/2021 09:15:00,14411.50000,@NQ,1,1,3300.00,3290.0000,-525.0000,
05/04/2021 09:30:00,14404.75000,06/04/2021 11:00:00,14569.75000,@NQ,1,1,3300.00,3200.0000,0.0000,
07/04/2021 19:00:00,14563.25000,08/04/2021 19:15:00,14728.25000,@NQ,1,1,3300.00,3220.0000,-370.0000,
11/04/2021 17:15:00,14733.75000,13/04/2021 14:15:00,14898.75000,@NQ,1,1,3300.00,3195.0000,-1715.0000,
13/04/2021 14:30:00,14898.75000,14/04/2021 10:15:00,14811.25000,@NQ,1,1,-1750.00,925.0000,-1665.0000,
22/04/2021 03:00:00,14846.75000,22/04/2021 12:15:00,14759.25000,@NQ,1,1,-1750.00,280.0000,-1505.0000,
26/04/2021 17:15:00,14940.75000,27/04/2021 09:15:00,14853.25000,@NQ,1,1,-1750.00,505.0000,-1545.0000,
28/04/2021 20:30:00,14914.25000,29/04/2021 09:45:00,14826.75000,@NQ,1,1,-1750.00,1315.0000,-1630.0000,
16/05/2021 17:15:00,14296.25000,17/05/2021 08:45:00,14208.75000,@NQ,1,1,-1750.00,1365.0000,-1585.0000,
20/05/2021 08:00:00,14170.75000,20/05/2021 09:30:00,14335.75000,@NQ,1,1,3300.00,3275.0000,-25.0000,
24/05/2021 09:00:00,14489.00000,25/05/2021 01:45:00,14654.00000,@NQ,1,1,3300.00,3075.0000,-270.0000,
28/05/2021 06:15:00,14641.25000,01/06/2021 09:30:00,14553.75000,@NQ,1,1,-1750.00,955.0000,-1475.0000,
07/06/2021 17:15:00,14739.00000,10/06/2021 07:45:00,14651.50000,@NQ,1,1,-1750.00,1885.0000,-1625.0000,
10/06/2021 09:00:00,14835.00000,10/06/2021 10:00:00,14747.50000,@NQ,1,1,-1750.00,915.0000,-1705.0000,
11/06/2021 00:15:00,14893.25000,14/06/2021 19:30:00,15058.25000,@NQ,1,1,3300.00,3185.0000,-855.0000,
14/06/2021 19:45:00,15062.50000,15/06/2021 10:30:00,14975.00000,@NQ,1,1,-1750.00,385.0000,-1730.0000,
22/06/2021 17:15:00,15200.50000,28/06/2021 08:45:00,15365.50000,@NQ,1,1,3300.00,2960.0000,-845.0000,
28/06/2021 09:00:00,15376.75000,02/07/2021 07:45:00,15541.75000,@NQ,1,1,3300.00,3275.0000,-460.0000,
06/07/2021 06:30:00,15651.25000,06/07/2021 11:30:00,15563.75000,@NQ,1,1,-1750.00,1305.0000,-1360.0000,
12/07/2021 17:15:00,15806.50000,15/07/2021 09:30:00,15719.00000,@NQ,1,1,-1750.00,2320.0000,-1710.0000,
21/07/2021 17:15:00,15763.25000,23/07/2021 03:15:00,15928.25000,@NQ,1,1,3300.00,3220.0000,-200.0000,
23/07/2021 03:30:00,15931.00000,27/07/2021 09:45:00,15843.50000,@NQ,1,1,-1750.00,2590.0000,-1485.0000,
04/08/2021 00:45:00,15979.00000,10/08/2021 04:15:00,16061.00000,@NQ,1,1,1640.00,2400.0000,-1110.0000,
10/08/2021 06:30:00,16074.00000,10/08/2021 09:45:00,15986.50000,@NQ,1,1,-1750.00,195.0000,-1045.0000,
15/08/2021 17:15:00,16045.75000,16/08/2021 09:00:00,15958.25000,@NQ,1,1,-1750.00,75.0000,-1165.0000,
24/08/2021 17:15:00,16288.75000,26/08/2021 09:30:00,16201.25000,@NQ,1,1,-1750.00,695.0000,-1335.0000,
27/08/2021 09:30:00,16322.00000,30/08/2021 09:30:00,16487.00000,@NQ,1,1,3300.00,3175.0000,-735.0000,
30/08/2021 09:45:00,16496.25000,03/09/2021 13:15:00,16583.00000,@NQ,1,1,1735.00,2585.0000,-1040.0000,
06/09/2021 01:30:00,16608.25000,08/09/2021 09:45:00,16520.75000,@NQ,1,1,-1750.00,540.0000,-1530.0000,
22/09/2021 11:00:00,16107.50000,23/09/2021 09:30:00,16272.50000,@NQ,1,1,3300.00,3230.0000,-1635.0000,
23/09/2021 17:15:00,16235.75000,24/09/2021 03:30:00,16148.25000,@NQ,1,1,-1750.00,655.0000,-1685.0000,
26/09/2021 19:30:00,16290.25000,27/09/2021 05:15:00,16202.75000,@NQ,1,1,-1750.00,890.0000,-1660.0000,
03/10/2021 17:45:00,15766.00000,03/10/2021 20:15:00,15678.50000,@NQ,1,1,-1750.00,90.0000,-1640.0000,
07/10/2021 17:15:00,15826.75000,08/10/2021 12:30:00,15739.25000,@NQ,1,1,-1750.00,2095.0000,-1645.0000,
13/10/2021 19:00:00,15739.00000,14/10/2021 09:15:00,15904.00000,@NQ,1,1,3300.00,3080.0000,-130.0000,
14/10/2021 09:30:00,15923.25000,17/10/2021 17:15:00,16088.25000,@NQ,1,1,3300.00,3145.0000,-445.0000,
17/10/2021 17:30:00,16082.75000,18/10/2021 01:30:00,15995.25000,@NQ,1,1,-1750.00,40.0000,-1740.0000,
18/10/2021 09:30:00,16095.00000,19/10/2021 01:45:00,16260.00000,@NQ,1,1,3300.00,3205.0000,-680.0000,
19/10/2021 17:15:00,16346.50000,20/10/2021 12:30:00,16259.00000,@NQ,1,1,-1750.00,710.0000,-1545.0000,
21/10/2021 14:30:00,16392.75000,21/10/2021 15:45:00,16305.25000,@NQ,1,1,-1750.00,530.0000,-1725.0000,
25/10/2021 11:45:00,16406.50000,26/10/2021 08:45:00,16571.50000,@NQ,1,1,3300.00,3225.0000,-400.0000,
29/10/2021 11:45:00,16728.00000,02/11/2021 09:00:00,16893.00000,@NQ,1,1,3300.00,3130.0000,-675.0000,
02/11/2021 09:15:00,16891.50000,03/11/2021 14:45:00,17056.50000,@NQ,1,1,3300.00,3140.0000,-1230.0000,
03/11/2021 15:00:00,17054.75000,04/11/2021 09:30:00,17219.75000,@NQ,1,1,3300.00,3190.0000,-20.0000,
04/11/2021 17:15:00,17270.50000,09/11/2021 09:00:00,17183.00000,@NQ,1,1,-1750.00,2270.0000,-1580.0000,
12/11/2021 10:30:00,17076.75000,16/11/2021 10:30:00,17241.75000,@NQ,1,1,3300.00,3190.0000,-1180.0000,
16/11/2021 10:45:00,17233.50000,18/11/2021 11:00:00,17398.50000,@NQ,1,1,3300.00,3240.0000,-560.0000,
18/11/2021 11:15:00,17390.25000,19/11/2021 10:45:00,17555.25000,@NQ,1,1,3300.00,3245.0000,-975.0000,
19/11/2021 11:00:00,17546.00000,22/11/2021 11:00:00,17458.50000,@NQ,1,1,-1750.00,3140.0000,-1540.0000,
03/12/2021 08:00:00,17002.25000,03/12/2021 08:45:00,16914.75000,@NQ,1,1,-1750.00,475.0000,-1105.0000,
06/12/2021 23:30:00,16843.50000,07/12/2021 02:30:00,17008.50000,@NQ,1,1,3300.00,3050.0000,-75.0000,
07/12/2021 02:45:00,17005.50000,07/12/2021 09:15:00,17170.50000,@NQ,1,1,3300.00,3180.0000,-240.0000,
08/12/2021 00:15:00,17339.25000,08/12/2021 08:15:00,17251.75000,@NQ,1,1,-1750.00,660.0000,-1725.0000,
12/12/2021 17:30:00,17276.75000,13/12/2021 09:00:00,17189.25000,@NQ,1,1,-1750.00,1355.0000,-1510.0000,
21/12/2021 12:15:00,16796.75000,22/12/2021 09:00:00,16961.75000,@NQ,1,1,3300.00,2940.0000,-380.0000,
22/12/2021 09:15:00,16938.00000,22/12/2021 15:00:00,17103.00000,@NQ,1,1,3300.00,3015.0000,-1140.0000,
23/12/2021 04:45:00,17119.75000,23/12/2021 15:00:00,17284.75000,@NQ,1,1,3300.00,3245.0000,-360.0000,
27/12/2021 07:00:00,17304.50000,27/12/2021 12:30:00,17469.50000,@NQ,1,1,3300.00,3280.0000,-570.0000,
28/12/2021 02:45:00,17517.75000,28/12/2021 09:30:00,17430.25000,@NQ,1,1,-1750.00,1465.0000,-1585.0000,
03/01/2022 14:00:00,17421.50000,04/01/2022 09:15:00,17334.00000,@NQ,1,1,-1750.00,1480.0000,-1710.0000,
11/01/2022 17:15:00,16757.50000,12/01/2022 08:45:00,16922.50000,@NQ,1,1,3300.00,3065.0000,-1270.0000,
12/01/2022 09:00:00,16844.25000,12/01/2022 10:15:00,16756.75000,@NQ,1,1,-1750.00,1930.0000,-1535.0000,
17/01/2022 04:00:00,16552.25000,17/01/2022 21:45:00,16464.75000,@NQ,1,1,-1750.00,310.0000,-1545.0000,
28/03/2022 17:15:00,15914.50000,29/03/2022 07:30:00,16079.50000,@NQ,1,1,3300.00,2480.0000,-490.0000,
29/03/2022 07:45:00,16091.00000,29/03/2022 09:15:00,16003.50000,@NQ,1,1,-1750.00,1240.0000,-1630.0000,
04/04/2022 09:00:00,15924.50000,04/04/2022 14:45:00,16089.50000,@NQ,1,1,3300.00,3250.0000,-355.0000,
03/08/2022 17:15:00,14150.25000,05/08/2022 08:00:00,14062.75000,@NQ,1,1,-1750.00,2750.0000,-1360.0000,
12/08/2022 15:15:00,14482.50000,17/08/2022 08:45:00,14395.00000,@NQ,1,1,-1750.00,3230.0000,-1680.0000,
26/01/2023 17:15:00,12764.00000,27/01/2023 11:30:00,12929.00000,@NQ,1,1,3300.00,3200.0000,-660.0000,
27/01/2023 11:45:00,12925.25000,30/01/2023 02:15:00,12837.75000,@NQ,1,1,-1750.00,1965.0000,-1625.0000,
01/02/2023 06:45:00,12882.50000,01/02/2023 10:15:00,12795.00000,@NQ,1,1,-1750.00,25.0000,-1720.0000,
07/02/2023 12:00:00,13326.50000,07/02/2023 12:00:00,13491.50000,@NQ,1,1,3300.00,2635.0000,-25.0000,
13/02/2023 17:15:00,13262.25000,14/02/2023 08:45:00,13174.75000,@NQ,1,1,-1750.00,2795.0000,-1745.0000,
14/02/2023 09:15:00,13301.00000,14/02/2023 09:45:00,13213.50000,@NQ,1,1,-1750.00,1750.0000,-480.0000,
15/02/2023 17:15:00,13455.00000,16/02/2023 07:45:00,13367.50000,@NQ,1,1,-1750.00,1055.0000,-1675.0000,
22/02/2023 20:00:00,12911.50000,23/02/2023 10:00:00,12824.00000,@NQ,1,1,-1750.00,1290.0000,-1745.0000,
23/02/2023 14:00:00,12919.75000,24/02/2023 04:30:00,12832.25000,@NQ,1,1,-1750.00,880.0000,-1745.0000,
09/03/2023 08:30:00,12970.25000,09/03/2023 12:30:00,12882.75000,@NQ,1,1,-1750.00,1965.0000,-1590.0000,
15/03/2023 17:15:00,12985.00000,16/03/2023 10:30:00,13150.00000,@NQ,1,1,3300.00,3155.0000,-1695.0000,
16/03/2023 10:45:00,13182.25000,17/03/2023 02:00:00,13347.25000,@NQ,1,1,3300.00,3080.0000,-265.0000,
21/03/2023 06:45:00,13358.25000,22/03/2023 09:30:00,13523.25000,@NQ,1,1,3300.00,2690.0000,-1190.0000,
22/03/2023 09:45:00,13518.75000,22/03/2023 14:15:00,13431.25000,@NQ,1,1,-1750.00,2990.0000,-1500.0000,
26/03/2023 17:30:00,13517.75000,27/03/2023 10:15:00,13430.25000,@NQ,1,1,-1750.00,1060.0000,-1655.0000,
29/03/2023 02:45:00,13435.50000,30/03/2023 05:15:00,13600.50000,@NQ,1,1,3300.00,3250.0000,-435.0000,
30/03/2023 05:30:00,13599.25000,31/03/2023 09:45:00,13764.25000,@NQ,1,1,3300.00,3105.0000,-35.0000,
31/03/2023 10:00:00,13772.75000,05/04/2023 09:30:00,13685.25000,@NQ,1,1,-1750.00,3245.0000,-1745.0000,
18/04/2023 03:30:00,13817.50000,18/04/2023 14:00:00,13730.00000,@NQ,1,1,-1750.00,1350.0000,-1595.0000,
24/04/2023 09:00:00,13711.00000,24/04/2023 09:45:00,13623.50000,@NQ,1,1,-1750.00,155.0000,-1145.0000,
27/04/2023 07:30:00,13613.75000,27/04/2023 12:45:00,13778.75000,@NQ,1,1,3300.00,3210.0000,-880.0000,
10/05/2023 08:00:00,13963.50000,10/05/2023 12:30:00,13876.00000,@NQ,1,1,-1750.00,1130.0000,-1580.0000,
11/05/2023 17:15:00,14032.25000,12/05/2023 11:30:00,13944.75000,@NQ,1,1,-1750.00,965.0000,-1545.0000,
16/05/2023 17:15:00,14084.75000,17/05/2023 13:00:00,14249.75000,@NQ,1,1,3300.00,3110.0000,-485.0000,
17/05/2023 13:15:00,14253.50000,18/05/2023 10:45:00,14418.50000,@NQ,1,1,3300.00,3265.0000,-965.0000,
24/05/2023 17:30:00,14455.25000,26/05/2023 06:30:00,14620.25000,@NQ,1,1,3300.00,3290.0000,-1320.0000,
30/05/2023 03:45:00,15049.75000,30/05/2023 12:45:00,14962.25000,@NQ,1,1,-1750.00,2130.0000,-1640.0000,
01/06/2023 11:30:00,15025.50000,02/06/2023 08:45:00,15190.50000,@NQ,1,1,3300.00,2515.0000,-115.0000,
02/06/2023 09:00:00,15191.25000,02/06/2023 09:00:00,15103.75000,@NQ,1,1,-1750.00,110.0000,-1470.0000,
07/06/2023 09:00:00,15253.50000,07/06/2023 09:30:00,15166.00000,@NQ,1,1,-1750.00,60.0000,-1595.0000,
13/06/2023 17:15:00,15517.00000,14/06/2023 13:15:00,15429.50000,@NQ,1,1,-1750.00,2115.0000,-1510.0000,
14/06/2023 15:15:00,15609.75000,15/06/2023 04:30:00,15522.25000,@NQ,1,1,-1750.00,810.0000,-1635.0000,
15/06/2023 09:45:00,15672.00000,15/06/2023 14:00:00,15837.00000,@NQ,1,1,3300.00,3155.0000,-975.0000,
28/06/2023 17:15:00,15567.75000,29/06/2023 09:15:00,15480.25000,@NQ,1,1,-1750.00,835.0000,-1660.0000,
30/06/2023 08:00:00,15649.75000,05/07/2023 09:30:00,15814.75000,@NQ,1,1,3300.00,3110.0000,-350.0000,
05/07/2023 09:45:00,15816.75000,05/07/2023 22:30:00,15729.25000,@NQ,1,1,-1750.00,440.0000,-1740.0000,
11/07/2023 17:15:00,15664.75000,12/07/2023 07:45:00,15829.75000,@NQ,1,1,3300.00,3155.0000,-70.0000,
12/07/2023 08:00:00,15806.00000,13/07/2023 07:15:00,15971.00000,@NQ,1,1,3300.00,3210.0000,-1105.0000,
13/07/2023 07:30:00,15968.75000,13/07/2023 14:45:00,16133.75000,@NQ,1,1,3300.00,3275.0000,-680.0000,
25/07/2023 04:00:00,16027.50000,26/07/2023 10:00:00,15940.00000,@NQ,1,1,-1750.00,2370.0000,-1140.0000,
27/07/2023 02:45:00,16149.75000,27/07/2023 13:15:00,16062.25000,@NQ,1,1,-1750.00,3220.0000,-1310.0000,
04/08/2023 01:15:00,15960.00000,04/08/2023 06:30:00,15872.50000,@NQ,1,1,-1750.00,100.0000,-1715.0000,
14/08/2023 17:15:00,15685.75000,15/08/2023 03:15:00,15598.25000,@NQ,1,1,-1750.00,1120.0000,-1725.0000,
21/08/2023 03:15:00,15220.75000,21/08/2023 13:45:00,15385.75000,@NQ,1,1,3300.00,3230.0000,-505.0000,
23/08/2023 09:30:00,15530.25000,23/08/2023 15:30:00,15695.25000,@NQ,1,1,3300.00,2380.0000,-345.0000,
28/08/2023 17:15:00,15505.50000,29/08/2023 09:30:00,15670.50000,@NQ,1,1,3300.00,3065.0000,-980.0000,
29/08/2023 09:45:00,15698.00000,29/08/2023 20:30:00,15863.00000,@NQ,1,1,3300.00,3195.0000,-45.0000,
30/08/2023 00:15:00,15847.25000,31/08/2023 09:45:00,16012.25000,@NQ,1,1,3300.00,3285.0000,-1580.0000,
31/08/2023 10:00:00,15994.25000,31/08/2023 12:00:00,15906.75000,@NQ,1,1,-1750.00,95.0000,-1400.0000,
01/09/2023 08:00:00,16030.75000,01/09/2023 08:45:00,15943.25000,@NQ,1,1,-1750.00,745.0000,-1435.0000,
05/09/2023 14:15:00,15992.00000,05/09/2023 21:00:00,15904.50000,@NQ,1,1,-1750.00,15.0000,-1575.0000,
13/09/2023 23:15:00,15834.00000,14/09/2023 09:30:00,15746.50000,@NQ,1,1,-1750.00,485.0000,-1745.0000,
14/09/2023 10:00:00,15856.00000,15/09/2023 08:45:00,15768.50000,@NQ,1,1,-1750.00,1485.0000,-1655.0000,
28/09/2023 10:45:00,15037.50000,29/09/2023 07:45:00,15202.50000,@NQ,1,1,3300.00,2955.0000,-315.0000,
06/10/2023 11:00:00,15215.25000,09/10/2023 12:45:00,15380.25000,@NQ,1,1,3300.00,3110.0000,-1105.0000,
09/10/2023 17:15:00,15407.00000,10/10/2023 10:45:00,15572.00000,@NQ,1,1,3300.00,3250.0000,-495.0000,
10/10/2023 11:00:00,15585.50000,10/10/2023 12:15:00,15498.00000,@NQ,1,1,-1750.00,170.0000,-1455.0000,
11/10/2023 15:30:00,15621.00000,12/10/2023 12:30:00,15533.50000,@NQ,1,1,-1750.00,1165.0000,-1580.0000,
07/11/2023 08:45:00,15486.25000,09/11/2023 11:00:00,15651.25000,@NQ,1,1,3300.00,3140.0000,-1035.0000,
09/11/2023 11:15:00,15653.00000,09/11/2023 12:15:00,15565.50000,@NQ,1,1,-1750.00,35.0000,-1235.0000,
10/11/2023 11:30:00,15687.25000,14/11/2023 07:45:00,15852.25000,@NQ,1,1,3300.00,2720.0000,-230.0000,
14/11/2023 08:00:00,16003.00000,15/11/2023 03:00:00,16168.00000,@NQ,1,1,3300.00,3270.0000,-80.0000,
17/11/2023 03:00:00,16120.25000,20/11/2023 12:30:00,16285.25000,@NQ,1,1,3300.00,3240.0000,-1695.0000,
20/11/2023 12:45:00,16282.00000,21/11/2023 08:45:00,16194.50000,@NQ,1,1,-1750.00,1020.0000,-1425.0000,
22/11/2023 09:00:00,16352.75000,22/11/2023 09:00:00,16265.25000,@NQ,1,1,-1750.00,100.0000,-375.0000,
27/11/2023 12:30:00,16298.75000,27/11/2023 13:45:00,16211.25000,@NQ,1,1,-1750.00,20.0000,-1160.0000,
28/11/2023 19:30:00,16283.50000,30/11/2023 08:45:00,16196.00000,@NQ,1,1,-1750.00,2710.0000,-1740.0000,
07/12/2023 11:45:00,16259.75000,08/12/2023 07:45:00,16172.25000,@NQ,1,1,-1750.00,335.0000,-1710.0000,
10/12/2023 17:15:00,16301.25000,11/12/2023 18:30:00,16466.25000,@NQ,1,1,3300.00,3175.0000,-900.0000,
12/12/2023 17:15:00,16596.00000,13/12/2023 13:45:00,16761.00000,@NQ,1,1,3300.00,3045.0000,-400.0000,
13/12/2023 14:00:00,16763.25000,14/12/2023 13:00:00,16675.75000,@NQ,1,1,-1750.00,2435.0000,-1640.0000,
18/12/2023 09:45:00,16902.25000,20/12/2023 09:45:00,17067.25000,@NQ,1,1,3300.00,3045.0000,-930.0000,
20/12/2023 10:00:00,17064.75000,20/12/2023 13:45:00,16977.25000,@NQ,1,1,-1750.00,20.0000,-1535.0000,
26/12/2023 09:00:00,17042.75000,29/12/2023 10:30:00,16955.25000,@NQ,1,1,-1750.00,2450.0000,-1385.0000,
09/01/2024 17:15:00,16829.50000,10/01/2024 20:15:00,16994.50000,@NQ,1,1,3300.00,3230.0000,-560.0000,
18/01/2024 06:00:00,16988.00000,18/01/2024 18:30:00,17153.00000,@NQ,1,1,3300.00,3280.0000,-910.0000,
23/01/2024 17:30:00,17572.75000,24/01/2024 09:45:00,17737.75000,@NQ,1,1,3300.00,3035.0000,-80.0000,
24/01/2024 10:00:00,17762.50000,24/01/2024 13:30:00,17675.00000,@NQ,1,1,-1750.00,620.0000,-1725.0000,
06/02/2024,17746.25000,06/02/2024 09:00:00,17658.75000,@NQ,1,1,-1750.00,455.0000,-1730.0000,
07/02/2024 08:45:00,17773.50000,09/02/2024 06:30:00,17938.50000,@NQ,1,1,3300.00,3155.0000,-1095.0000,
09/02/2024 06:45:00,17932.25000,12/02/2024 10:45:00,18097.25000,@NQ,1,1,3300.00,3300.0000,-1145.0000,
15/02/2024 17:15:00,17952.00000,16/02/2024 09:00:00,17864.50000,@NQ,1,1,-1750.00,1480.0000,-1490.0000,
29/02/2024 08:30:00,18022.75000,29/02/2024 10:45:00,17935.25000,@NQ,1,1,-1750.00,995.0000,-1365.0000,
