13/10/2010 16:00:00,3008.25000,15/10/2010 16:00:00,3038.25000,@NQ,1,1,600.00,610.0000,-95.0000,
21/10/2010 16:00:00,3056.75000,25/10/2010 16:00:00,3071.75000,@NQ,1,1,300.00,310.0000,-445.0000,
26/10/2010 16:00:00,3077.00000,28/10/2010 16:00:00,3088.75000,@NQ,1,1,235.00,315.0000,-335.0000,
29/10/2010 16:00:00,3096.25000,02/11/2010 16:00:00,3095.25000,@NQ,1,1,-20.00,360.0000,-270.0000,
03/11/2010 16:00:00,3118.75000,05/11/2010 16:00:00,3150.50000,@NQ,1,1,635.00,800.0000,-420.0000,
11/11/2010 16:00:00,3121.75000,15/11/2010 16:00:00,3101.75000,@NQ,-1,1,400.00,695.0000,-430.0000,
18/11/2010 16:00:00,3065.25000,22/11/2010 16:00:00,3106.75000,@NQ,1,1,830.00,985.0000,-5.0000,
23/11/2010 16:00:00,3120.75000,25/11/2010 16:00:00,3126.75000,@NQ,1,1,120.00,245.0000,-965.0000,
09/12/2010 16:00:00,3169.75000,13/12/2010 16:00:00,3186.25000,@NQ,1,1,330.00,330.0000,-160.0000,
14/12/2010 16:00:00,3178.50000,16/12/2010 16:00:00,3173.25000,@NQ,1,1,-105.00,285.0000,-265.0000,
17/12/2010 16:00:00,3189.75000,21/12/2010 16:00:00,3189.50000,@NQ,1,1,-5.00,190.0000,-300.0000,
22/12/2010 16:00:00,3201.25000,27/12/2010 16:00:00,3196.50000,@NQ,1,1,-95.00,140.0000,-165.0000,
28/12/2010 16:00:00,3199.25000,30/12/2010 16:00:00,3199.75000,@NQ,1,1,10.00,140.0000,-175.0000,
06/01/2011 16:00:00,3239.25000,10/01/2011 16:00:00,3241.50000,@NQ,1,1,45.00,245.0000,-360.0000,
11/01/2011 16:00:00,3251.00000,13/01/2011 16:00:00,3272.50000,@NQ,1,1,430.00,500.0000,-75.0000,
21/01/2011 16:00:00,3254.50000,25/01/2011 16:00:00,3266.00000,@NQ,1,1,230.00,310.0000,-415.0000,
26/01/2011 16:00:00,3269.75000,28/01/2011 16:00:00,3291.00000,@NQ,1,1,425.00,680.0000,-50.0000,
31/01/2011 16:00:00,3234.75000,02/02/2011 16:00:00,3290.00000,@NQ,1,1,1105.00,1255.0000,-340.0000,
03/02/2011 16:00:00,3288.00000,07/02/2011 16:00:00,3307.00000,@NQ,1,1,380.00,415.0000,-460.0000,
08/02/2011 16:00:00,3311.75000,10/02/2011 16:00:00,3320.00000,@NQ,1,1,165.00,460.0000,-20.0000,
17/02/2011 16:00:00,3361.00000,21/02/2011 16:00:00,3362.75000,@NQ,1,1,35.00,180.0000,-195.0000,
22/02/2011 16:00:00,3337.50000,24/02/2011 16:00:00,3274.25000,@NQ,1,1,-1265.00,20.0000,-1665.0000,
25/02/2011 16:00:00,3281.25000,01/03/2011 16:00:00,3322.25000,@NQ,1,1,820.00,1020.0000,-15.0000,
02/03/2011 16:00:00,3275.25000,04/03/2011 16:00:00,3341.75000,@NQ,1,1,1330.00,1400.0000,-85.0000,
08/03/2011 16:00:00,3294.75000,10/03/2011 16:00:00,3282.50000,@NQ,1,1,-245.00,450.0000,-345.0000,
11/03/2011 16:00:00,3253.50000,15/03/2011 16:00:00,3262.00000,@NQ,1,1,170.00,440.0000,-385.0000,
16/03/2011 16:00:00,3219.00000,18/03/2011 16:00:00,3195.25000,@NQ,1,1,-475.00,285.0000,-1235.0000,
24/03/2011 16:00:00,3234.25000,28/03/2011 16:00:00,3287.75000,@NQ,-1,1,-1070.00,10.0000,-1340.0000,
31/03/2011 16:00:00,3306.00000,04/04/2011 16:00:00,3308.75000,@NQ,1,1,55.00,470.0000,-140.0000,
05/04/2011 16:00:00,3313.25000,07/04/2011 16:00:00,3298.75000,@NQ,1,1,-290.00,165.0000,-500.0000,
08/04/2011 16:00:00,3302.75000,12/04/2011 16:00:00,3276.00000,@NQ,1,1,-535.00,230.0000,-585.0000,
13/04/2011 16:00:00,3266.25000,15/04/2011 16:00:00,3272.25000,@NQ,1,1,120.00,495.0000,-145.0000,
21/04/2011 16:00:00,3348.50000,26/04/2011 16:00:00,3352.25000,@NQ,1,1,75.00,115.0000,-205.0000,
27/04/2011 16:00:00,3362.25000,29/04/2011 16:00:00,3370.00000,@NQ,1,1,155.00,500.0000,-70.0000,
02/05/2011 16:00:00,3379.50000,04/05/2011 16:00:00,3359.25000,@NQ,1,1,-405.00,400.0000,-680.0000,
05/05/2011 16:00:00,3357.25000,09/05/2011 16:00:00,3349.50000,@NQ,1,1,-155.00,480.0000,-445.0000,
10/05/2011 16:00:00,3359.25000,12/05/2011 16:00:00,3353.75000,@NQ,1,1,-110.00,550.0000,-275.0000,
26/05/2011 16:00:00,3280.75000,30/05/2011 16:00:00,3302.75000,@NQ,-1,1,-440.00,145.0000,-585.0000,
02/06/2011 16:00:00,3289.00000,06/06/2011 16:00:00,3260.00000,@NQ,1,1,-580.00,360.0000,-655.0000,
07/06/2011 16:00:00,3244.00000,09/06/2011 16:00:00,3221.25000,@NQ,1,1,-455.00,315.0000,-540.0000,
16/06/2011 16:00:00,3181.75000,20/06/2011 16:00:00,3164.75000,@NQ,1,1,-340.00,245.0000,-600.0000,
21/06/2011 16:00:00,3177.00000,23/06/2011 16:00:00,3203.50000,@NQ,1,1,530.00,980.0000,-75.0000,
07/07/2011 16:00:00,3355.25000,11/07/2011 16:00:00,3379.50000,@NQ,1,1,485.00,835.0000,-85.0000,
12/07/2011 16:00:00,3337.00000,14/07/2011 16:00:00,3306.25000,@NQ,1,1,-615.00,265.0000,-625.0000,
15/07/2011 16:00:00,3313.75000,19/07/2011 16:00:00,3316.25000,@NQ,1,1,50.00,405.0000,-395.0000,
20/07/2011 16:00:00,3381.25000,22/07/2011 16:00:00,3386.50000,@NQ,1,1,105.00,170.0000,-820.0000,
28/07/2011 16:00:00,3335.75000,01/08/2011 16:00:00,3361.25000,@NQ,1,1,510.00,765.0000,-450.0000,
02/08/2011 16:00:00,3319.25000,04/08/2011 16:00:00,3281.00000,@NQ,1,1,-765.00,225.0000,-1820.0000,
18/08/2011 16:00:00,3143.75000,22/08/2011 16:00:00,3016.25000,@NQ,-1,1,2550.00,2695.0000,-45.0000,
25/08/2011 16:00:00,3113.50000,29/08/2011 16:00:00,3139.25000,@NQ,1,1,515.00,615.0000,-1150.0000,
30/08/2011 16:00:00,3194.75000,01/09/2011 16:00:00,3219.75000,@NQ,1,1,500.00,980.0000,-365.0000,
08/09/2011 16:00:00,3199.25000,12/09/2011 16:00:00,3120.25000,@NQ,1,1,-1580.00,400.0000,-1580.0000,
13/09/2011 16:00:00,3176.25000,15/09/2011 16:00:00,3222.75000,@NQ,1,1,930.00,1535.0000,-690.0000,
16/09/2011 16:00:00,3268.50000,20/09/2011 16:00:00,3280.25000,@NQ,1,1,235.00,525.0000,-680.0000,
21/09/2011 16:00:00,3279.25000,23/09/2011 16:00:00,3163.75000,@NQ,1,1,-2310.00,380.0000,-3090.0000,
26/09/2011 16:00:00,3170.75000,28/09/2011 16:00:00,3233.75000,@NQ,1,1,1260.00,1895.0000,-565.0000,
29/09/2011 16:00:00,3196.00000,03/10/2011 16:00:00,3106.75000,@NQ,-1,1,1785.00,1870.0000,-880.0000,
13/10/2011 16:00:00,3277.75000,17/10/2011 16:00:00,3347.50000,@NQ,1,1,1395.00,1430.0000,-170.0000,
18/10/2011 16:00:00,3296.25000,20/10/2011 16:00:00,3299.50000,@NQ,1,1,65.00,1110.0000,-225.0000,
21/10/2011 16:00:00,3278.25000,25/10/2011 16:00:00,3352.75000,@NQ,1,1,1490.00,1755.0000,-10.0000,
26/10/2011 16:00:00,3305.00000,28/10/2011 16:00:00,3377.50000,@NQ,1,1,1450.00,1680.0000,-760.0000,
31/10/2011 16:00:00,3378.00000,02/11/2011 16:00:00,3289.50000,@NQ,1,1,-1770.00,5.0000,-2300.0000,
03/11/2011 16:00:00,3302.50000,03/11/2011 16:00:00,3302.50000,@NQ,1,1,0.00,0.0000,0.0000,
03/11/2011 16:00:00,3302.50000,07/11/2011 16:00:00,3336.75000,@NQ,-1,1,-685.00,865.0000,-885.0000,
08/11/2011 16:00:00,3355.75000,10/11/2011 16:00:00,3294.25000,@NQ,1,1,-1230.00,480.0000,-1460.0000,
17/11/2011 16:00:00,3291.25000,21/11/2011 16:00:00,3224.25000,@NQ,1,1,-1340.00,435.0000,-1340.0000,
22/11/2011 16:00:00,3192.50000,24/11/2011 16:00:00,3146.25000,@NQ,1,1,-925.00,290.0000,-1010.0000,
08/12/2011 16:00:00,3306.00000,12/12/2011 16:00:00,3300.00000,@NQ,1,1,-120.00,300.0000,-1140.0000,
14/12/2011 16:00:00,3250.50000,16/12/2011 16:00:00,3207.25000,@NQ,1,1,-865.00,200.0000,-1030.0000,
19/12/2011 16:00:00,3219.00000,21/12/2011 16:00:00,3251.25000,@NQ,1,1,645.00,965.0000,-615.0000,
23/12/2011 16:00:00,3248.25000,28/12/2011 16:00:00,3268.25000,@NQ,1,1,400.00,645.0000,-45.0000,
29/12/2011 16:00:00,3246.50000,03/01/2012 16:00:00,3296.50000,@NQ,-1,1,-1000.00,85.0000,-1000.0000,
05/01/2012 16:00:00,3312.00000,09/01/2012 16:00:00,3337.25000,@NQ,1,1,505.00,615.0000,-375.0000,
11/01/2012 16:00:00,3341.75000,13/01/2012 16:00:00,3364.25000,@NQ,1,1,450.00,505.0000,-105.0000,
16/01/2012 16:00:00,3351.25000,18/01/2012 16:00:00,3375.50000,@NQ,1,1,485.00,675.0000,-115.0000,
19/01/2012 16:00:00,3404.75000,23/01/2012 16:00:00,3414.00000,@NQ,1,1,185.00,435.0000,-45.0000,
24/01/2012 16:00:00,3418.50000,26/01/2012 16:00:00,3443.00000,@NQ,1,1,490.00,690.0000,-300.0000,
27/01/2012 16:00:00,3437.00000,31/01/2012 16:00:00,3446.50000,@NQ,1,1,190.00,250.0000,-475.0000,
01/02/2012 16:00:00,3441.25000,03/02/2012 16:00:00,3476.25000,@NQ,1,1,700.00,870.0000,-75.0000,
06/02/2012 16:00:00,3503.75000,08/02/2012 16:00:00,3512.25000,@NQ,1,1,170.00,300.0000,-185.0000,
09/02/2012 16:00:00,3521.50000,13/02/2012 16:00:00,3540.75000,@NQ,1,1,385.00,550.0000,-45.0000,
14/02/2012 16:00:00,3551.25000,16/02/2012 16:00:00,3537.00000,@NQ,1,1,-285.00,665.0000,-335.0000,
17/02/2012 16:00:00,3577.50000,21/02/2012 16:00:00,3576.00000,@NQ,1,1,-30.00,125.0000,-430.0000,
22/02/2012 16:00:00,3575.25000,24/02/2012 16:00:00,3586.75000,@NQ,1,1,230.00,230.0000,-440.0000,
01/03/2012 16:00:00,3602.50000,05/03/2012 16:00:00,3623.75000,@NQ,1,1,425.00,630.0000,-40.0000,
06/03/2012 16:00:00,3598.75000,08/03/2012 16:00:00,3590.50000,@NQ,1,1,-165.00,55.0000,-795.0000,
09/03/2012 16:00:00,3620.50000,13/03/2012 16:00:00,3636.25000,@NQ,1,1,315.00,335.0000,-90.0000,
14/03/2012 16:00:00,3681.50000,16/03/2012 16:00:00,3700.00000,@NQ,1,1,370.00,505.0000,-110.0000,
19/03/2012 16:00:00,3698.00000,21/03/2012 16:00:00,3723.50000,@NQ,1,1,510.00,605.0000,-165.0000,
22/03/2012 16:00:00,3723.75000,26/03/2012 16:00:00,3719.25000,@NQ,-1,1,90.00,470.0000,-245.0000,
05/04/2012 16:00:00,3724.75000,09/04/2012 16:00:00,3715.25000,@NQ,1,1,-190.00,520.0000,-325.0000,
10/04/2012 16:00:00,3720.75000,12/04/2012 16:00:00,3697.75000,@NQ,1,1,-460.00,295.0000,-940.0000,
13/04/2012 16:00:00,3724.50000,17/04/2012 16:00:00,3653.75000,@NQ,1,1,-1415.00,155.0000,-1570.0000,
18/04/2012 16:00:00,3704.00000,20/04/2012 16:00:00,3675.25000,@NQ,1,1,-575.00,410.0000,-860.0000,
23/04/2012 16:00:00,3660.50000,25/04/2012 16:00:00,3659.25000,@NQ,1,1,-25.00,80.0000,-925.0000,
26/04/2012 16:00:00,3695.00000,26/04/2012 16:00:00,3695.00000,@NQ,1,1,0.00,0.0000,0.0000,
26/04/2012 16:00:00,3695.00000,30/04/2012 16:00:00,3730.50000,@NQ,-1,1,-710.00,210.0000,-810.0000,
01/05/2012 16:00:00,3709.75000,03/05/2012 16:00:00,3717.75000,@NQ,1,1,160.00,655.0000,-355.0000,
10/05/2012 16:00:00,3592.50000,14/05/2012 16:00:00,3591.50000,@NQ,-1,1,20.00,110.0000,-745.0000,
17/05/2012 16:00:00,3546.25000,21/05/2012 16:00:00,3462.00000,@NQ,1,1,-1685.00,285.0000,-1775.0000,
22/05/2012 16:00:00,3533.25000,24/05/2012 16:00:00,3530.75000,@NQ,1,1,-50.00,355.0000,-925.0000,
14/06/2012 16:00:00,3519.25000,18/06/2012 16:00:00,3575.75000,@NQ,1,1,1130.00,1130.0000,-295.0000,
19/06/2012 16:00:00,3588.25000,21/06/2012 16:00:00,3614.75000,@NQ,1,1,530.00,710.0000,-155.0000,
22/06/2012 16:00:00,3552.75000,26/06/2012 16:00:00,3524.25000,@NQ,1,1,-570.00,490.0000,-725.0000,
27/06/2012 16:00:00,3538.25000,29/06/2012 16:00:00,3522.75000,@NQ,1,1,-310.00,575.0000,-785.0000,
02/07/2012 16:00:00,3607.50000,04/07/2012 16:00:00,3637.00000,@NQ,1,1,590.00,620.0000,-250.0000,
05/07/2012 16:00:00,3636.00000,09/07/2012 16:00:00,3598.00000,@NQ,1,1,-760.00,305.0000,-1000.0000,
10/07/2012 16:00:00,3599.25000,12/07/2012 16:00:00,3564.75000,@NQ,1,1,-690.00,435.0000,-1215.0000,
19/07/2012 16:00:00,3628.50000,23/07/2012 16:00:00,3604.50000,@NQ,1,1,-480.00,500.0000,-480.0000,
24/07/2012 16:00:00,3566.75000,26/07/2012 16:00:00,3541.75000,@NQ,1,1,-500.00,375.0000,-1090.0000,
27/07/2012 16:00:00,3572.75000,31/07/2012 16:00:00,3633.25000,@NQ,1,1,1210.00,1610.0000,-95.0000,
01/08/2012 16:00:00,3631.50000,03/08/2012 16:00:00,3613.50000,@NQ,1,1,-360.00,405.0000,-720.0000,
06/08/2012 16:00:00,3670.50000,08/08/2012 16:00:00,3703.50000,@NQ,1,1,660.00,960.0000,-65.0000,
10/08/2012 16:00:00,3712.00000,14/08/2012 16:00:00,3725.00000,@NQ,1,1,260.00,265.0000,-285.0000,
15/08/2012 16:00:00,3720.00000,17/08/2012 16:00:00,3762.00000,@NQ,1,1,840.00,990.0000,-120.0000,
20/08/2012 16:00:00,3770.25000,22/08/2012 16:00:00,3763.50000,@NQ,1,1,-135.00,555.0000,-265.0000,
23/08/2012 16:00:00,3777.50000,27/08/2012 16:00:00,3779.50000,@NQ,1,1,40.00,210.0000,-630.0000,
28/08/2012 16:00:00,3779.00000,30/08/2012 16:00:00,3776.25000,@NQ,1,1,-55.00,140.0000,-250.0000,
31/08/2012 16:00:00,3749.75000,04/09/2012 16:00:00,3776.75000,@NQ,1,1,540.00,620.0000,-180.0000,
05/09/2012 16:00:00,3768.25000,07/09/2012 16:00:00,3823.50000,@NQ,1,1,1105.00,1145.0000,-315.0000,
11/09/2012 16:00:00,3780.50000,13/09/2012 16:00:00,3792.00000,@NQ,1,1,230.00,360.0000,-195.0000,
14/09/2012 16:00:00,3825.50000,18/09/2012 16:00:00,3849.25000,@NQ,1,1,475.00,720.0000,-5.0000,
19/09/2012 16:00:00,3856.75000,21/09/2012 16:00:00,3856.75000,@NQ,1,1,0.00,235.0000,-345.0000,
27/09/2012 16:00:00,3781.75000,01/10/2012 16:00:00,3791.25000,@NQ,1,1,190.00,835.0000,-30.0000,
02/10/2012 16:00:00,3790.50000,04/10/2012 16:00:00,3815.50000,@NQ,1,1,500.00,580.0000,-315.0000,
11/10/2012 16:00:00,3718.75000,15/10/2012 16:00:00,3715.25000,@NQ,-1,1,70.00,185.0000,-580.0000,
25/10/2012 16:00:00,3656.75000,29/10/2012 16:00:00,3656.75000,@NQ,-1,1,0.00,1000.0000,-380.0000,
01/11/2012 16:00:00,3632.25000,05/11/2012 16:00:00,3642.75000,@NQ,1,1,210.00,1280.0000,-55.0000,
06/11/2012 16:00:00,3659.50000,08/11/2012 16:00:00,3619.50000,@NQ,1,1,-800.00,690.0000,-1165.0000,
15/11/2012 16:00:00,3533.25000,19/11/2012 16:00:00,3537.25000,@NQ,-1,1,-80.00,780.0000,-200.0000,
22/11/2012 16:00:00,3600.50000,26/11/2012 16:00:00,3635.25000,@NQ,-1,1,-695.00,40.0000,-810.0000,
29/11/2012 16:00:00,3665.75000,03/12/2012 16:00:00,3678.25000,@NQ,1,1,250.00,525.0000,-75.0000,
04/12/2012 16:00:00,3670.00000,06/12/2012 16:00:00,3638.25000,@NQ,1,1,-635.00,230.0000,-895.0000,
07/12/2012 16:00:00,3657.25000,11/12/2012 16:00:00,3649.75000,@NQ,1,1,-150.00,365.0000,-585.0000,
12/12/2012 16:00:00,3688.50000,14/12/2012 16:00:00,3652.75000,@NQ,1,1,-715.00,195.0000,-865.0000,
17/12/2012 16:00:00,3639.50000,19/12/2012 16:00:00,3709.50000,@NQ,1,1,1400.00,1500.0000,-455.0000,
21/12/2012 16:00:00,3700.00000,26/12/2012 16:00:00,3661.00000,@NQ,1,1,-780.00,55.0000,-1125.0000,
27/12/2012 16:00:00,3639.25000,31/12/2012 16:00:00,3595.50000,@NQ,1,1,-875.00,120.0000,-985.0000,
02/01/2013 16:00:00,3693.75000,04/01/2013 16:00:00,3734.00000,@NQ,1,1,805.00,1215.0000,0.0000,
10/01/2013 16:00:00,3730.00000,14/01/2013 16:00:00,3751.50000,@NQ,1,1,430.00,440.0000,-175.0000,
15/01/2013 16:00:00,3738.50000,17/01/2013 16:00:00,3733.75000,@NQ,1,1,-95.00,130.0000,-515.0000,
18/01/2013 16:00:00,3743.00000,22/01/2013 16:00:00,3748.75000,@NQ,1,1,115.00,150.0000,-260.0000,
23/01/2013 16:00:00,3764.00000,25/01/2013 16:00:00,3721.75000,@NQ,1,1,-845.00,245.0000,-975.0000,
28/01/2013 16:00:00,3737.00000,30/01/2013 16:00:00,3753.00000,@NQ,1,1,320.00,360.0000,-265.0000,
31/01/2013 16:00:00,3741.50000,04/02/2013 16:00:00,3766.75000,@NQ,1,1,505.00,600.0000,-205.0000,
05/02/2013 16:00:00,3717.50000,07/02/2013 16:00:00,3747.00000,@NQ,1,1,590.00,985.0000,-15.0000,
08/02/2013 16:00:00,3749.50000,12/02/2013 16:00:00,3778.25000,@NQ,1,1,575.00,775.0000,-20.0000,
13/02/2013 16:00:00,3772.75000,15/02/2013 16:00:00,3775.00000,@NQ,1,1,45.00,330.0000,-185.0000,
18/02/2013 16:00:00,3767.25000,20/02/2013 16:00:00,3792.00000,@NQ,1,1,495.00,525.0000,-30.0000,
21/02/2013 16:00:00,3743.75000,25/02/2013 16:00:00,3744.25000,@NQ,1,1,10.00,95.0000,-735.0000,
26/02/2013 16:00:00,3709.75000,28/02/2013 16:00:00,3748.50000,@NQ,1,1,775.00,1110.0000,-265.0000,
07/03/2013 16:00:00,3801.00000,11/03/2013 16:00:00,3810.75000,@NQ,1,1,195.00,555.0000,-100.0000,
12/03/2013 16:00:00,3818.75000,14/03/2013 16:00:00,3806.75000,@NQ,1,1,-240.00,0.0000,-490.0000,
15/03/2013 16:00:00,3811.00000,19/03/2013 16:00:00,3799.00000,@NQ,1,1,-240.00,120.0000,-1020.0000,
21/03/2013 16:00:00,3800.00000,25/03/2013 16:00:00,3805.25000,@NQ,1,1,105.00,190.0000,-540.0000,
27/03/2013 16:00:00,3814.00000,01/04/2013 16:00:00,3822.75000,@NQ,1,1,175.00,250.0000,-515.0000,
02/04/2013 16:00:00,3801.50000,04/04/2013 16:00:00,3799.75000,@NQ,1,1,-35.00,665.0000,-190.0000,
05/04/2013 16:00:00,3796.75000,09/04/2013 16:00:00,3796.50000,@NQ,1,1,-5.00,65.0000,-950.0000,
10/04/2013 16:00:00,3810.75000,12/04/2013 16:00:00,3865.50000,@NQ,1,1,1095.00,1190.0000,-85.0000,
18/04/2013 16:00:00,3782.25000,22/04/2013 16:00:00,3784.25000,@NQ,1,1,40.00,350.0000,-930.0000,
23/04/2013 16:00:00,3812.50000,25/04/2013 16:00:00,3833.50000,@NQ,1,1,420.00,840.0000,-315.0000,
02/05/2013 16:00:00,3879.75000,06/05/2013 16:00:00,3948.50000,@NQ,1,1,1375.00,1595.0000,-15.0000,
07/05/2013 16:00:00,3959.25000,09/05/2013 16:00:00,3972.75000,@NQ,1,1,270.00,350.0000,-205.0000,
10/05/2013 16:00:00,3973.25000,14/05/2013 16:00:00,3993.00000,@NQ,1,1,395.00,520.0000,-55.0000,
15/05/2013 16:00:00,4007.50000,17/05/2013 16:00:00,4012.75000,@NQ,1,1,105.00,465.0000,-265.0000,
20/05/2013 16:00:00,4033.00000,22/05/2013 16:00:00,4033.50000,@NQ,1,1,10.00,310.0000,-225.0000,
23/05/2013 16:00:00,4018.00000,27/05/2013 16:00:00,4003.00000,@NQ,1,1,-300.00,45.0000,-900.0000,
28/05/2013 16:00:00,4012.00000,30/05/2013 16:00:00,4006.75000,@NQ,1,1,-105.00,730.0000,-440.0000,
31/05/2013 16:00:00,4022.75000,04/06/2013 16:00:00,3998.25000,@NQ,1,1,-490.00,235.0000,-1220.0000,
05/06/2013 16:00:00,3982.50000,07/06/2013 16:00:00,3960.00000,@NQ,1,1,-450.00,140.0000,-1205.0000,
13/06/2013 16:00:00,3933.50000,17/06/2013 16:00:00,3953.75000,@NQ,-1,1,-405.00,470.0000,-965.0000,
20/06/2013 16:00:00,3972.00000,24/06/2013 16:00:00,3883.75000,@NQ,1,1,-1765.00,35.0000,-2175.0000,
25/06/2013 16:00:00,3863.50000,27/06/2013 16:00:00,3903.00000,@NQ,1,1,790.00,930.0000,-310.0000,
04/07/2013 16:00:00,3955.00000,08/07/2013 16:00:00,3978.75000,@NQ,1,1,475.00,670.0000,-200.0000,
09/07/2013 16:00:00,3978.25000,11/07/2013 16:00:00,4028.75000,@NQ,1,1,1010.00,1010.0000,-40.0000,
12/07/2013 16:00:00,4070.25000,16/07/2013 16:00:00,4091.25000,@NQ,1,1,420.00,470.0000,-75.0000,
17/07/2013 16:00:00,4090.50000,19/07/2013 16:00:00,4066.25000,@NQ,1,1,-485.00,275.0000,-545.0000,
22/07/2013 16:00:00,4061.00000,24/07/2013 16:00:00,4055.25000,@NQ,1,1,-115.00,325.0000,-405.0000,
25/07/2013 16:00:00,4069.75000,29/07/2013 16:00:00,4087.25000,@NQ,1,1,350.00,420.0000,-500.0000,
31/07/2013 16:00:00,4099.75000,02/08/2013 16:00:00,4135.50000,@NQ,1,1,715.00,820.0000,-65.0000,
05/08/2013 16:00:00,4153.50000,07/08/2013 16:00:00,4135.00000,@NQ,1,1,-370.00,80.0000,-600.0000,
08/08/2013 16:00:00,4134.50000,12/08/2013 16:00:00,4130.75000,@NQ,1,1,-75.00,385.0000,-205.0000,
13/08/2013 16:00:00,4143.25000,15/08/2013 16:00:00,4130.25000,@NQ,1,1,-260.00,440.0000,-425.0000,
16/08/2013 16:00:00,4089.00000,20/08/2013 16:00:00,4088.50000,@NQ,1,1,-10.00,575.0000,-230.0000,
21/08/2013 16:00:00,4099.00000,23/08/2013 16:00:00,4120.75000,@NQ,1,1,435.00,505.0000,-525.0000,
29/08/2013 16:00:00,4085.50000,02/09/2013 16:00:00,4106.00000,@NQ,-1,1,-410.00,125.0000,-815.0000,
05/09/2013 16:00:00,4148.75000,09/09/2013 16:00:00,4150.00000,@NQ,1,1,25.00,375.0000,-700.0000,
10/09/2013 16:00:00,4188.75000,12/09/2013 16:00:00,4202.25000,@NQ,1,1,270.00,355.0000,-230.0000,
13/09/2013 16:00:00,4195.75000,17/09/2013 16:00:00,4182.50000,@NQ,1,1,-265.00,830.0000,-330.0000,
18/09/2013 16:00:00,4209.75000,20/09/2013 16:00:00,4258.00000,@NQ,1,1,965.00,1040.0000,-50.0000,
23/09/2013 16:00:00,4246.75000,25/09/2013 16:00:00,4239.25000,@NQ,1,1,-150.00,285.0000,-495.0000,
26/09/2013 16:00:00,4226.50000,30/09/2013 16:00:00,4235.50000,@NQ,1,1,180.00,655.0000,-5.0000,
01/10/2013 16:00:00,4245.25000,03/10/2013 16:00:00,4263.75000,@NQ,1,1,370.00,600.0000,-165.0000,
04/10/2013 16:00:00,4225.25000,08/10/2013 16:00:00,4230.50000,@NQ,1,1,105.00,765.0000,-35.0000,
09/10/2013 16:00:00,4170.25000,11/10/2013 16:00:00,4217.50000,@NQ,1,1,945.00,1265.0000,-710.0000,
17/10/2013 16:00:00,4284.25000,21/10/2013 16:00:00,4368.75000,@NQ,1,1,1690.00,1755.0000,-100.0000,
22/10/2013 16:00:00,4377.00000,24/10/2013 16:00:00,4366.25000,@NQ,1,1,-215.00,485.0000,-615.0000,
25/10/2013 16:00:00,4400.75000,29/10/2013 16:00:00,4401.75000,@NQ,1,1,20.00,320.0000,-320.0000,
30/10/2013 16:00:00,4414.25000,01/11/2013 16:00:00,4401.25000,@NQ,1,1,-260.00,230.0000,-590.0000,
04/11/2013 16:00:00,4392.00000,06/11/2013 16:00:00,4404.00000,@NQ,1,1,240.00,450.0000,-245.0000,
07/11/2013 16:00:00,4398.00000,11/11/2013 16:00:00,4385.50000,@NQ,1,1,-250.00,260.0000,-1280.0000,
12/11/2013 16:00:00,4378.75000,14/11/2013 16:00:00,4416.50000,@NQ,1,1,755.00,1040.0000,-330.0000,
28/11/2013 16:00:00,4493.00000,02/12/2013 16:00:00,4517.00000,@NQ,1,1,480.00,550.0000,-5.0000,
03/12/2013 16:00:00,4507.75000,05/12/2013 16:00:00,4506.50000,@NQ,1,1,-25.00,205.0000,-610.0000,
09/12/2013 16:00:00,4529.00000,11/12/2013 16:00:00,4541.50000,@NQ,1,1,250.00,395.0000,0.0000,
12/12/2013 16:00:00,4495.75000,16/12/2013 16:00:00,4483.25000,@NQ,-1,1,250.00,430.0000,-160.0000,
19/12/2013 16:00:00,4537.75000,23/12/2013 16:00:00,4570.00000,@NQ,1,1,645.00,645.0000,-615.0000,
24/12/2013 16:00:00,4594.50000,27/12/2013 16:00:00,4611.75000,@NQ,1,1,345.00,355.0000,-90.0000,
03/01/2014 16:00:00,4589.25000,07/01/2014 16:00:00,4545.25000,@NQ,1,1,-880.00,125.0000,-1090.0000,
08/01/2014 16:00:00,4577.25000,10/01/2014 16:00:00,4578.75000,@NQ,1,1,30.00,575.0000,-255.0000,
13/01/2014 16:00:00,4592.25000,15/01/2014 16:00:00,4602.75000,@NQ,1,1,210.00,265.0000,-1415.0000,
16/01/2014 16:00:00,4627.50000,20/01/2014 16:00:00,4613.50000,@NQ,-1,1,280.00,485.0000,-210.0000,
23/01/2014 16:00:00,4654.50000,27/01/2014 16:00:00,4560.75000,@NQ,1,1,-1875.00,195.0000,-1955.0000,
28/01/2014 16:00:00,4498.00000,30/01/2014 16:00:00,4509.00000,@NQ,1,1,220.00,1200.0000,-295.0000,
31/01/2014 16:00:00,4549.00000,04/02/2014 16:00:00,4468.50000,@NQ,1,1,-1610.00,255.0000,-1895.0000,
05/02/2014 16:00:00,4481.00000,07/02/2014 16:00:00,4519.75000,@NQ,1,1,775.00,945.0000,-800.0000,
13/02/2014 16:00:00,4652.25000,17/02/2014 16:00:00,4689.00000,@NQ,-1,1,-735.00,530.0000,-895.0000,
20/02/2014 16:00:00,4683.50000,24/02/2014 16:00:00,4694.75000,@NQ,1,1,225.00,645.0000,-325.0000,
25/02/2014 16:00:00,4714.75000,27/02/2014 16:00:00,4709.25000,@NQ,1,1,-110.00,330.0000,-465.0000,
28/02/2014 16:00:00,4732.75000,04/03/2014 16:00:00,4700.00000,@NQ,1,1,-655.00,375.0000,-1335.0000,
05/03/2014 16:00:00,4747.50000,07/03/2014 16:00:00,4753.00000,@NQ,1,1,110.00,375.0000,-185.0000,
10/03/2014 16:00:00,4730.50000,12/03/2014 16:00:00,4718.25000,@NQ,1,1,-245.00,490.0000,-410.0000,
13/03/2014 16:00:00,4737.00000,17/03/2014 16:00:00,4657.50000,@NQ,-1,1,1590.00,1635.0000,-290.0000,
21/03/2014 16:00:00,4726.25000,25/03/2014 16:00:00,4649.50000,@NQ,1,1,-1535.00,450.0000,-2295.0000,
26/03/2014 16:00:00,4658.50000,28/03/2014 16:00:00,4596.00000,@NQ,1,1,-1250.00,500.0000,-1745.0000,
03/04/2014 16:00:00,4694.25000,07/04/2014 16:00:00,4575.50000,@NQ,1,1,-2375.00,215.0000,-2710.0000,
08/04/2014 16:00:00,4537.75000,10/04/2014 16:00:00,4629.25000,@NQ,1,1,1830.00,1850.0000,-225.0000,
01/05/2014 16:00:00,4613.00000,05/05/2014 16:00:00,4619.25000,@NQ,1,1,125.00,570.0000,-150.0000,
06/05/2014 16:00:00,4631.00000,08/05/2014 16:00:00,4575.25000,@NQ,1,1,-1115.00,175.0000,-1950.0000,
09/05/2014 16:00:00,4569.50000,13/05/2014 16:00:00,4647.50000,@NQ,1,1,1560.00,1565.0000,-460.0000,
14/05/2014 16:00:00,4646.50000,16/05/2014 16:00:00,4599.50000,@NQ,1,1,-940.00,90.0000,-1405.0000,
19/05/2014 16:00:00,4622.75000,21/05/2014 16:00:00,4635.00000,@NQ,1,1,245.00,740.0000,-425.0000,
22/05/2014 16:00:00,4667.50000,26/05/2014 16:00:00,4715.00000,@NQ,-1,1,-950.00,5.0000,-950.0000,
05/06/2014 16:00:00,4779.25000,09/06/2014 16:00:00,4836.00000,@NQ,1,1,1135.00,1135.0000,-185.0000,
10/06/2014 16:00:00,4828.50000,12/06/2014 16:00:00,4835.00000,@NQ,1,1,130.00,245.0000,-260.0000,
13/06/2014 16:00:00,4809.25000,17/06/2014 16:00:00,4815.50000,@NQ,1,1,125.00,340.0000,-325.0000,
18/06/2014 16:00:00,4816.00000,20/06/2014 16:00:00,4828.75000,@NQ,1,1,255.00,600.0000,-365.0000,
23/06/2014 16:00:00,4835.00000,25/06/2014 16:00:00,4835.00000,@NQ,1,1,0.00,715.0000,-220.0000,
26/06/2014 16:00:00,4855.50000,30/06/2014 16:00:00,4874.25000,@NQ,-1,1,-375.00,475.0000,-500.0000,
03/07/2014 16:00:00,4933.25000,07/07/2014 16:00:00,4955.50000,@NQ,1,1,445.00,550.0000,-45.0000,
08/07/2014 16:00:00,4947.75000,10/07/2014 16:00:00,4929.25000,@NQ,1,1,-370.00,35.0000,-1275.0000,
14/07/2014 16:00:00,4940.75000,16/07/2014 16:00:00,4959.25000,@NQ,1,1,370.00,710.0000,-360.0000,
17/07/2014 16:00:00,4961.75000,21/07/2014 16:00:00,4972.25000,@NQ,1,1,210.00,335.0000,-1300.0000,
23/07/2014 16:00:00,4987.50000,25/07/2014 16:00:00,5005.50000,@NQ,1,1,360.00,930.0000,-10.0000,
28/07/2014 16:00:00,4996.75000,30/07/2014 16:00:00,5000.00000,@NQ,1,1,65.00,470.0000,-500.0000,
31/07/2014 16:00:00,5011.50000,04/08/2014 16:00:00,4915.75000,@NQ,1,1,-1915.00,30.0000,-2425.0000,
05/08/2014 16:00:00,4937.50000,07/08/2014 16:00:00,4912.00000,@NQ,1,1,-510.00,110.0000,-1055.0000,
08/08/2014 16:00:00,4898.25000,12/08/2014 16:00:00,4950.25000,@NQ,1,1,1040.00,1245.0000,-580.0000,
13/08/2014 16:00:00,4948.75000,15/08/2014 16:00:00,5015.75000,@NQ,1,1,1340.00,1345.0000,-75.0000,
21/08/2014 16:00:00,5082.50000,25/08/2014 16:00:00,5100.25000,@NQ,1,1,355.00,425.0000,-140.0000,
26/08/2014 16:00:00,5107.00000,28/08/2014 16:00:00,5114.25000,@NQ,1,1,145.00,255.0000,-50.0000,
29/08/2014 16:00:00,5118.25000,02/09/2014 16:00:00,5125.25000,@NQ,1,1,140.00,210.0000,-270.0000,
03/09/2014 16:00:00,5135.50000,05/09/2014 16:00:00,5115.00000,@NQ,1,1,-410.00,420.0000,-730.0000,
08/09/2014 16:00:00,5129.25000,10/09/2014 16:00:00,5108.25000,@NQ,1,1,-420.00,480.0000,-665.0000,
11/09/2014 16:00:00,5136.75000,11/09/2014 16:00:00,5136.75000,@NQ,1,1,0.00,0.0000,0.0000,
11/09/2014 16:00:00,5136.75000,15/09/2014 16:00:00,5101.75000,@NQ,-1,1,700.00,750.0000,-65.0000,
16/09/2014 16:00:00,5076.75000,18/09/2014 16:00:00,5121.25000,@NQ,1,1,890.00,1150.0000,-445.0000,
19/09/2014 16:00:00,5149.00000,23/09/2014 16:00:00,5094.75000,@NQ,1,1,-1085.00,400.0000,-1260.0000,
24/09/2014 16:00:00,5082.00000,26/09/2014 16:00:00,5055.25000,@NQ,1,1,-535.00,1165.0000,-670.0000,
02/10/2014 16:00:00,5031.75000,06/10/2014 16:00:00,5068.00000,@NQ,1,1,725.00,1065.0000,-1075.0000,
07/10/2014 16:00:00,5051.75000,09/10/2014 16:00:00,5079.25000,@NQ,1,1,550.00,805.0000,-1415.0000,
10/10/2014 16:00:00,4998.25000,14/10/2014 16:00:00,4848.25000,@NQ,1,1,-3000.00,380.0000,-3090.0000,
15/10/2014 16:00:00,4874.00000,17/10/2014 16:00:00,4798.00000,@NQ,1,1,-1520.00,155.0000,-2795.0000,
31/10/2014 16:00:00,5141.75000,04/11/2014 16:00:00,5207.75000,@NQ,1,1,1320.00,1645.0000,-35.0000,
05/11/2014 16:00:00,5195.00000,07/11/2014 16:00:00,5214.75000,@NQ,1,1,395.00,630.0000,-290.0000,
11/11/2014 16:00:00,5220.75000,13/11/2014 16:00:00,5243.75000,@NQ,1,1,460.00,565.0000,-170.0000,
14/11/2014 16:00:00,5253.50000,18/11/2014 16:00:00,5263.50000,@NQ,1,1,200.00,430.0000,-235.0000,
19/11/2014 16:00:00,5288.50000,21/11/2014 16:00:00,5295.75000,@NQ,1,1,145.00,200.0000,-730.0000,
24/11/2014 16:00:00,5300.00000,26/11/2014 16:00:00,5344.25000,@NQ,1,1,885.00,1070.0000,-35.0000,
27/11/2014 16:00:00,5373.75000,01/12/2014 16:00:00,5381.00000,@NQ,-1,1,-145.00,220.0000,-490.0000,
04/12/2014 16:00:00,5362.25000,08/12/2014 16:00:00,5364.50000,@NQ,1,1,45.00,330.0000,-375.0000,
09/12/2014 16:00:00,5333.00000,11/12/2014 16:00:00,5283.25000,@NQ,1,1,-995.00,315.0000,-1320.0000,
12/12/2014 16:00:00,5285.00000,16/12/2014 16:00:00,5217.25000,@NQ,1,1,-1355.00,425.0000,-1780.0000,
17/12/2014 16:00:00,5143.25000,19/12/2014 16:00:00,5323.50000,@NQ,1,1,3605.00,3670.0000,-135.0000,
22/12/2014 16:00:00,5337.00000,24/12/2014 16:00:00,5333.00000,@NQ,1,1,-80.00,600.0000,-145.0000,
26/12/2014 16:00:00,5337.00000,30/12/2014 16:00:00,5371.25000,@NQ,1,1,685.00,800.0000,0.0000,
31/12/2014 16:00:00,5338.00000,05/01/2015 16:00:00,5271.00000,@NQ,1,1,-1340.00,440.0000,-1640.0000,
06/01/2015 16:00:00,5221.50000,08/01/2015 16:00:00,5207.25000,@NQ,1,1,-285.00,120.0000,-1690.0000,
09/01/2015 16:00:00,5287.25000,13/01/2015 16:00:00,5224.50000,@NQ,1,1,-1255.00,405.0000,-1625.0000,
14/01/2015 16:00:00,5213.00000,16/01/2015 16:00:00,5127.50000,@NQ,1,1,-1710.00,640.0000,-1710.0000,
22/01/2015 16:00:00,5238.75000,26/01/2015 16:00:00,5304.50000,@NQ,1,1,1315.00,2050.0000,-385.0000,
27/01/2015 16:00:00,5321.75000,29/01/2015 16:00:00,5180.00000,@NQ,1,1,-2835.00,85.0000,-2945.0000,
06/02/2015 16:00:00,5306.00000,10/02/2015 16:00:00,5274.00000,@NQ,1,1,-640.00,345.0000,-990.0000,
11/02/2015 16:00:00,5333.25000,13/02/2015 16:00:00,5397.75000,@NQ,1,1,1290.00,1365.0000,-145.0000,
16/02/2015 16:00:00,5428.50000,18/02/2015 16:00:00,5439.50000,@NQ,1,1,220.00,300.0000,-180.0000,
19/02/2015 16:00:00,5445.25000,23/02/2015 16:00:00,5494.75000,@NQ,1,1,990.00,1095.0000,-285.0000,
24/02/2015 16:00:00,5500.25000,26/02/2015 16:00:00,5493.50000,@NQ,1,1,-135.00,315.0000,-365.0000,
27/02/2015 16:00:00,5515.50000,03/03/2015 16:00:00,5534.00000,@NQ,1,1,370.00,455.0000,-510.0000,
04/03/2015 16:00:00,5513.25000,06/03/2015 16:00:00,5506.50000,@NQ,1,1,-135.00,130.0000,-780.0000,
09/03/2015 16:00:00,5466.75000,11/03/2015 16:00:00,5389.25000,@NQ,1,1,-1550.00,260.0000,-1665.0000,
12/03/2015 16:00:00,5373.75000,16/03/2015 16:00:00,5367.25000,@NQ,1,1,-130.00,585.0000,-620.0000,
17/03/2015 16:00:00,5409.25000,19/03/2015 16:00:00,5485.00000,@NQ,1,1,1515.00,1725.0000,-245.0000,
26/03/2015 16:00:00,5388.25000,30/03/2015 16:00:00,5388.75000,@NQ,1,1,10.00,130.0000,-1140.0000,
31/03/2015 16:00:00,5431.25000,02/04/2015 16:00:00,5378.00000,@NQ,1,1,-1065.00,115.0000,-2220.0000,
09/04/2015 16:00:00,5439.25000,13/04/2015 16:00:00,5476.25000,@NQ,1,1,740.00,760.0000,-505.0000,
14/04/2015 16:00:00,5466.75000,16/04/2015 16:00:00,5487.50000,@NQ,1,1,415.00,470.0000,-775.0000,
17/04/2015 16:00:00,5477.50000,21/04/2015 16:00:00,5464.00000,@NQ,1,1,-270.00,25.0000,-1845.0000,
22/04/2015 16:00:00,5494.25000,24/04/2015 16:00:00,5553.75000,@NQ,1,1,1190.00,1280.0000,-690.0000,
27/04/2015 16:00:00,5594.25000,29/04/2015 16:00:00,5573.50000,@NQ,1,1,-415.00,450.0000,-1225.0000,
30/04/2015 16:00:00,5535.25000,04/05/2015 16:00:00,5533.00000,@NQ,1,1,-45.00,85.0000,-1750.0000,
05/05/2015 16:00:00,5535.25000,07/05/2015 16:00:00,5432.75000,@NQ,1,1,-2050.00,125.0000,-2650.0000,
21/05/2015 16:00:00,5561.25000,25/05/2015 16:00:00,5588.75000,@NQ,1,1,550.00,840.0000,-270.0000,
26/05/2015 16:00:00,5587.50000,28/05/2015 16:00:00,5601.75000,@NQ,1,1,285.00,495.0000,-1425.0000,
04/06/2015 16:00:00,5588.00000,08/06/2015 16:00:00,5540.75000,@NQ,1,1,-945.00,10.0000,-1550.0000,
09/06/2015 16:00:00,5497.00000,11/06/2015 16:00:00,5547.75000,@NQ,1,1,1015.00,1250.0000,-910.0000,
18/06/2015 16:00:00,5522.00000,22/06/2015 16:00:00,5580.25000,@NQ,1,1,1165.00,1710.0000,-285.0000,
23/06/2015 16:00:00,5606.50000,25/06/2015 16:00:00,5588.00000,@NQ,1,1,-370.00,330.0000,-485.0000,
26/06/2015 16:00:00,5574.25000,30/06/2015 16:00:00,5454.00000,@NQ,1,1,-2405.00,210.0000,-2765.0000,
01/07/2015 16:00:00,5460.50000,03/07/2015 16:00:00,5495.50000,@NQ,1,1,700.00,980.0000,-15.0000,
09/07/2015 16:00:00,5415.50000,13/07/2015 16:00:00,5451.75000,@NQ,1,1,725.00,1575.0000,-320.0000,
14/07/2015 16:00:00,5555.00000,16/07/2015 16:00:00,5602.25000,@NQ,1,1,945.00,1045.0000,-55.0000,
17/07/2015 16:00:00,5677.50000,21/07/2015 16:00:00,5739.00000,@NQ,1,1,1230.00,1525.0000,-50.0000,
22/07/2015 16:00:00,5685.75000,24/07/2015 16:00:00,5701.25000,@NQ,1,1,310.00,370.0000,-675.0000,
27/07/2015 16:00:00,5630.00000,29/07/2015 16:00:00,5625.75000,@NQ,1,1,-85.00,120.0000,-1305.0000,
30/07/2015 16:00:00,5630.50000,03/08/2015 16:00:00,5651.00000,@NQ,1,1,410.00,920.0000,-640.0000,
04/08/2015 16:00:00,5638.25000,06/08/2015 16:00:00,5659.50000,@NQ,1,1,425.00,1170.0000,-540.0000,
13/08/2015 16:00:00,5597.50000,17/08/2015 16:00:00,5600.25000,@NQ,-1,1,-55.00,615.0000,-545.0000,
20/08/2015 16:00:00,5570.00000,21/08/2015 16:00:00,5320.00000,@NQ,1,1,-5000.00,215.0000,-4970.0000,
24/08/2015 16:00:00,5251.50000,24/08/2015 16:00:00,5001.50000,@NQ,1,1,-5000.00,0.0000,-4910.0000,
25/08/2015 16:00:00,5065.75000,27/08/2015 16:00:00,5290.50000,@NQ,1,1,4495.00,4630.0000,-785.0000,
10/09/2015 16:00:00,5325.75000,14/09/2015 16:00:00,5395.25000,@NQ,1,1,1390.00,1395.0000,-655.0000,
15/09/2015 16:00:00,5374.00000,17/09/2015 16:00:00,5453.50000,@NQ,1,1,1590.00,1690.0000,-355.0000,
21/09/2015 16:00:00,5401.00000,23/09/2015 16:00:00,5340.50000,@NQ,1,1,-1210.00,735.0000,-2085.0000,
24/09/2015 16:00:00,5344.75000,28/09/2015 16:00:00,5278.75000,@NQ,1,1,-1320.00,945.0000,-1665.0000,
29/09/2015 16:00:00,5182.50000,01/10/2015 16:00:00,5230.25000,@NQ,1,1,955.00,1255.0000,-1310.0000,
02/10/2015 16:00:00,5264.50000,06/10/2015 16:00:00,5384.00000,@NQ,1,1,2390.00,2830.0000,-1535.0000,
08/10/2015 16:00:00,5400.25000,12/10/2015 16:00:00,5431.25000,@NQ,1,1,620.00,905.0000,-1180.0000,
13/10/2015 16:00:00,5453.25000,15/10/2015 16:00:00,5411.50000,@NQ,1,1,-835.00,275.0000,-1190.0000,
16/10/2015 16:00:00,5486.00000,20/10/2015 16:00:00,5527.75000,@NQ,1,1,835.00,915.0000,-275.0000,
21/10/2015 16:00:00,5499.00000,23/10/2015 16:00:00,5638.50000,@NQ,1,1,2790.00,2855.0000,-560.0000,
26/10/2015 16:00:00,5690.25000,28/10/2015 16:00:00,5711.50000,@NQ,1,1,425.00,755.0000,-425.0000,
29/10/2015 16:00:00,5740.50000,02/11/2015 16:00:00,5720.75000,@NQ,1,1,-395.00,520.0000,-565.0000,
03/11/2015 16:00:00,5764.50000,05/11/2015 16:00:00,5784.50000,@NQ,1,1,400.00,830.0000,-225.0000,
06/11/2015 16:00:00,5777.00000,10/11/2015 16:00:00,5726.25000,@NQ,1,1,-1015.00,240.0000,-1575.0000,
11/11/2015 16:00:00,5716.50000,13/11/2015 16:00:00,5660.00000,@NQ,1,1,-1130.00,690.0000,-1180.0000,
16/11/2015 16:00:00,5554.50000,18/11/2015 16:00:00,5646.50000,@NQ,1,1,1840.00,2390.0000,-465.0000,
19/11/2015 16:00:00,5726.00000,23/11/2015 16:00:00,5765.75000,@NQ,-1,1,-795.00,60.0000,-835.0000,
26/11/2015 16:00:00,5756.00000,30/11/2015 16:00:00,5761.75000,@NQ,-1,1,-115.00,300.0000,-470.0000,
04/12/2015 16:00:00,5692.25000,08/12/2015 16:00:00,5776.00000,@NQ,1,1,1675.00,2280.0000,-260.0000,
09/12/2015 16:00:00,5766.75000,11/12/2015 16:00:00,5724.00000,@NQ,1,1,-855.00,340.0000,-1945.0000,
14/12/2015 16:00:00,5609.75000,16/12/2015 16:00:00,5686.00000,@NQ,1,1,1525.00,2115.0000,-1120.0000,
17/12/2015 16:00:00,5732.75000,21/12/2015 16:00:00,5596.25000,@NQ,1,1,-2730.00,670.0000,-2960.0000,
22/12/2015 16:00:00,5651.50000,24/12/2015 16:00:00,5689.25000,@NQ,1,1,755.00,1025.0000,-555.0000,
04/01/2016 16:00:00,5675.00000,06/01/2016 16:00:00,5564.50000,@NQ,1,1,-2210.00,285.0000,-3255.0000,
07/01/2016 16:00:00,5532.75000,11/01/2016 16:00:00,5346.75000,@NQ,-1,1,3720.00,3890.0000,-165.0000,
14/01/2016 16:00:00,5264.00000,18/01/2016 16:00:00,5209.25000,@NQ,1,1,-1095.00,2380.0000,-2115.0000,
19/01/2016 16:00:00,5216.00000,21/01/2016 16:00:00,5213.25000,@NQ,1,1,-55.00,1645.0000,-3000.0000,
28/01/2016 16:00:00,5232.75000,01/02/2016 16:00:00,5345.75000,@NQ,1,1,2260.00,2420.0000,-870.0000,
02/02/2016 16:00:00,5369.00000,04/02/2016 16:00:00,5252.25000,@NQ,1,1,-2335.00,10.0000,-3920.0000,
18/02/2016 16:00:00,5290.75000,22/02/2016 16:00:00,5237.75000,@NQ,-1,1,1060.00,1760.0000,-385.0000,
25/02/2016 16:00:00,5297.00000,29/02/2016 16:00:00,5307.75000,@NQ,1,1,215.00,1575.0000,-885.0000,
01/03/2016 16:00:00,5281.75000,03/03/2016 16:00:00,5409.25000,@NQ,1,1,2550.00,3170.0000,-380.0000,
04/03/2016 16:00:00,5405.50000,08/03/2016 16:00:00,5383.50000,@NQ,1,1,-440.00,640.0000,-1085.0000,
09/03/2016 16:00:00,5353.50000,11/03/2016 16:00:00,5372.25000,@NQ,1,1,375.00,1520.0000,-835.0000,
17/03/2016 16:00:00,5479.25000,21/03/2016 16:00:00,5486.25000,@NQ,-1,1,-140.00,560.0000,-500.0000,
24/03/2016 16:00:00,5486.50000,29/03/2016 16:00:00,5481.25000,@NQ,1,1,-105.00,615.0000,-600.0000,
30/03/2016 16:00:00,5552.25000,01/04/2016 16:00:00,5569.25000,@NQ,1,1,340.00,990.0000,-85.0000,
04/04/2016 16:00:00,5618.25000,06/04/2016 16:00:00,5567.50000,@NQ,1,1,-1015.00,340.0000,-1405.0000,
07/04/2016 16:00:00,5625.00000,11/04/2016 16:00:00,5561.50000,@NQ,1,1,-1270.00,120.0000,-1655.0000,
12/04/2016 16:00:00,5538.50000,14/04/2016 16:00:00,5640.00000,@NQ,1,1,2030.00,2135.0000,-410.0000,
15/04/2016 16:00:00,5640.25000,19/04/2016 16:00:00,5637.00000,@NQ,1,1,-65.00,250.0000,-955.0000,
21/04/2016 16:00:00,5624.75000,25/04/2016 16:00:00,5568.50000,@NQ,1,1,-1125.00,370.0000,-2045.0000,
26/04/2016 16:00:00,5563.75000,28/04/2016 16:00:00,5523.50000,@NQ,1,1,-805.00,350.0000,-2000.0000,
05/05/2016 16:00:00,5401.25000,09/05/2016 16:00:00,5421.25000,@NQ,-1,1,-400.00,775.0000,-655.0000,
26/05/2016 16:00:00,5565.00000,30/05/2016 16:00:00,5609.75000,@NQ,1,1,895.00,895.0000,-200.0000,
31/05/2016 16:00:00,5614.25000,02/06/2016 16:00:00,5612.00000,@NQ,1,1,-45.00,295.0000,-505.0000,
03/06/2016 16:00:00,5621.75000,07/06/2016 16:00:00,5616.00000,@NQ,1,1,-115.00,170.0000,-1030.0000,
09/06/2016 16:00:00,5610.75000,13/06/2016 16:00:00,5546.25000,@NQ,1,1,-1290.00,55.0000,-1460.0000,
14/06/2016 16:00:00,5511.75000,16/06/2016 16:00:00,5502.50000,@NQ,1,1,-185.00,470.0000,-565.0000,
17/06/2016 16:00:00,5514.75000,21/06/2016 16:00:00,5498.00000,@NQ,1,1,-335.00,430.0000,-1235.0000,
23/06/2016 16:00:00,5509.25000,27/06/2016 16:00:00,5349.50000,@NQ,-1,1,3195.00,3505.0000,-1685.0000,
30/06/2016 16:00:00,5474.50000,04/07/2016 16:00:00,5538.25000,@NQ,-1,1,-1275.00,730.0000,-1425.0000,
07/07/2016 16:00:00,5534.25000,11/07/2016 16:00:00,5619.00000,@NQ,1,1,1695.00,1770.0000,-145.0000,
12/07/2016 16:00:00,5652.25000,14/07/2016 16:00:00,5660.50000,@NQ,1,1,165.00,635.0000,-120.0000,
15/07/2016 16:00:00,5684.50000,19/07/2016 16:00:00,5709.00000,@NQ,1,1,490.00,735.0000,-695.0000,
20/07/2016 16:00:00,5708.50000,22/07/2016 16:00:00,5738.00000,@NQ,1,1,590.00,1065.0000,-225.0000,
25/07/2016 16:00:00,5758.75000,27/07/2016 16:00:00,5790.75000,@NQ,1,1,640.00,640.0000,-365.0000,
28/07/2016 16:00:00,5809.75000,01/08/2016 16:00:00,5837.00000,@NQ,1,1,545.00,545.0000,-415.0000,
02/08/2016 16:00:00,5848.75000,04/08/2016 16:00:00,5826.00000,@NQ,1,1,-455.00,205.0000,-1350.0000,
05/08/2016 16:00:00,5844.50000,09/08/2016 16:00:00,5880.00000,@NQ,1,1,710.00,1115.0000,-50.0000,
10/08/2016 16:00:00,5893.00000,12/08/2016 16:00:00,5899.50000,@NQ,1,1,130.00,350.0000,-525.0000,
15/08/2016 16:00:00,5906.25000,17/08/2016 16:00:00,5900.25000,@NQ,1,1,-120.00,570.0000,-205.0000,
18/08/2016 16:00:00,5907.75000,22/08/2016 16:00:00,5908.75000,@NQ,-1,1,-20.00,465.0000,-170.0000,
25/08/2016 16:00:00,5886.00000,29/08/2016 16:00:00,5885.50000,@NQ,1,1,-10.00,620.0000,-585.0000,
30/08/2016 16:00:00,5894.50000,01/09/2016 16:00:00,5873.75000,@NQ,1,1,-415.00,70.0000,-870.0000,
02/09/2016 16:00:00,5877.00000,06/09/2016 16:00:00,5892.50000,@NQ,1,1,310.00,805.0000,-65.0000,
07/09/2016 16:00:00,5929.75000,09/09/2016 16:00:00,5889.25000,@NQ,1,1,-810.00,185.0000,-810.0000,
15/09/2016 16:00:00,5833.00000,19/09/2016 16:00:00,5918.75000,@NQ,-1,1,-1715.00,255.0000,-1890.0000,
22/09/2016 16:00:00,5953.00000,26/09/2016 16:00:00,5956.00000,@NQ,1,1,60.00,865.0000,-125.0000,
27/09/2016 16:00:00,5917.75000,29/09/2016 16:00:00,5970.75000,@NQ,1,1,1060.00,1190.0000,-260.0000,
30/09/2016 16:00:00,5943.25000,04/10/2016 16:00:00,5970.75000,@NQ,1,1,550.00,925.0000,-550.0000,
05/10/2016 16:00:00,5960.50000,07/10/2016 16:00:00,5974.25000,@NQ,1,1,275.00,640.0000,-220.0000,
10/10/2016 16:00:00,5972.00000,12/10/2016 16:00:00,5926.25000,@NQ,1,1,-915.00,670.0000,-1400.0000,
13/10/2016 16:00:00,5908.75000,17/10/2016 16:00:00,5907.50000,@NQ,1,1,-25.00,725.0000,-1005.0000,
18/10/2016 16:00:00,5906.25000,20/10/2016 16:00:00,5932.25000,@NQ,1,1,520.00,1090.0000,-50.0000,
21/10/2016 16:00:00,5948.25000,25/10/2016 16:00:00,6010.25000,@NQ,1,1,1240.00,1290.0000,-590.0000,
27/10/2016 16:00:00,5956.00000,31/10/2016 16:00:00,5899.25000,@NQ,1,1,-1135.00,565.0000,-1310.0000,
01/11/2016 16:00:00,5906.75000,03/11/2016 16:00:00,5804.00000,@NQ,1,1,-2055.00,285.0000,-2055.0000,
17/11/2016 16:00:00,5885.50000,21/11/2016 16:00:00,5917.50000,@NQ,-1,1,-640.00,70.0000,-1180.0000,
24/11/2016 16:00:00,5954.50000,28/11/2016 16:00:00,5968.25000,@NQ,1,1,275.00,390.0000,-220.0000,
29/11/2016 16:00:00,5965.00000,01/12/2016 16:00:00,5923.00000,@NQ,1,1,-840.00,735.0000,-970.0000,
02/12/2016 16:00:00,5839.50000,06/12/2016 16:00:00,5884.75000,@NQ,1,1,905.00,1205.0000,-680.0000,
07/12/2016 16:00:00,5893.00000,09/12/2016 16:00:00,5965.25000,@NQ,1,1,1445.00,1610.0000,-510.0000,
16/12/2016 16:00:00,6045.25000,20/12/2016 16:00:00,6044.75000,@NQ,1,1,-10.00,525.0000,-715.0000,
21/12/2016 16:00:00,6061.25000,23/12/2016 16:00:00,6039.00000,@NQ,1,1,-445.00,80.0000,-780.0000,
29/12/2016 16:00:00,6029.00000,03/01/2017 16:00:00,5982.00000,@NQ,1,1,-940.00,325.0000,-1475.0000,
04/01/2017 16:00:00,6011.75000,06/01/2017 16:00:00,6067.75000,@NQ,1,1,1120.00,1155.0000,-70.0000,
12/01/2017 16:00:00,6149.75000,16/01/2017 16:00:00,6161.50000,@NQ,1,1,235.00,375.0000,-1085.0000,
18/01/2017 16:00:00,6145.75000,20/01/2017 16:00:00,6160.75000,@NQ,1,1,300.00,685.0000,-130.0000,
23/01/2017 16:00:00,6164.25000,25/01/2017 16:00:00,6205.25000,@NQ,1,1,820.00,900.0000,-575.0000,
26/01/2017 16:00:00,6253.50000,30/01/2017 16:00:00,6251.50000,@NQ,-1,1,40.00,180.0000,-405.0000,
02/02/2017 16:00:00,6253.00000,06/02/2017 16:00:00,6262.50000,@NQ,1,1,190.00,290.0000,-565.0000,
07/02/2017 16:00:00,6262.25000,09/02/2017 16:00:00,6295.00000,@NQ,1,1,655.00,800.0000,-55.0000,
23/02/2017 16:00:00,6457.75000,27/02/2017 16:00:00,6445.25000,@NQ,-1,1,250.00,1070.0000,-175.0000,
02/03/2017 16:00:00,6488.00000,06/03/2017 16:00:00,6474.25000,@NQ,1,1,-275.00,220.0000,-770.0000,
07/03/2017 16:00:00,6460.00000,09/03/2017 16:00:00,6466.75000,@NQ,1,1,135.00,450.0000,-420.0000,
16/03/2017 16:00:00,6518.25000,20/03/2017 16:00:00,6508.50000,@NQ,1,1,-195.00,460.0000,-295.0000,
21/03/2017 16:00:00,6517.00000,23/03/2017 16:00:00,6466.75000,@NQ,1,1,-1005.00,505.0000,-2015.0000,
24/03/2017 16:00:00,6457.50000,28/03/2017 16:00:00,6483.75000,@NQ,1,1,525.00,775.0000,-780.0000,
29/03/2017 16:00:00,6510.25000,31/03/2017 16:00:00,6542.00000,@NQ,1,1,635.00,840.0000,-85.0000,
03/04/2017 16:00:00,6538.00000,05/04/2017 16:00:00,6548.25000,@NQ,1,1,205.00,365.0000,-670.0000,
06/04/2017 16:00:00,6515.50000,10/04/2017 16:00:00,6522.00000,@NQ,1,1,130.00,460.0000,-630.0000,
11/04/2017 16:00:00,6528.00000,13/04/2017 16:00:00,6470.25000,@NQ,1,1,-1155.00,50.0000,-1375.0000,
17/04/2017 16:00:00,6454.00000,19/04/2017 16:00:00,6491.00000,@NQ,1,1,740.00,1050.0000,-100.0000,
20/04/2017 16:00:00,6499.25000,24/04/2017 16:00:00,6572.25000,@NQ,1,1,1460.00,1460.0000,-70.0000,
25/04/2017 16:00:00,6603.25000,27/04/2017 16:00:00,6636.50000,@NQ,1,1,665.00,1210.0000,-60.0000,
28/04/2017 16:00:00,6685.75000,02/05/2017 16:00:00,6730.25000,@NQ,1,1,890.00,1055.0000,-255.0000,
04/05/2017 16:00:00,6710.25000,08/05/2017 16:00:00,6759.50000,@NQ,-1,1,-985.00,105.0000,-985.0000,
18/05/2017 16:00:00,6676.75000,22/05/2017 16:00:00,6754.00000,@NQ,-1,1,-1545.00,500.0000,-2020.0000,
01/06/2017 16:00:00,6906.00000,05/06/2017 16:00:00,6979.50000,@NQ,1,1,1470.00,1640.0000,-485.0000,
06/06/2017 16:00:00,6981.50000,08/06/2017 16:00:00,6980.00000,@NQ,1,1,-30.00,260.0000,-690.0000,
09/06/2017 16:00:00,6978.75000,13/06/2017 16:00:00,6814.75000,@NQ,1,1,-3280.00,450.0000,-4835.0000,
14/06/2017 16:00:00,6856.00000,16/06/2017 16:00:00,6802.75000,@NQ,1,1,-1065.00,535.0000,-2420.0000,
19/06/2017 16:00:00,6788.00000,21/06/2017 16:00:00,6822.00000,@NQ,1,1,680.00,1795.0000,-220.0000,
22/06/2017 16:00:00,6887.00000,26/06/2017 16:00:00,6896.75000,@NQ,-1,1,-195.00,605.0000,-445.0000,
13/07/2017 16:00:00,6880.50000,17/07/2017 16:00:00,6937.25000,@NQ,-1,1,-1135.00,190.0000,-1220.0000,
20/07/2017 16:00:00,7013.25000,24/07/2017 16:00:00,7013.00000,@NQ,1,1,-5.00,380.0000,-580.0000,
25/07/2017 16:00:00,7019.00000,27/07/2017 16:00:00,7054.75000,@NQ,1,1,715.00,715.0000,-190.0000,
28/07/2017 16:00:00,7002.75000,01/08/2017 16:00:00,6978.25000,@NQ,1,1,-490.00,490.0000,-1180.0000,
02/08/2017 16:00:00,7026.75000,04/08/2017 16:00:00,6982.75000,@NQ,1,1,-880.00,290.0000,-1535.0000,
07/08/2017 16:00:00,6993.75000,09/08/2017 16:00:00,7007.00000,@NQ,1,1,265.00,1455.0000,-40.0000,
10/08/2017 16:00:00,7016.25000,14/08/2017 16:00:00,6931.00000,@NQ,-1,1,1705.00,3230.0000,-10.0000,
17/08/2017 16:00:00,7013.75000,21/08/2017 16:00:00,6898.75000,@NQ,1,1,-2300.00,75.0000,-2950.0000,
22/08/2017 16:00:00,6889.00000,24/08/2017 16:00:00,6939.50000,@NQ,1,1,1010.00,1775.0000,-20.0000,
25/08/2017 16:00:00,6939.00000,29/08/2017 16:00:00,6913.75000,@NQ,1,1,-505.00,575.0000,-880.0000,
30/08/2017 16:00:00,6963.50000,01/09/2017 16:00:00,7087.75000,@NQ,1,1,2485.00,2565.0000,-145.0000,
05/09/2017 16:00:00,7070.00000,07/09/2017 16:00:00,7042.50000,@NQ,1,1,-550.00,170.0000,-1735.0000,
08/09/2017 16:00:00,7063.75000,12/09/2017 16:00:00,7076.50000,@NQ,1,1,255.00,460.0000,-1240.0000,
13/09/2017 16:00:00,7093.25000,15/09/2017 16:00:00,7058.25000,@NQ,1,1,-700.00,105.0000,-760.0000,
18/09/2017 16:00:00,7085.75000,20/09/2017 16:00:00,7083.50000,@NQ,1,1,-45.00,380.0000,-640.0000,
21/09/2017 16:00:00,7062.50000,25/09/2017 16:00:00,7017.25000,@NQ,-1,1,905.00,1300.0000,-85.0000,
28/09/2017 16:00:00,7022.50000,02/10/2017 16:00:00,7070.50000,@NQ,-1,1,-960.00,495.0000,-990.0000,
05/10/2017 16:00:00,7091.50000,09/10/2017 16:00:00,7149.00000,@NQ,1,1,1150.00,1330.0000,-80.0000,
10/10/2017 16:00:00,7148.75000,12/10/2017 16:00:00,7170.00000,@NQ,1,1,425.00,525.0000,-465.0000,
13/10/2017 16:00:00,7159.50000,17/10/2017 16:00:00,7206.25000,@NQ,1,1,935.00,970.0000,-90.0000,
18/10/2017 16:00:00,7208.75000,20/10/2017 16:00:00,7184.25000,@NQ,1,1,-490.00,210.0000,-1420.0000,
23/10/2017 16:00:00,7196.00000,25/10/2017 16:00:00,7160.00000,@NQ,1,1,-720.00,370.0000,-1050.0000,
27/10/2017 16:00:00,7178.50000,31/10/2017 16:00:00,7308.25000,@NQ,1,1,2595.00,3190.0000,-265.0000,
01/11/2017 16:00:00,7336.25000,03/11/2017 16:00:00,7339.00000,@NQ,1,1,55.00,695.0000,-1145.0000,
06/11/2017 16:00:00,7371.75000,08/11/2017 16:00:00,7397.00000,@NQ,1,1,505.00,925.0000,-345.0000,
09/11/2017 16:00:00,7428.75000,13/11/2017 16:00:00,7399.00000,@NQ,-1,1,595.00,1950.0000,-185.0000,
16/11/2017 16:00:00,7351.00000,20/11/2017 16:00:00,7398.50000,@NQ,1,1,950.00,1880.0000,-75.0000,
21/11/2017 16:00:00,7402.25000,23/11/2017 16:00:00,7474.75000,@NQ,1,1,1450.00,1590.0000,-90.0000,
30/11/2017 16:00:00,7393.00000,04/12/2017 16:00:00,7457.50000,@NQ,-1,1,-1290.00,1210.0000,-1420.0000,
07/12/2017 16:00:00,7384.00000,11/12/2017 16:00:00,7431.25000,@NQ,1,1,945.00,1635.0000,-180.0000,
12/12/2017 16:00:00,7490.25000,14/12/2017 16:00:00,7485.00000,@NQ,1,1,-105.00,305.0000,-790.0000,
15/12/2017 16:00:00,7471.50000,19/12/2017 16:00:00,7602.75000,@NQ,1,1,2625.00,2765.0000,-60.0000,
21/12/2017 16:00:00,7554.50000,26/12/2017 16:00:00,7550.25000,@NQ,1,1,-85.00,680.0000,-385.0000,
27/12/2017 16:00:00,7529.00000,29/12/2017 16:00:00,7512.25000,@NQ,1,1,-335.00,325.0000,-385.0000,
02/01/2018 16:00:00,7472.75000,04/01/2018 16:00:00,7651.50000,@NQ,1,1,3575.00,3725.0000,-145.0000,
05/01/2018 16:00:00,7675.75000,09/01/2018 16:00:00,7755.00000,@NQ,1,1,1585.00,1655.0000,-165.0000,
11/01/2018 16:00:00,7744.25000,15/01/2018 16:00:00,7849.25000,@NQ,-1,1,-2100.00,245.0000,-2100.0000,
18/01/2018 16:00:00,7885.75000,22/01/2018 16:00:00,7898.50000,@NQ,1,1,255.00,780.0000,-440.0000,
23/01/2018 16:00:00,7997.50000,25/01/2018 16:00:00,8001.25000,@NQ,1,1,75.00,1490.0000,-830.0000,
01/02/2018 16:00:00,8041.75000,05/02/2018 16:00:00,7820.00000,@NQ,1,1,-4435.00,275.0000,-4435.0000,
06/02/2018 16:00:00,7540.75000,08/02/2018 16:00:00,7609.75000,@NQ,1,1,1380.00,4895.0000,-4255.0000,
15/02/2018 16:00:00,7748.75000,19/02/2018 16:00:00,7851.00000,@NQ,-1,1,-2045.00,225.0000,-3575.0000,
01/03/2018 16:00:00,7947.25000,05/03/2018 16:00:00,7863.50000,@NQ,1,1,-1675.00,385.0000,-4670.0000,
06/03/2018 16:00:00,7948.25000,08/03/2018 16:00:00,7989.25000,@NQ,1,1,820.00,1175.0000,-1645.0000,
09/03/2018 16:00:00,8042.00000,13/03/2018 16:00:00,8203.25000,@NQ,1,1,3225.00,3710.0000,-235.0000,
14/03/2018 16:00:00,8105.25000,16/03/2018 16:00:00,8115.25000,@NQ,1,1,200.00,1175.0000,-710.0000,
19/03/2018 16:00:00,8085.50000,21/03/2018 16:00:00,7955.00000,@NQ,1,1,-2610.00,0.0000,-4435.0000,
22/03/2018 16:00:00,7925.75000,26/03/2018 16:00:00,7592.25000,@NQ,-1,1,6670.00,7285.0000,-635.0000,
29/03/2018 16:00:00,7533.25000,03/04/2018 16:00:00,7448.25000,@NQ,1,1,-1700.00,3260.0000,-3285.0000,
04/04/2018 16:00:00,7508.50000,06/04/2018 16:00:00,7650.50000,@NQ,1,1,2840.00,3770.0000,-2890.0000,
12/04/2018 16:00:00,7638.75000,16/04/2018 16:00:00,7716.75000,@NQ,1,1,1560.00,2335.0000,-130.0000,
17/04/2018 16:00:00,7746.75000,19/04/2018 16:00:00,7897.75000,@NQ,1,1,3020.00,3255.0000,-115.0000,
26/04/2018 16:00:00,7625.75000,30/04/2018 16:00:00,7710.50000,@NQ,-1,1,-1695.00,480.0000,-3775.0000,
04/05/2018 16:00:00,7709.00000,08/05/2018 16:00:00,7859.50000,@NQ,1,1,3010.00,3695.0000,-1120.0000,
09/05/2018 16:00:00,7864.50000,11/05/2018 16:00:00,7992.00000,@NQ,1,1,2550.00,2985.0000,-275.0000,
14/05/2018 16:00:00,8000.75000,16/05/2018 16:00:00,7938.00000,@NQ,1,1,-1255.00,1105.0000,-2080.0000,
17/05/2018 16:00:00,7977.75000,17/05/2018 16:00:00,7977.75000,@NQ,1,1,0.00,0.0000,0.0000,
17/05/2018 16:00:00,7977.75000,21/05/2018 16:00:00,7961.50000,@NQ,-1,1,325.00,1460.0000,-535.0000,
22/05/2018 16:00:00,7956.50000,24/05/2018 16:00:00,7999.25000,@NQ,1,1,855.00,950.0000,-1685.0000,
28/05/2018 16:00:00,8031.50000,30/05/2018 16:00:00,7991.00000,@NQ,1,1,-810.00,360.0000,-1970.0000,
31/05/2018 16:00:00,8021.00000,04/06/2018 16:00:00,8122.25000,@NQ,1,1,2025.00,2240.0000,-405.0000,
05/06/2018 16:00:00,8190.00000,07/06/2018 16:00:00,8260.75000,@NQ,1,1,1415.00,1495.0000,-200.0000,
08/06/2018 16:00:00,8203.25000,12/06/2018 16:00:00,8211.00000,@NQ,1,1,155.00,600.0000,-1665.0000,
13/06/2018 16:00:00,8260.25000,15/06/2018 16:00:00,8328.75000,@NQ,1,1,1370.00,1585.0000,-730.0000,
19/06/2018 16:00:00,8293.50000,21/06/2018 16:00:00,8333.75000,@NQ,1,1,805.00,1230.0000,-2350.0000,
22/06/2018 16:00:00,8246.50000,26/06/2018 16:00:00,8082.75000,@NQ,1,1,-3275.00,920.0000,-4650.0000,
27/06/2018 16:00:00,8116.75000,29/06/2018 16:00:00,8073.75000,@NQ,1,1,-860.00,1065.0000,-2845.0000,
05/07/2018 16:00:00,8062.25000,09/07/2018 16:00:00,8251.00000,@NQ,1,1,3775.00,3880.0000,-530.0000,
10/07/2018 16:00:00,8319.25000,12/07/2018 16:00:00,8278.25000,@NQ,1,1,-820.00,695.0000,-1925.0000,
13/07/2018 16:00:00,8400.75000,17/07/2018 16:00:00,8338.50000,@NQ,1,1,-1245.00,640.0000,-1325.0000,
18/07/2018 16:00:00,8442.75000,20/07/2018 16:00:00,8398.75000,@NQ,1,1,-880.00,270.0000,-1390.0000,
23/07/2018 16:00:00,8386.50000,25/07/2018 16:00:00,8429.00000,@NQ,1,1,850.00,2435.0000,-1130.0000,
26/07/2018 16:00:00,8430.75000,30/07/2018 16:00:00,8311.50000,@NQ,-1,1,2385.00,2975.0000,-1095.0000,
02/08/2018 16:00:00,8302.75000,06/08/2018 16:00:00,8422.75000,@NQ,1,1,2400.00,2615.0000,-1400.0000,
07/08/2018 16:00:00,8460.00000,09/08/2018 16:00:00,8482.00000,@NQ,1,1,440.00,1090.0000,-25.0000,
16/08/2018 16:00:00,8398.50000,20/08/2018 16:00:00,8409.00000,@NQ,1,1,210.00,1090.0000,-1165.0000,
21/08/2018 16:00:00,8399.75000,23/08/2018 16:00:00,8452.00000,@NQ,1,1,1045.00,1420.0000,-585.0000,
27/08/2018 16:00:00,8517.50000,29/08/2018 16:00:00,8599.50000,@NQ,1,1,1640.00,1965.0000,-5.0000,
30/08/2018 16:00:00,8691.25000,03/09/2018 16:00:00,8688.50000,@NQ,1,1,-55.00,485.0000,-930.0000,
04/09/2018 16:00:00,8699.50000,06/09/2018 16:00:00,8548.50000,@NQ,1,1,-3020.00,255.0000,-3555.0000,
07/09/2018 16:00:00,8473.25000,11/09/2018 16:00:00,8479.00000,@NQ,1,1,115.00,800.0000,-1235.0000,
12/09/2018 16:00:00,8533.75000,14/09/2018 16:00:00,8583.50000,@NQ,1,1,995.00,1360.0000,-1805.0000,
27/09/2018 16:00:00,8580.75000,01/10/2018 16:00:00,8662.50000,@NQ,1,1,1635.00,1920.0000,-85.0000,
02/10/2018 16:00:00,8664.00000,04/10/2018 16:00:00,8641.50000,@NQ,1,1,-450.00,785.0000,-865.0000,
05/10/2018 16:00:00,8511.50000,09/10/2018 16:00:00,8381.50000,@NQ,1,1,-2600.00,380.0000,-4690.0000,
10/10/2018 16:00:00,8385.25000,10/10/2018 16:00:00,8135.25000,@NQ,1,1,-5000.00,345.0000,-4760.0000,
11/10/2018 16:00:00,8000.75000,15/10/2018 16:00:00,8167.25000,@NQ,-1,1,-3330.00,2050.0000,-3750.0000,
25/10/2018 16:00:00,7869.00000,29/10/2018 16:00:00,7888.50000,@NQ,1,1,390.00,3945.0000,-2885.0000,
30/10/2018 16:00:00,7709.75000,01/11/2018 16:00:00,7950.50000,@NQ,1,1,4815.00,6400.0000,-1165.0000,
08/11/2018 16:00:00,8206.25000,12/11/2018 16:00:00,8016.75000,@NQ,-1,1,3790.00,4535.0000,-305.0000,
22/11/2018 16:00:00,7574.75000,26/11/2018 16:00:00,7528.00000,@NQ,1,1,-935.00,345.0000,-1785.0000,
27/11/2018 16:00:00,7630.25000,29/11/2018 16:00:00,7897.50000,@NQ,1,1,5345.00,5675.0000,-530.0000,
30/11/2018 16:00:00,7892.75000,04/12/2018 16:00:00,8045.75000,@NQ,1,1,3060.00,4735.0000,-615.0000,
05/12/2018 16:00:00,7786.50000,07/12/2018 16:00:00,7829.00000,@NQ,1,1,850.00,1315.0000,-3315.0000,
13/12/2018 16:00:00,7762.00000,17/12/2018 16:00:00,7564.75000,@NQ,1,1,-3945.00,1365.0000,-3945.0000,
18/12/2018 16:00:00,7462.00000,20/12/2018 16:00:00,7315.50000,@NQ,1,1,-2930.00,2270.0000,-3905.0000,
21/12/2018 16:00:00,7290.50000,21/12/2018 16:00:00,7040.50000,@NQ,1,1,-5000.00,260.0000,-4680.0000,
24/12/2018 16:00:00,7015.25000,27/12/2018 16:00:00,7248.50000,@NQ,1,1,4665.00,5205.0000,-4585.0000,
28/12/2018 16:00:00,7274.50000,02/01/2019 16:00:00,7315.00000,@NQ,1,1,810.00,1870.0000,-1305.0000,
03/01/2019 16:00:00,7208.25000,07/01/2019 16:00:00,7416.75000,@NQ,-1,1,-4170.00,2125.0000,-4385.0000,
24/01/2019 16:00:00,7628.50000,28/01/2019 16:00:00,7749.75000,@NQ,1,1,2425.00,2950.0000,-200.0000,
30/01/2019 16:00:00,7655.75000,01/02/2019 16:00:00,7876.50000,@NQ,1,1,4415.00,5055.0000,-650.0000,
15/02/2019 16:00:00,7983.00000,19/02/2019 16:00:00,8045.25000,@NQ,1,1,1245.00,1555.0000,-845.0000,
21/02/2019 16:00:00,8036.25000,25/02/2019 16:00:00,8074.00000,@NQ,1,1,755.00,860.0000,-1315.0000,
26/02/2019 16:00:00,8087.50000,28/02/2019 16:00:00,8086.75000,@NQ,1,1,-15.00,580.0000,-1480.0000,
04/03/2019 16:00:00,8142.50000,06/03/2019 16:00:00,8121.50000,@NQ,1,1,-420.00,690.0000,-2050.0000,
07/03/2019 16:00:00,8075.00000,11/03/2019 16:00:00,7987.00000,@NQ,-1,1,1760.00,3425.0000,-290.0000,
14/03/2019 16:00:00,8238.75000,18/03/2019 16:00:00,8276.00000,@NQ,1,1,745.00,1205.0000,-700.0000,
19/03/2019 16:00:00,8300.25000,21/03/2019 16:00:00,8338.50000,@NQ,1,1,765.00,1915.0000,-255.0000,
22/03/2019 16:00:00,8464.75000,26/03/2019 16:00:00,8301.00000,@NQ,1,1,-3275.00,360.0000,-4735.0000,
27/03/2019 16:00:00,8321.50000,29/03/2019 16:00:00,8288.25000,@NQ,1,1,-665.00,425.0000,-2150.0000,
01/04/2019 16:00:00,8368.00000,03/04/2019 16:00:00,8455.00000,@NQ,1,1,1740.00,2050.0000,-30.0000,
04/04/2019 16:00:00,8519.25000,08/04/2019 16:00:00,8545.75000,@NQ,1,1,530.00,630.0000,-1185.0000,
09/04/2019 16:00:00,8563.75000,11/04/2019 16:00:00,8582.00000,@NQ,1,1,365.00,405.0000,-1000.0000,
15/04/2019 16:00:00,8592.00000,17/04/2019 16:00:00,8614.50000,@NQ,1,1,450.00,820.0000,-1105.0000,
18/04/2019 16:00:00,8628.75000,23/04/2019 16:00:00,8676.00000,@NQ,-1,1,-945.00,610.0000,-1120.0000,
25/04/2019 16:00:00,8793.25000,29/04/2019 16:00:00,8775.25000,@NQ,1,1,-360.00,485.0000,-1995.0000,
30/04/2019 16:00:00,8743.25000,02/05/2019 16:00:00,8675.75000,@NQ,1,1,-1350.00,1240.0000,-1385.0000,
03/05/2019 16:00:00,8677.00000,07/05/2019 16:00:00,8682.75000,@NQ,1,1,115.00,2670.0000,-1430.0000,
08/05/2019 16:00:00,8601.75000,10/05/2019 16:00:00,8529.00000,@NQ,1,1,-1455.00,685.0000,-3655.0000,
16/05/2019 16:00:00,8462.25000,20/05/2019 16:00:00,8452.75000,@NQ,1,1,-190.00,2335.0000,-1015.0000,
21/05/2019 16:00:00,8346.25000,23/05/2019 16:00:00,8368.75000,@NQ,1,1,450.00,1540.0000,-340.0000,
24/05/2019 16:00:00,8254.75000,28/05/2019 16:00:00,8250.75000,@NQ,1,1,-80.00,1260.0000,-475.0000,
29/05/2019 16:00:00,8229.50000,31/05/2019 16:00:00,8189.75000,@NQ,1,1,-795.00,90.0000,-2165.0000,
03/06/2019 16:00:00,8048.00000,05/06/2019 16:00:00,8127.00000,@NQ,1,1,1580.00,1580.0000,-3375.0000,
06/06/2019 16:00:00,8151.75000,10/06/2019 16:00:00,8407.00000,@NQ,-1,1,-5105.00,655.0000,-5105.0000,
13/06/2019 16:00:00,8414.00000,17/06/2019 16:00:00,8420.00000,@NQ,1,1,120.00,1210.0000,-1115.0000,
18/06/2019 16:00:00,8482.50000,20/06/2019 16:00:00,8608.25000,@NQ,1,1,2515.00,3025.0000,-575.0000,
21/06/2019 16:00:00,8674.75000,25/06/2019 16:00:00,8665.00000,@NQ,1,1,-195.00,815.0000,-735.0000,
26/06/2019 16:00:00,8545.00000,28/06/2019 16:00:00,8597.25000,@NQ,1,1,1045.00,1720.0000,-335.0000,
01/07/2019 16:00:00,8693.50000,03/07/2019 16:00:00,8752.25000,@NQ,1,1,1175.00,1365.0000,-450.0000,
04/07/2019 16:00:00,8799.75000,08/07/2019 16:00:00,8734.25000,@NQ,1,1,-1310.00,440.0000,-1810.0000,
09/07/2019 16:00:00,8714.25000,11/07/2019 16:00:00,8836.25000,@NQ,1,1,2440.00,2945.0000,-1185.0000,
18/07/2019 16:00:00,8780.00000,22/07/2019 16:00:00,8742.00000,@NQ,1,1,-760.00,2255.0000,-1055.0000,
23/07/2019 16:00:00,8838.50000,25/07/2019 16:00:00,8916.50000,@NQ,1,1,1560.00,2505.0000,-370.0000,
26/07/2019 16:00:00,8904.00000,30/07/2019 16:00:00,8916.25000,@NQ,1,1,245.00,975.0000,-805.0000,
31/07/2019 16:00:00,8904.50000,02/08/2019 16:00:00,8709.00000,@NQ,1,1,-3910.00,440.0000,-4315.0000,
05/08/2019 16:00:00,8613.75000,05/08/2019 16:00:00,8363.75000,@NQ,1,1,-5000.00,75.0000,-4785.0000,
06/08/2019 16:00:00,8261.00000,08/08/2019 16:00:00,8465.50000,@NQ,1,1,4090.00,4570.0000,-2490.0000,
09/08/2019 16:00:00,8611.50000,13/08/2019 16:00:00,8482.25000,@NQ,1,1,-2585.00,490.0000,-3295.0000,
14/08/2019 16:00:00,8658.50000,14/08/2019 16:00:00,8408.50000,@NQ,1,1,-5000.00,420.0000,-4905.0000,
15/08/2019 16:00:00,8381.00000,19/08/2019 16:00:00,8529.25000,@NQ,-1,1,-2965.00,1615.0000,-3270.0000,
29/08/2019 16:00:00,8494.25000,02/09/2019 16:00:00,8540.25000,@NQ,-1,1,-920.00,675.0000,-3765.0000,
05/09/2019 16:00:00,8634.00000,09/09/2019 16:00:00,8769.00000,@NQ,1,1,2700.00,3460.0000,-95.0000,
10/09/2019 16:00:00,8746.00000,12/09/2019 16:00:00,8804.75000,@NQ,1,1,1175.00,1420.0000,-1795.0000,
13/09/2019 16:00:00,8829.00000,17/09/2019 16:00:00,8778.00000,@NQ,1,1,-1020.00,810.0000,-2795.0000,
18/09/2019 16:00:00,8807.25000,20/09/2019 16:00:00,8812.00000,@NQ,1,1,95.00,1150.0000,-2055.0000,
23/09/2019 16:00:00,8730.25000,25/09/2019 16:00:00,8629.25000,@NQ,1,1,-2020.00,1310.0000,-2750.0000,
26/09/2019 16:00:00,8713.50000,30/09/2019 16:00:00,8626.50000,@NQ,-1,1,1740.00,3630.0000,-405.0000,
03/10/2019 16:00:00,8442.50000,07/10/2019 16:00:00,8603.50000,@NQ,1,1,3220.00,4445.0000,-1545.0000,
08/10/2019 16:00:00,8627.00000,10/10/2019 16:00:00,8593.25000,@NQ,1,1,-675.00,970.0000,-2630.0000,
17/10/2019 16:00:00,8845.25000,21/10/2019 16:00:00,8765.25000,@NQ,1,1,-1600.00,810.0000,-2370.0000,
22/10/2019 16:00:00,8840.25000,24/10/2019 16:00:00,8813.75000,@NQ,1,1,-530.00,790.0000,-2780.0000,
25/10/2019 16:00:00,8819.50000,29/10/2019 16:00:00,9000.25000,@NQ,1,1,3615.00,3980.0000,-200.0000,
31/10/2019 16:00:00,9019.50000,04/11/2019 16:00:00,9056.00000,@NQ,1,1,730.00,790.0000,-1650.0000,
05/11/2019 16:00:00,9112.50000,07/11/2019 16:00:00,9104.75000,@NQ,1,1,-155.00,530.0000,-1210.0000,
14/11/2019 16:00:00,9160.00000,18/11/2019 16:00:00,9209.75000,@NQ,1,1,995.00,1100.0000,-1055.0000,
19/11/2019 16:00:00,9226.00000,21/11/2019 16:00:00,9152.50000,@NQ,1,1,-1470.00,880.0000,-2080.0000,
28/11/2019 16:00:00,9347.75000,02/12/2019 16:00:00,9315.50000,@NQ,1,1,-645.00,30.0000,-1005.0000,
03/12/2019 16:00:00,9204.75000,05/12/2019 16:00:00,9187.25000,@NQ,1,1,-350.00,475.0000,-2910.0000,
12/12/2019 16:00:00,9298.25000,16/12/2019 16:00:00,9400.50000,@NQ,-1,1,-2045.00,520.0000,-2345.0000,
27/12/2019 16:00:00,9667.50000,31/12/2019 16:00:00,9598.25000,@NQ,1,1,-1385.00,850.0000,-2195.0000,
02/01/2020 16:00:00,9643.25000,06/01/2020 16:00:00,9638.75000,@NQ,1,1,-90.00,2610.0000,-830.0000,
07/01/2020 16:00:00,9719.75000,09/01/2020 16:00:00,9815.25000,@NQ,1,1,1910.00,2380.0000,-3505.0000,
16/01/2020 16:00:00,9928.25000,20/01/2020 16:00:00,10040.50000,@NQ,1,1,2245.00,2550.0000,-5.0000,
21/01/2020 16:00:00,10042.75000,23/01/2020 16:00:00,10056.50000,@NQ,1,1,275.00,1555.0000,-1230.0000,
31/01/2020 16:00:00,10093.00000,31/01/2020 16:00:00,9843.00000,@NQ,1,1,-5000.00,445.0000,-4870.0000,
03/02/2020 16:00:00,9849.25000,05/02/2020 16:00:00,10223.50000,@NQ,1,1,7485.00,7730.0000,-155.0000,
06/02/2020 16:00:00,10256.50000,10/02/2020 16:00:00,10268.00000,@NQ,-1,1,-230.00,550.0000,-1620.0000,
20/02/2020 16:00:00,10611.25000,21/02/2020 16:00:00,10361.25000,@NQ,1,1,-5000.00,365.0000,-4555.0000,
24/02/2020 16:00:00,10221.75000,24/02/2020 16:00:00,9971.75000,@NQ,1,1,-5000.00,195.0000,-4605.0000,
25/02/2020 16:00:00,9957.50000,25/02/2020 16:00:00,9707.50000,@NQ,1,1,-5000.00,2665.0000,-4700.0000,
26/02/2020 16:00:00,9734.75000,27/02/2020 16:00:00,9484.75000,@NQ,1,1,-5000.00,3385.0000,-4740.0000,
28/02/2020 16:00:00,9213.50000,03/03/2020 16:00:00,9697.00000,@NQ,1,1,9670.00,10725.0000,-4415.0000,
04/03/2020 16:00:00,9424.00000,06/03/2020 16:00:00,9543.50000,@NQ,1,1,2390.00,7850.0000,-985.0000,
20/03/2020 16:00:00,8055.00000,20/03/2020 16:00:00,7805.00000,@NQ,1,1,-5000.00,9040.0000,-4500.0000,
23/03/2020 16:00:00,7676.00000,25/03/2020 16:00:00,8422.75000,@NQ,1,1,14935.00,15485.0000,-3385.0000,
27/03/2020 16:00:00,8760.75000,27/03/2020 16:00:00,8510.75000,@NQ,1,1,-5000.00,210.0000,-4835.0000,
30/03/2020 16:00:00,8273.75000,01/04/2020 16:00:00,8650.50000,@NQ,1,1,7535.00,11985.0000,-615.0000,
02/04/2020 16:00:00,8351.50000,06/04/2020 16:00:00,8413.75000,@NQ,-1,1,-1245.00,1950.0000,-3735.0000,
16/04/2020 16:00:00,9454.00000,16/04/2020 16:00:00,9704.00000,@NQ,-1,1,-5000.00,1510.0000,-4680.0000,
23/04/2020 16:00:00,9514.25000,27/04/2020 16:00:00,9644.00000,@NQ,1,1,2595.00,3005.0000,-2760.0000,
28/04/2020 16:00:00,9697.00000,30/04/2020 16:00:00,9987.50000,@NQ,1,1,5810.00,5995.0000,-3290.0000,
04/05/2020 16:00:00,9502.00000,06/05/2020 16:00:00,9806.50000,@NQ,1,1,6090.00,7920.0000,-1355.0000,
07/05/2020 16:00:00,9825.50000,11/05/2020 16:00:00,10072.75000,@NQ,1,1,4945.00,5810.0000,-345.0000,
12/05/2020 16:00:00,10160.00000,13/05/2020 16:00:00,9910.00000,@NQ,1,1,-5000.00,1270.0000,-4830.0000,
14/05/2020 16:00:00,9890.75000,14/05/2020 16:00:00,9890.75000,@NQ,1,1,0.00,0.0000,0.0000,
14/05/2020 16:00:00,9890.75000,18/05/2020 16:00:00,10013.00000,@NQ,-1,1,-2445.00,3315.0000,-2715.0000,
19/05/2020 16:00:00,10194.25000,21/05/2020 16:00:00,10372.75000,@NQ,1,1,3570.00,3635.0000,-865.0000,
28/05/2020 16:00:00,10314.50000,01/06/2020 16:00:00,10391.00000,@NQ,1,1,1530.00,3080.0000,-2320.0000,
02/06/2020 16:00:00,10468.00000,04/06/2020 16:00:00,10563.50000,@NQ,1,1,1910.00,2765.0000,-1705.0000,
05/06/2020 16:00:00,10521.50000,09/06/2020 16:00:00,10765.25000,@NQ,1,1,4875.00,5150.0000,-835.0000,
10/06/2020 16:00:00,10838.00000,11/06/2020 16:00:00,10588.00000,@NQ,1,1,-5000.00,3910.0000,-4815.0000,
18/06/2020 16:00:00,10874.25000,22/06/2020 16:00:00,10760.00000,@NQ,1,1,-2285.00,2605.0000,-2315.0000,
23/06/2020 16:00:00,11013.50000,25/06/2020 16:00:00,10897.25000,@NQ,1,1,-2325.00,3495.0000,-3885.0000,
26/06/2020 16:00:00,10979.00000,26/06/2020 16:00:00,10729.00000,@NQ,1,1,-5000.00,670.0000,-4980.0000,
29/06/2020 16:00:00,10677.50000,01/07/2020 16:00:00,11033.00000,@NQ,1,1,7110.00,7720.0000,-1135.0000,
02/07/2020 16:00:00,11150.50000,06/07/2020 16:00:00,11239.25000,@NQ,1,1,1775.00,3275.0000,-240.0000,
07/07/2020 16:00:00,11492.00000,09/07/2020 16:00:00,11566.25000,@NQ,1,1,1485.00,1890.0000,-1895.0000,
10/07/2020 16:00:00,11619.00000,14/07/2020 16:00:00,11494.00000,@NQ,1,1,-2500.00,6630.0000,-3310.0000,
15/07/2020 16:00:00,11598.00000,17/07/2020 16:00:00,11424.25000,@NQ,1,1,-3475.00,1210.0000,-4610.0000,
23/07/2020 16:00:00,11742.00000,27/07/2020 16:00:00,11382.00000,@NQ,-1,1,7200.00,10980.0000,-1770.0000,
30/07/2020 16:00:00,11592.00000,03/08/2020 16:00:00,11825.25000,@NQ,1,1,4665.00,4780.0000,-3945.0000,
04/08/2020 16:00:00,11946.00000,06/08/2020 16:00:00,11986.00000,@NQ,1,1,800.00,1800.0000,-1420.0000,
20/08/2020 16:00:00,12219.00000,24/08/2020 16:00:00,12473.00000,@NQ,1,1,5080.00,5080.0000,-2110.0000,
25/08/2020 16:00:00,12528.00000,27/08/2020 16:00:00,12876.50000,@NQ,1,1,6970.00,7310.0000,-1225.0000,
31/08/2020 16:00:00,12894.75000,02/09/2020 16:00:00,13217.50000,@NQ,1,1,6455.00,6520.0000,-290.0000,
03/09/2020 16:00:00,13300.50000,07/09/2020 16:00:00,12423.00000,@NQ,-1,1,17550.00,25330.0000,-605.0000,
10/09/2020 16:00:00,12274.75000,14/09/2020 16:00:00,11994.50000,@NQ,-1,1,5605.00,8915.0000,-3685.0000,
17/09/2020 16:00:00,12162.00000,21/09/2020 16:00:00,11825.00000,@NQ,-1,1,6740.00,10300.0000,-630.0000,
24/09/2020 16:00:00,11708.50000,25/09/2020 16:00:00,11958.50000,@NQ,-1,1,-5000.00,2865.0000,-4985.0000,
01/10/2020 16:00:00,12280.00000,05/10/2020 16:00:00,12213.50000,@NQ,1,1,-1330.00,4595.0000,-3410.0000,
06/10/2020 16:00:00,12378.00000,06/10/2020 16:00:00,12128.00000,@NQ,1,1,-5000.00,1030.0000,-4980.0000,
07/10/2020 16:00:00,12125.50000,09/10/2020 16:00:00,12467.00000,@NQ,1,1,6830.00,7165.0000,-250.0000,
12/10/2020 16:00:00,12627.75000,14/10/2020 16:00:00,12984.75000,@NQ,1,1,7140.00,10525.0000,-700.0000,
15/10/2020 16:00:00,12855.00000,19/10/2020 16:00:00,12721.75000,@NQ,1,1,-2665.00,1440.0000,-4270.0000,
20/10/2020 16:00:00,12602.50000,22/10/2020 16:00:00,12588.50000,@NQ,1,1,-280.00,1890.0000,-2250.0000,
05/11/2020 16:00:00,12735.00000,09/11/2020 16:00:00,13044.25000,@NQ,1,1,6185.00,6185.0000,-1175.0000,
10/11/2020 16:00:00,12768.50000,10/11/2020 16:00:00,12518.50000,@NQ,1,1,-5000.00,760.0000,-4590.0000,
11/11/2020 16:00:00,12537.25000,13/11/2020 16:00:00,12762.00000,@NQ,1,1,4495.00,6870.0000,-1140.0000,
03/12/2020 16:00:00,13377.00000,07/12/2020 16:00:00,13430.00000,@NQ,1,1,1060.00,1365.0000,-560.0000,
08/12/2020 16:00:00,13479.00000,09/12/2020 16:00:00,13229.00000,@NQ,1,1,-5000.00,2020.0000,-4780.0000,
10/12/2020 16:00:00,13247.00000,14/12/2020 16:00:00,13319.75000,@NQ,1,1,1455.00,2130.0000,-2485.0000,
15/12/2020 16:00:00,13378.25000,17/12/2020 16:00:00,13587.00000,@NQ,1,1,4175.00,4645.0000,-990.0000,
18/12/2020 16:00:00,13653.25000,21/12/2020 16:00:00,13403.25000,@NQ,1,1,-5000.00,845.0000,-4705.0000,
22/12/2020 16:00:00,13604.00000,24/12/2020 16:00:00,13566.50000,@NQ,1,1,-750.00,1235.0000,-2095.0000,
28/12/2020 16:00:00,13582.00000,30/12/2020 16:00:00,13766.50000,@NQ,1,1,3690.00,4840.0000,-420.0000,
31/12/2020 16:00:00,13745.75000,05/01/2021 16:00:00,13588.50000,@NQ,-1,1,3145.00,6350.0000,-2395.0000,
07/01/2021 16:00:00,13564.25000,11/01/2021 16:00:00,13999.00000,@NQ,1,1,8695.00,9330.0000,-240.0000,
12/01/2021 16:00:00,13816.50000,14/01/2021 16:00:00,13881.25000,@NQ,1,1,1295.00,1845.0000,-2870.0000,
21/01/2021 16:00:00,14194.25000,25/01/2021 16:00:00,14275.75000,@NQ,1,1,1630.00,2700.0000,-105.0000,
26/01/2021 16:00:00,14365.50000,27/01/2021 16:00:00,14115.50000,@NQ,1,1,-5000.00,2800.0000,-4825.0000,
28/01/2021 16:00:00,13958.25000,01/02/2021 16:00:00,13754.75000,@NQ,1,1,-4070.00,6830.0000,-4470.0000,
02/02/2021 16:00:00,14138.25000,04/02/2021 16:00:00,14335.25000,@NQ,1,1,3940.00,7040.0000,-40.0000,
11/02/2021 16:00:00,14567.75000,15/02/2021 16:00:00,14735.25000,@NQ,-1,1,-3350.00,990.0000,-3350.0000,
18/02/2021 16:00:00,14605.25000,22/02/2021 16:00:00,14490.75000,@NQ,-1,1,2290.00,4630.0000,-590.0000,
25/02/2021 16:00:00,14210.50000,01/03/2021 16:00:00,13863.25000,@NQ,-1,1,6945.00,12850.0000,-980.0000,
04/03/2021 16:00:00,13587.75000,08/03/2021 16:00:00,13620.75000,@NQ,-1,1,-660.00,9495.0000,-2300.0000,
11/03/2021 16:00:00,13701.00000,15/03/2021 16:00:00,13849.50000,@NQ,1,1,2970.00,6510.0000,-1390.0000,
16/03/2021 16:00:00,13989.00000,18/03/2021 16:00:00,14103.00000,@NQ,1,1,2280.00,4285.0000,-2775.0000,
19/03/2021 16:00:00,13709.50000,23/03/2021 16:00:00,13985.00000,@NQ,1,1,5510.00,7270.0000,-2235.0000,
24/03/2021 16:00:00,13966.25000,24/03/2021 16:00:00,13716.25000,@NQ,1,1,-5000.00,1900.0000,-4905.0000,
25/03/2021 16:00:00,13719.00000,29/03/2021 16:00:00,13891.75000,@NQ,1,1,3455.00,3710.0000,-3865.0000,
30/03/2021 16:00:00,13891.00000,01/04/2021 16:00:00,14010.50000,@NQ,1,1,2390.00,3660.0000,-3970.0000,
08/04/2021 16:00:00,14536.75000,12/04/2021 16:00:00,14733.75000,@NQ,1,1,3940.00,4420.0000,-105.0000,
13/04/2021 16:00:00,14741.00000,15/04/2021 16:00:00,14743.00000,@NQ,1,1,40.00,4080.0000,-1045.0000,
16/04/2021 16:00:00,14918.00000,20/04/2021 16:00:00,14816.00000,@NQ,1,1,-2040.00,1150.0000,-3620.0000,
21/04/2021 16:00:00,14656.00000,23/04/2021 16:00:00,14673.00000,@NQ,1,1,340.00,4095.0000,-790.0000,
26/04/2021 16:00:00,14835.75000,28/04/2021 16:00:00,14871.50000,@NQ,1,1,715.00,2605.0000,-1085.0000,
29/04/2021 16:00:00,14889.50000,03/05/2021 16:00:00,14796.25000,@NQ,-1,1,1865.00,3100.0000,-1810.0000,
06/05/2021 16:00:00,14400.00000,07/05/2021 16:00:00,14650.00000,@NQ,-1,1,-5000.00,1905.0000,-3540.0000,
13/05/2021 16:00:00,13884.75000,17/05/2021 16:00:00,14296.25000,@NQ,1,1,8230.00,9150.0000,-1075.0000,
19/05/2021 16:00:00,14098.00000,21/05/2021 16:00:00,14408.50000,@NQ,1,1,6210.00,6815.0000,-4555.0000,
24/05/2021 16:00:00,14299.25000,26/05/2021 16:00:00,14586.25000,@NQ,1,1,5740.00,7110.0000,-535.0000,
27/05/2021 16:00:00,14618.50000,31/05/2021 16:00:00,14615.00000,@NQ,-1,1,70.00,1645.0000,-1220.0000,
03/06/2021 16:00:00,14595.50000,07/06/2021 16:00:00,14689.25000,@NQ,1,1,1875.00,2085.0000,-4345.0000,
08/06/2021 16:00:00,14739.00000,10/06/2021 16:00:00,14735.75000,@NQ,1,1,-65.00,1885.0000,-1625.0000,
11/06/2021 16:00:00,14893.50000,15/06/2021 16:00:00,15037.50000,@NQ,1,1,2880.00,3180.0000,-860.0000,
16/06/2021 16:00:00,14965.50000,18/06/2021 16:00:00,15106.50000,@NQ,1,1,2820.00,3200.0000,-4175.0000,
24/06/2021 16:00:00,15201.75000,28/06/2021 16:00:00,15276.50000,@NQ,1,1,1495.00,2935.0000,-105.0000,
29/06/2021 16:00:00,15431.00000,01/07/2021 16:00:00,15485.00000,@NQ,1,1,1080.00,1880.0000,-715.0000,
02/07/2021 16:00:00,15470.25000,06/07/2021 16:00:00,15621.25000,@NQ,1,1,3020.00,3705.0000,-610.0000,
07/07/2021 16:00:00,15691.00000,09/07/2021 16:00:00,15636.75000,@NQ,1,1,-1085.00,2385.0000,-4480.0000,
12/07/2021 16:00:00,15750.50000,14/07/2021 16:00:00,15796.25000,@NQ,1,1,915.00,3415.0000,-780.0000,
15/07/2021 16:00:00,15821.50000,19/07/2021 16:00:00,15601.50000,@NQ,-1,1,4400.00,4780.0000,-1355.0000,
22/07/2021 16:00:00,15763.25000,26/07/2021 16:00:00,16024.50000,@NQ,1,1,5225.00,5610.0000,-200.0000,
27/07/2021 16:00:00,16051.75000,27/07/2021 16:00:00,15801.75000,@NQ,1,1,-5000.00,125.0000,-4780.0000,
28/07/2021 16:00:00,15802.25000,30/07/2021 16:00:00,15831.75000,@NQ,1,1,590.00,4165.0000,-195.0000,
05/08/2021 16:00:00,16008.25000,09/08/2021 16:00:00,16016.75000,@NQ,1,1,170.00,1815.0000,-690.0000,
10/08/2021 16:00:00,16055.25000,12/08/2021 16:00:00,15935.00000,@NQ,1,1,-2405.00,570.0000,-3315.0000,
26/08/2021 16:00:00,16293.75000,30/08/2021 16:00:00,16359.25000,@NQ,1,1,1310.00,1530.0000,-2240.0000,
31/08/2021 16:00:00,16532.00000,02/09/2021 16:00:00,16536.50000,@NQ,1,1,90.00,1870.0000,-1755.0000,
03/09/2021 16:00:00,16527.50000,07/09/2021 16:00:00,16628.50000,@NQ,1,1,2020.00,2155.0000,-975.0000,
08/09/2021 16:00:00,16597.50000,10/09/2021 16:00:00,16489.00000,@NQ,1,1,-2170.00,400.0000,-2945.0000,
13/09/2021 16:00:00,16378.50000,15/09/2021 16:00:00,16325.50000,@NQ,1,1,-1060.00,2290.0000,-2005.0000,
16/09/2021 16:00:00,16445.25000,20/09/2021 16:00:00,16219.50000,@NQ,1,1,-4515.00,455.0000,-4670.0000,
21/09/2021 16:00:00,15927.50000,23/09/2021 16:00:00,16113.75000,@NQ,1,1,3725.00,4700.0000,-1230.0000,
24/09/2021 16:00:00,16235.75000,28/09/2021 16:00:00,16107.75000,@NQ,1,1,-2560.00,1980.0000,-4325.0000,
29/09/2021 16:00:00,15704.75000,01/10/2021 16:00:00,15637.75000,@NQ,1,1,-1340.00,3135.0000,-1980.0000,
07/10/2021 16:00:00,15703.50000,11/10/2021 16:00:00,15745.75000,@NQ,1,1,845.00,4665.0000,-20.0000,
12/10/2021 16:00:00,15624.00000,14/10/2021 16:00:00,15705.75000,@NQ,1,1,1635.00,2145.0000,-2060.0000,
15/10/2021 16:00:00,15999.25000,19/10/2021 16:00:00,16225.25000,@NQ,1,1,4520.00,4670.0000,-860.0000,
20/10/2021 16:00:00,16346.50000,22/10/2021 16:00:00,16318.50000,@NQ,1,1,-560.00,1455.0000,-2200.0000,
28/10/2021 16:00:00,16530.50000,01/11/2021 16:00:00,16820.75000,@NQ,1,1,5805.00,5805.0000,-65.0000,
02/11/2021 16:00:00,16826.50000,04/11/2021 16:00:00,17065.00000,@NQ,1,1,4770.00,5095.0000,-830.0000,
05/11/2021 16:00:00,17270.50000,09/11/2021 16:00:00,17251.00000,@NQ,1,1,-390.00,2270.0000,-1580.0000,
10/11/2021 16:00:00,17136.75000,10/11/2021 16:00:00,16886.75000,@NQ,1,1,-5000.00,835.0000,-4835.0000,
11/11/2021 16:00:00,16924.50000,15/11/2021 16:00:00,17147.75000,@NQ,1,1,4465.00,4485.0000,-260.0000,
16/11/2021 16:00:00,17134.00000,18/11/2021 16:00:00,17258.00000,@NQ,1,1,2480.00,3960.0000,-1130.0000,
19/11/2021 16:00:00,17438.75000,23/11/2021 16:00:00,17334.50000,@NQ,1,1,-2085.00,5285.0000,-2775.0000,
24/11/2021 16:00:00,17235.75000,26/11/2021 16:00:00,17341.25000,@NQ,1,1,2110.00,2715.0000,-3965.0000,
29/11/2021 16:00:00,16982.00000,01/12/2021 16:00:00,17174.25000,@NQ,1,1,3845.00,8195.0000,-170.0000,
02/12/2021 16:00:00,16827.25000,03/12/2021 16:00:00,16577.25000,@NQ,1,1,-5000.00,4600.0000,-4740.0000,
06/12/2021 16:00:00,16651.75000,08/12/2021 16:00:00,17296.00000,@NQ,1,1,12885.00,13165.0000,-3140.0000,
09/12/2021 16:00:00,17315.00000,09/12/2021 16:00:00,17315.00000,@NQ,1,1,0.00,0.0000,0.0000,
09/12/2021 16:00:00,17315.00000,13/12/2021 16:00:00,17255.50000,@NQ,-1,1,1190.00,5200.0000,-775.0000,
14/12/2021 16:00:00,17019.50000,14/12/2021 16:00:00,16769.50000,@NQ,1,1,-5000.00,895.0000,-4700.0000,
15/12/2021 16:00:00,16860.50000,17/12/2021 16:00:00,16809.50000,@NQ,1,1,-1020.00,10560.0000,-3775.0000,
20/12/2021 16:00:00,16741.00000,20/12/2021 16:00:00,16491.00000,@NQ,1,1,-5000.00,845.0000,-4945.0000,
21/12/2021 16:00:00,16605.75000,23/12/2021 16:00:00,17111.50000,@NQ,1,1,10115.00,10175.0000,-1385.0000,
30/12/2021 16:00:00,17416.00000,03/01/2022 16:00:00,17287.50000,@NQ,-1,1,2570.00,3415.0000,-1660.0000,
06/01/2022 16:00:00,16695.25000,07/01/2022 16:00:00,16445.25000,@NQ,1,1,-5000.00,2640.0000,-4285.0000,
10/01/2022 16:00:00,16521.50000,10/01/2022 16:00:00,16271.50000,@NQ,1,1,-5000.00,1580.0000,-4685.0000,
11/01/2022 16:00:00,16553.75000,13/01/2022 16:00:00,16832.50000,@NQ,1,1,5575.00,7740.0000,-2945.0000,
20/01/2022 16:00:00,15973.75000,20/01/2022 16:00:00,15723.75000,@NQ,1,1,-5000.00,5960.0000,-4515.0000,
21/01/2022 16:00:00,15653.50000,21/01/2022 16:00:00,15403.50000,@NQ,1,1,-5000.00,2730.0000,-4625.0000,
24/01/2022 16:00:00,15341.50000,24/01/2022 16:00:00,15091.50000,@NQ,1,1,-5000.00,3440.0000,-4915.0000,
25/01/2022 16:00:00,15426.50000,25/01/2022 16:00:00,15176.50000,@NQ,1,1,-5000.00,80.0000,-4885.0000,
26/01/2022 16:00:00,14877.00000,28/01/2022 16:00:00,15099.25000,@NQ,1,1,4445.00,13885.0000,-2020.0000,
31/01/2022 16:00:00,15385.50000,02/02/2022 16:00:00,16060.50000,@NQ,1,1,13500.00,13660.0000,-2015.0000,
03/02/2022 16:00:00,15784.00000,07/02/2022 16:00:00,15614.00000,@NQ,-1,1,3400.00,9795.0000,-350.0000,
10/02/2022 16:00:00,15993.75000,10/02/2022 16:00:00,15743.75000,@NQ,1,1,-5000.00,0.0000,-4805.0000,
11/02/2022 16:00:00,15629.75000,11/02/2022 16:00:00,15379.75000,@NQ,1,1,-5000.00,1370.0000,-4345.0000,
14/02/2022 16:00:00,15181.50000,16/02/2022 16:00:00,15519.50000,@NQ,1,1,6760.00,7295.0000,-4380.0000,
17/02/2022 16:00:00,15523.75000,21/02/2022 16:00:00,14884.25000,@NQ,-1,1,12790.00,13720.0000,-545.0000,
24/02/2022 16:00:00,14415.75000,24/02/2022 16:00:00,14165.75000,@NQ,1,1,-5000.00,670.0000,-3665.0000,
25/02/2022 16:00:00,14841.00000,01/03/2022 16:00:00,15150.75000,@NQ,1,1,6195.00,7655.0000,-4530.0000,
02/03/2022 16:00:00,14957.75000,04/03/2022 16:00:00,15000.75000,@NQ,1,1,860.00,7295.0000,-2295.0000,
10/03/2022 16:00:00,14704.00000,10/03/2022 16:00:00,14454.00000,@NQ,1,1,-5000.00,55.0000,-4945.0000,
14/03/2022 16:00:00,14268.00000,14/03/2022 16:00:00,14018.00000,@NQ,1,1,-5000.00,2140.0000,-4425.0000,
15/03/2022 16:00:00,14013.00000,17/03/2022 16:00:00,14924.50000,@NQ,1,1,18230.00,18925.0000,-2740.0000,
07/04/2022 16:00:00,15429.75000,11/04/2022 16:00:00,15278.50000,@NQ,1,1,-3025.00,2920.0000,-3715.0000,
12/04/2022 16:00:00,14939.75000,14/04/2022 16:00:00,15145.00000,@NQ,1,1,4105.00,5560.0000,-2500.0000,
18/04/2022 16:00:00,14825.50000,20/04/2022 16:00:00,15038.25000,@NQ,1,1,4255.00,7000.0000,-3250.0000,
21/04/2022 16:00:00,15003.50000,25/04/2022 16:00:00,14267.75000,@NQ,-1,1,14715.00,15460.0000,-4260.0000,
28/04/2022 16:00:00,14124.50000,29/04/2022 16:00:00,13874.50000,@NQ,1,1,-5000.00,7020.0000,-4740.0000,
02/05/2022 16:00:00,13825.75000,04/05/2022 16:00:00,14054.50000,@NQ,1,1,4575.00,5830.0000,-3650.0000,
05/05/2022 16:00:00,14433.75000,09/05/2022 16:00:00,13538.50000,@NQ,-1,1,17905.00,19625.0000,-955.0000,
12/05/2022 16:00:00,12938.00000,12/05/2022 16:00:00,12688.00000,@NQ,1,1,-5000.00,1355.0000,-4980.0000,
13/05/2022 16:00:00,12825.00000,17/05/2022 16:00:00,13169.00000,@NQ,1,1,6880.00,12145.0000,0.0000,
18/05/2022 16:00:00,13505.50000,18/05/2022 16:00:00,13255.50000,@NQ,1,1,-5000.00,440.0000,-4705.0000,
19/05/2022 16:00:00,12840.50000,20/05/2022 16:00:00,12590.50000,@NQ,1,1,-5000.00,3795.0000,-4060.0000,
23/05/2022 16:00:00,12799.50000,24/05/2022 16:00:00,12549.50000,@NQ,1,1,-5000.00,4190.0000,-4835.0000,
25/05/2022 16:00:00,12741.50000,27/05/2022 16:00:00,13183.50000,@NQ,1,1,8840.00,10700.0000,-2720.0000,
30/05/2022 16:00:00,13638.75000,01/06/2022 16:00:00,13596.00000,@NQ,1,1,-855.00,3555.0000,-4505.0000,
02/06/2022 16:00:00,13483.25000,02/06/2022 16:00:00,13733.25000,@NQ,-1,1,-5000.00,2145.0000,-4930.0000,
10/06/2022 16:00:00,13237.25000,10/06/2022 16:00:00,12987.25000,@NQ,1,1,-5000.00,695.0000,-920.0000,
13/06/2022 16:00:00,12714.00000,13/06/2022 16:00:00,12464.00000,@NQ,1,1,-5000.00,20.0000,-4900.0000,
14/06/2022 16:00:00,12270.75000,16/06/2022 16:00:00,12549.50000,@NQ,1,1,5575.00,8535.0000,-2630.0000,
17/06/2022 16:00:00,12110.00000,21/06/2022 16:00:00,12329.00000,@NQ,1,1,4380.00,4615.0000,-1755.0000,
22/06/2022 16:00:00,12483.00000,22/06/2022 16:00:00,12233.00000,@NQ,1,1,-5000.00,65.0000,-4925.0000,
24/06/2022 16:00:00,12591.00000,28/06/2022 16:00:00,12979.50000,@NQ,1,1,7770.00,11485.0000,-60.0000,
29/06/2022 16:00:00,12583.75000,30/06/2022 16:00:00,12333.75000,@NQ,1,1,-5000.00,1370.0000,-4895.0000,
07/07/2022 16:00:00,12804.50000,11/07/2022 16:00:00,13053.00000,@NQ,1,1,4970.00,6195.0000,-1295.0000,
12/07/2022 16:00:00,12803.75000,13/07/2022 16:00:00,12553.75000,@NQ,1,1,-5000.00,2500.0000,-3770.0000,
14/07/2022 16:00:00,12632.75000,15/07/2022 16:00:00,12882.75000,@NQ,-1,1,-5000.00,4365.0000,-4960.0000,
21/07/2022 16:00:00,13343.25000,25/07/2022 16:00:00,13347.75000,@NQ,1,1,90.00,5170.0000,-1925.0000,
26/07/2022 16:00:00,13214.50000,28/07/2022 16:00:00,13483.25000,@NQ,1,1,5375.00,7575.0000,-4785.0000,
29/07/2022 16:00:00,13823.50000,02/08/2022 16:00:00,13877.50000,@NQ,1,1,1080.00,3770.0000,-3520.0000,
03/08/2022 16:00:00,13824.25000,05/08/2022 16:00:00,14230.50000,@NQ,1,1,8125.00,8700.0000,-1075.0000,
18/08/2022 16:00:00,14406.25000,22/08/2022 16:00:00,14129.75000,@NQ,-1,1,5530.00,5530.0000,-1450.0000,
25/08/2022 16:00:00,13847.25000,26/08/2022 16:00:00,13597.25000,@NQ,1,1,-5000.00,5520.0000,-4880.0000,
29/08/2022 16:00:00,13388.25000,31/08/2022 16:00:00,13269.25000,@NQ,1,1,-2380.00,3465.0000,-4750.0000,
01/09/2022 16:00:00,13188.00000,05/09/2022 16:00:00,13013.75000,@NQ,-1,1,3485.00,5340.0000,-3535.0000,
15/09/2022 16:00:00,13062.00000,19/09/2022 16:00:00,12748.00000,@NQ,-1,1,6280.00,9110.0000,-695.0000,
29/09/2022 16:00:00,12372.00000,29/09/2022 16:00:00,12122.00000,@NQ,1,1,-5000.00,465.0000,-4350.0000,
30/09/2022 16:00:00,12048.00000,03/10/2022 16:00:00,11798.00000,@NQ,1,1,-5000.00,2745.0000,-4820.0000,
04/10/2022 16:00:00,12142.50000,06/10/2022 16:00:00,12456.00000,@NQ,1,1,6270.00,7930.0000,-660.0000,
07/10/2022 16:00:00,12322.50000,07/10/2022 16:00:00,12072.50000,@NQ,1,1,-5000.00,1400.0000,-4765.0000,
10/10/2022 16:00:00,11895.75000,11/10/2022 16:00:00,11645.75000,@NQ,1,1,-5000.00,1375.0000,-4935.0000,
12/10/2022 16:00:00,11703.00000,13/10/2022 16:00:00,11453.00000,@NQ,1,1,-5000.00,2480.0000,-1435.0000,
14/10/2022 16:00:00,11893.00000,14/10/2022 16:00:00,11643.00000,@NQ,1,1,-5000.00,3770.0000,-4865.0000,
17/10/2022 16:00:00,11548.00000,19/10/2022 16:00:00,12148.25000,@NQ,1,1,12005.00,14235.0000,-140.0000,
20/10/2022 16:00:00,11962.00000,20/10/2022 16:00:00,11962.00000,@NQ,1,1,0.00,0.0000,0.0000,
20/10/2022 16:00:00,11962.00000,21/10/2022 16:00:00,12212.00000,@NQ,-1,1,-5000.00,3970.0000,-4940.0000,
24/10/2022 16:00:00,12221.75000,26/10/2022 16:00:00,12338.00000,@NQ,1,1,2325.00,6805.0000,-3720.0000,
28/10/2022 16:00:00,11950.75000,01/11/2022 16:00:00,12283.00000,@NQ,1,1,6645.00,10065.0000,-1215.0000,
02/11/2022 16:00:00,12148.25000,02/11/2022 16:00:00,11898.25000,@NQ,1,1,-5000.00,2795.0000,-4265.0000,
03/11/2022 16:00:00,11766.00000,07/11/2022 16:00:00,11614.50000,@NQ,-1,1,3030.00,6040.0000,-1160.0000,
10/11/2022 16:00:00,11669.00000,14/11/2022 16:00:00,12619.00000,@NQ,1,1,19000.00,20715.0000,-660.0000,
16/11/2022 16:00:00,12710.00000,17/11/2022 16:00:00,12460.00000,@NQ,1,1,-5000.00,1620.0000,-4965.0000,
18/11/2022 16:00:00,12575.75000,22/11/2022 16:00:00,12416.00000,@NQ,1,1,-3195.00,1905.0000,-3895.0000,
23/11/2022 16:00:00,12569.50000,25/11/2022 16:00:00,12742.25000,@NQ,1,1,3455.00,3830.0000,-430.0000,
28/11/2022 16:00:00,12559.25000,29/11/2022 16:00:00,12309.25000,@NQ,1,1,-5000.00,1145.0000,-4620.0000,
30/11/2022 16:00:00,12348.00000,02/12/2022 16:00:00,12867.75000,@NQ,1,1,10395.00,12500.0000,-445.0000,
05/12/2022 16:00:00,12828.50000,05/12/2022 16:00:00,12578.50000,@NQ,1,1,-5000.00,305.0000,-4980.0000,
06/12/2022 16:00:00,12640.00000,06/12/2022 16:00:00,12390.00000,@NQ,1,1,-5000.00,685.0000,-4735.0000,
07/12/2022 16:00:00,12394.00000,09/12/2022 16:00:00,12470.25000,@NQ,1,1,1525.00,2410.0000,-2870.0000,
12/12/2022 16:00:00,12386.50000,14/12/2022 16:00:00,12670.00000,@NQ,1,1,5670.00,13350.0000,-715.0000,
15/12/2022 16:00:00,12599.25000,15/12/2022 16:00:00,12349.25000,@NQ,1,1,-5000.00,275.0000,-4835.0000,
16/12/2022 16:00:00,12161.50000,19/12/2022 16:00:00,11911.50000,@NQ,1,1,-5000.00,900.0000,-4905.0000,
20/12/2022 16:00:00,11897.50000,22/12/2022 16:00:00,12072.00000,@NQ,1,1,3490.00,4145.0000,-2780.0000,
05/01/2023 16:00:00,11703.50000,09/01/2023 16:00:00,11841.50000,@NQ,1,1,2760.00,3545.0000,-4750.0000,
10/01/2023 16:00:00,11899.75000,12/01/2023 16:00:00,12189.50000,@NQ,1,1,5795.00,5895.0000,-1815.0000,
19/01/2023 16:00:00,12185.50000,23/01/2023 16:00:00,12391.75000,@NQ,-1,1,-4125.00,3240.0000,-4325.0000,
02/02/2023 16:00:00,13235.00000,06/02/2023 16:00:00,13287.00000,@NQ,1,1,1040.00,8595.0000,-365.0000,
07/02/2023 16:00:00,13228.00000,09/02/2023 16:00:00,13270.00000,@NQ,1,1,840.00,6110.0000,-1075.0000,
10/02/2023 16:00:00,13163.75000,14/02/2023 16:00:00,13262.25000,@NQ,1,1,1970.00,2365.0000,-4110.0000,
15/02/2023 16:00:00,13335.75000,17/02/2023 16:00:00,13177.50000,@NQ,1,1,-3165.00,3440.0000,-3310.0000,
23/02/2023 16:00:00,12891.25000,24/02/2023 16:00:00,12641.25000,@NQ,1,1,-5000.00,1695.0000,-4960.0000,
27/02/2023 16:00:00,12718.00000,01/03/2023 16:00:00,12756.25000,@NQ,1,1,765.00,3730.0000,-260.0000,
02/03/2023 16:00:00,12682.00000,03/03/2023 16:00:00,12932.00000,@NQ,-1,1,-5000.00,2690.0000,-4900.0000,
09/03/2023 16:00:00,12946.00000,09/03/2023 16:00:00,12696.00000,@NQ,1,1,-5000.00,2450.0000,-4675.0000,
10/03/2023 16:00:00,12720.00000,13/03/2023 16:00:00,12470.00000,@NQ,1,1,-5000.00,2080.0000,-4595.0000,
14/03/2023 16:00:00,12666.25000,16/03/2023 16:00:00,12985.00000,@NQ,1,1,6375.00,6550.0000,-955.0000,
17/03/2023 16:00:00,13294.25000,21/03/2023 16:00:00,13286.00000,@NQ,1,1,-165.00,2065.0000,-3655.0000,
22/03/2023 16:00:00,13459.50000,24/03/2023 16:00:00,13457.75000,@NQ,1,1,-35.00,4175.0000,-3905.0000,
27/03/2023 16:00:00,13502.25000,28/03/2023 16:00:00,13252.25000,@NQ,1,1,-5000.00,1370.0000,-4860.0000,
29/03/2023 16:00:00,13331.75000,31/03/2023 16:00:00,13670.50000,@NQ,1,1,6775.00,7325.0000,-70.0000,
03/04/2023 16:00:00,13848.25000,05/04/2023 16:00:00,13816.25000,@NQ,1,1,-640.00,1735.0000,-2160.0000,
06/04/2023 16:00:00,13659.00000,10/04/2023 16:00:00,13766.00000,@NQ,1,1,2140.00,2390.0000,-2390.0000,
12/04/2023 16:00:00,13660.00000,14/04/2023 16:00:00,13769.25000,@NQ,1,1,2185.00,3360.0000,-2965.0000,
17/04/2023 16:00:00,13798.75000,19/04/2023 16:00:00,13756.75000,@NQ,1,1,-840.00,1725.0000,-2715.0000,
20/04/2023 16:00:00,13748.25000,24/04/2023 16:00:00,13656.25000,@NQ,1,1,-1840.00,760.0000,-3590.0000,
25/04/2023 16:00:00,13636.50000,25/04/2023 16:00:00,13386.50000,@NQ,1,1,-5000.00,185.0000,-4885.0000,
26/04/2023 16:00:00,13526.25000,28/04/2023 16:00:00,13801.25000,@NQ,1,1,5500.00,7860.0000,-1525.0000,
01/05/2023 16:00:00,13903.25000,03/05/2023 16:00:00,13748.25000,@NQ,1,1,-3100.00,1065.0000,-4135.0000,
04/05/2023 16:00:00,13650.25000,08/05/2023 16:00:00,13902.25000,@NQ,1,1,5040.00,5900.0000,-1245.0000,
09/05/2023 16:00:00,13924.75000,11/05/2023 16:00:00,13996.25000,@NQ,1,1,1430.00,2165.0000,-2715.0000,
12/05/2023 16:00:00,14032.25000,16/05/2023 16:00:00,14047.25000,@NQ,1,1,300.00,965.0000,-2710.0000,
17/05/2023 16:00:00,14084.75000,19/05/2023 16:00:00,14494.75000,@NQ,1,1,8200.00,8290.0000,-485.0000,
25/05/2023 16:00:00,14463.25000,29/05/2023 16:00:00,15023.75000,@NQ,1,1,11210.00,11210.0000,-1480.0000,
30/05/2023 16:00:00,14985.75000,01/06/2023 16:00:00,14876.25000,@NQ,1,1,-2190.00,3410.0000,-2965.0000,
08/06/2023 16:00:00,14902.25000,12/06/2023 16:00:00,15141.25000,@NQ,1,1,4780.00,7430.0000,-1185.0000,
13/06/2023 16:00:00,15413.25000,15/06/2023 16:00:00,15628.75000,@NQ,1,1,4310.00,4740.0000,-870.0000,
16/06/2023 16:00:00,15774.75000,20/06/2023 16:00:00,15651.25000,@NQ,1,1,-2470.00,2150.0000,-2750.0000,
21/06/2023 16:00:00,15654.25000,22/06/2023 16:00:00,15404.25000,@NQ,1,1,-5000.00,515.0000,-4905.0000,
23/06/2023 16:00:00,15642.75000,23/06/2023 16:00:00,15392.75000,@NQ,1,1,-5000.00,0.0000,-4920.0000,
26/06/2023 16:00:00,15464.50000,28/06/2023 16:00:00,15495.00000,@NQ,1,1,610.00,1895.0000,-4085.0000,
29/06/2023 16:00:00,15567.75000,03/07/2023 16:00:00,15737.75000,@NQ,1,1,3400.00,4315.0000,-2650.0000,
04/07/2023 16:00:00,15763.75000,06/07/2023 16:00:00,15760.50000,@NQ,1,1,-65.00,1500.0000,-2035.0000,
13/07/2023 16:00:00,15864.50000,17/07/2023 16:00:00,16096.75000,@NQ,1,1,4645.00,7990.0000,-25.0000,
18/07/2023 16:00:00,16238.75000,20/07/2023 16:00:00,16329.50000,@NQ,1,1,1815.00,4615.0000,-1980.0000,
03/08/2023 16:00:00,15862.50000,07/08/2023 16:00:00,15777.25000,@NQ,-1,1,1705.00,2385.0000,-3090.0000,
10/08/2023 16:00:00,15609.25000,14/08/2023 16:00:00,15510.75000,@NQ,1,1,-1970.00,4795.0000,-3305.0000,
15/08/2023 16:00:00,15685.75000,16/08/2023 16:00:00,15435.75000,@NQ,1,1,-5000.00,1120.0000,-4910.0000,
17/08/2023 16:00:00,15347.00000,18/08/2023 16:00:00,15097.00000,@NQ,1,1,-5000.00,1560.0000,-4785.0000,
21/08/2023 16:00:00,15169.25000,23/08/2023 16:00:00,15366.50000,@NQ,1,1,3945.00,7115.0000,-840.0000,
24/08/2023 16:00:00,15739.75000,24/08/2023 16:00:00,15489.75000,@NQ,1,1,-5000.00,1700.0000,-4695.0000,
25/08/2023 16:00:00,15239.75000,29/08/2023 16:00:00,15505.50000,@NQ,1,1,5315.00,5870.0000,-1625.0000,
30/08/2023 16:00:00,15834.25000,01/09/2023 16:00:00,15940.75000,@NQ,1,1,2130.00,3585.0000,-1320.0000,
07/09/2023 16:00:00,15791.75000,11/09/2023 16:00:00,15712.25000,@NQ,-1,1,1590.00,4550.0000,-215.0000,
14/09/2023 16:00:00,15779.50000,18/09/2023 16:00:00,15592.75000,@NQ,1,1,-3735.00,3015.0000,-4245.0000,
19/09/2023 16:00:00,15634.75000,20/09/2023 16:00:00,15384.75000,@NQ,1,1,-5000.00,360.0000,-4985.0000,
21/09/2023 16:00:00,15343.75000,25/09/2023 16:00:00,15090.75000,@NQ,-1,1,5060.00,5940.0000,-315.0000,
28/09/2023 16:00:00,14983.00000,02/10/2023 16:00:00,15175.50000,@NQ,1,1,3850.00,5765.0000,-2290.0000,
03/10/2023 16:00:00,15200.00000,03/10/2023 16:00:00,14950.00000,@NQ,1,1,-5000.00,830.0000,-4950.0000,
04/10/2023 16:00:00,14924.25000,06/10/2023 16:00:00,15064.25000,@NQ,1,1,2800.00,4900.0000,-2495.0000,
09/10/2023 16:00:00,15250.75000,11/10/2023 16:00:00,15492.75000,@NQ,1,1,4840.00,6865.0000,-1815.0000,
12/10/2023 16:00:00,15618.00000,13/10/2023 16:00:00,15368.00000,@NQ,1,1,-5000.00,1225.0000,-4795.0000,
16/10/2023 16:00:00,15330.50000,18/10/2023 16:00:00,15447.00000,@NQ,1,1,2330.00,4335.0000,-1395.0000,
19/10/2023 16:00:00,15255.50000,20/10/2023 16:00:00,15005.50000,@NQ,1,1,-5000.00,1865.0000,-4980.0000,
23/10/2023 16:00:00,14890.50000,25/10/2023 16:00:00,15038.50000,@NQ,1,1,2960.00,5375.0000,-3315.0000,
26/10/2023 16:00:00,14635.50000,30/10/2023 16:00:00,14546.50000,@NQ,-1,1,1780.00,5695.0000,-680.0000,
02/11/2023 16:00:00,14971.75000,06/11/2023 16:00:00,15397.50000,@NQ,1,1,8515.00,9345.0000,-25.0000,
07/11/2023 16:00:00,15425.50000,09/11/2023 16:00:00,15566.75000,@NQ,1,1,2825.00,4050.0000,-780.0000,
10/11/2023 16:00:00,15465.25000,14/11/2023 16:00:00,15768.50000,@NQ,1,1,6065.00,7160.0000,-950.0000,
15/11/2023 16:00:00,16105.50000,17/11/2023 16:00:00,16108.25000,@NQ,1,1,55.00,3090.0000,-1965.0000,
