06/01/2011 19:45:00,481.50000,12/01/2011 05:45:00,469.25000,@S,1,1,-612.50,737.5000,-1225.0000,
18/01/2011 10:00:00,526.00000,20/01/2011 09:45:00,496.00000,@S,1,1,-1500.00,375.0000,-1437.5000,
26/01/2011 21:30:00,494.25000,01/02/2011 10:00:00,523.50000,@S,1,1,1462.50,1675.0000,-725.0000,
01/02/2011 10:15:00,528.25000,04/02/2011 11:30:00,528.25000,@S,1,1,0.00,1300.0000,-75.0000,
08/02/2011 19:30:00,541.25000,14/02/2011 05:45:00,516.50000,@S,1,1,-1237.50,812.5000,-1462.5000,
17/02/2011 05:15:00,477.75000,18/02/2011 11:30:00,477.75000,@S,1,1,0.00,1537.5000,-62.5000,
23/02/2011 19:30:00,426.25000,25/02/2011 10:30:00,474.25000,@S,1,1,2400.00,2025.0000,-1275.0000,
25/02/2011 10:45:00,461.75000,03/03/2011 02:30:00,484.25000,@S,1,1,1125.00,1475.0000,-787.5000,
17/03/2011 04:15:00,400.75000,18/03/2011 05:30:00,448.75000,@S,1,1,2400.00,2375.0000,-250.0000,
23/03/2011 03:00:00,458.75000,28/03/2011 21:00:00,439.00000,@S,1,1,-987.50,275.0000,-1425.0000,
31/03/2011 02:30:00,466.25000,31/03/2011 09:45:00,514.25000,@S,1,1,2400.00,1975.0000,-50.0000,
31/03/2011 10:00:00,507.25000,04/04/2011 10:00:00,477.25000,@S,1,1,-1500.00,187.5000,-1425.0000,
18/04/2011 10:30:00,431.25000,24/04/2011 19:15:00,479.25000,@S,1,1,2400.00,2375.0000,-150.0000,
24/04/2011 19:30:00,478.50000,28/04/2011 09:45:00,479.75000,@S,1,1,62.50,362.5000,-1237.5000,
02/05/2011 10:00:00,488.00000,03/05/2011 09:45:00,458.00000,@S,1,1,-1500.00,50.0000,-1275.0000,
10/05/2011 03:15:00,431.75000,15/05/2011 20:45:00,426.00000,@S,1,1,-287.50,850.0000,-1462.5000,
17/05/2011 10:30:00,409.50000,18/05/2011 00:30:00,439.50000,@S,-1,1,-1500.00,412.5000,-1487.5000,
20/05/2011 10:30:00,479.00000,26/05/2011 02:15:00,473.25000,@S,1,1,-287.50,300.0000,-1212.5000,
26/05/2011 02:45:00,476.50000,01/06/2011 20:45:00,475.50000,@S,1,1,-50.00,537.5000,-875.0000,
07/06/2011 19:30:00,487.50000,13/06/2011 05:30:00,474.75000,@S,1,1,-637.50,925.0000,-1062.5000,
21/06/2011 02:45:00,435.25000,23/06/2011 09:45:00,405.25000,@S,1,1,-1500.00,425.0000,-1475.0000,
23/06/2011 10:00:00,396.75000,28/06/2011 06:30:00,426.75000,@S,-1,1,-1500.00,200.0000,-1487.5000,
29/06/2011 12:15:00,415.50000,01/07/2011 13:00:00,415.50000,@S,-1,1,0.00,1625.0000,-762.5000,
04/07/2011 20:45:00,419.50000,10/07/2011 21:15:00,446.00000,@S,1,1,1325.00,1425.0000,-662.5000,
10/07/2011 22:00:00,447.00000,14/07/2011 20:00:00,478.00000,@S,1,1,1550.00,1800.0000,-850.0000,
15/07/2011 09:45:00,485.00000,21/07/2011 13:00:00,471.25000,@S,1,1,-687.50,937.5000,-975.0000,
26/07/2011 19:45:00,480.75000,29/07/2011 09:45:00,450.75000,@S,1,1,-1500.00,150.0000,-1475.0000,
29/07/2011 11:00:00,445.50000,02/08/2011 13:00:00,475.50000,@S,-1,1,-1500.00,137.5000,-1450.0000,
02/08/2011 13:15:00,471.25000,04/08/2011 11:00:00,441.25000,@S,1,1,-1500.00,137.5000,-1462.5000,
11/08/2011 03:45:00,411.50000,16/08/2011 21:45:00,441.50000,@S,1,1,1500.00,1775.0000,-462.5000,
17/08/2011 10:00:00,457.25000,23/08/2011 01:30:00,482.75000,@S,1,1,1275.00,1275.0000,-1012.5000,
23/08/2011 01:45:00,483.00000,28/08/2011 19:45:00,521.00000,@S,1,1,1900.00,1962.5000,-350.0000,
30/08/2011 10:15:00,546.25000,05/09/2011 21:45:00,516.25000,@S,1,1,-1500.00,537.5000,-1400.0000,
09/09/2011 01:45:00,517.75000,12/09/2011 10:45:00,487.75000,@S,1,1,-1500.00,312.5000,-1425.0000,
21/09/2011 10:15:00,426.25000,22/09/2011 09:45:00,378.25000,@S,-1,1,2400.00,2262.5000,0.0000,
22/09/2011 10:00:00,386.50000,26/09/2011 00:45:00,338.50000,@S,-1,1,2400.00,2387.5000,-187.5000,
05/10/2011 21:00:00,252.50000,10/10/2011 09:45:00,282.50000,@S,-1,1,-1500.00,412.5000,-1375.0000,
17/10/2011 19:30:00,338.00000,20/10/2011 22:00:00,324.25000,@S,-1,1,687.50,2225.0000,-650.0000,
26/10/2011 10:00:00,309.25000,31/10/2011 12:30:00,297.00000,@S,-1,1,612.50,1137.5000,-1287.5000,
06/11/2011 19:30:00,301.00000,09/11/2011 22:00:00,265.50000,@S,-1,1,1775.00,1987.5000,-150.0000,
09/11/2011 22:15:00,264.75000,15/11/2011 00:30:00,273.00000,@S,-1,1,-412.50,737.5000,-625.0000,
16/11/2011 19:30:00,265.00000,21/11/2011 22:00:00,228.75000,@S,-1,1,1812.50,1850.0000,-500.0000,
22/11/2011 21:00:00,223.50000,29/11/2011 00:45:00,205.25000,@S,-1,1,912.50,1887.5000,-225.0000,
07/12/2011 21:15:00,206.00000,12/12/2011 23:45:00,195.50000,@S,-1,1,525.00,1400.0000,-675.0000,
14/12/2011 10:30:00,185.25000,18/12/2011 19:15:00,223.75000,@S,-1,1,-1925.00,400.0000,-1925.0000,
21/12/2011 07:15:00,217.25000,22/12/2011 09:45:00,247.25000,@S,-1,1,-1500.00,100.0000,-1237.5000,
30/01/2012 02:00:00,279.75000,31/01/2012 20:00:00,279.75000,@S,-1,1,0.00,1100.0000,-100.0000,
08/02/2012 02:15:00,315.75000,13/02/2012 20:15:00,323.00000,@S,1,1,362.50,587.5000,-1362.5000,
15/02/2012 06:15:00,335.50000,22/02/2012,343.50000,@S,1,1,400.00,700.0000,-787.5000,
23/02/2012 03:15:00,347.25000,28/02/2012 21:45:00,375.00000,@S,1,1,1387.50,1662.5000,-137.5000,
29/02/2012 06:15:00,380.75000,06/03/2012 00:15:00,390.00000,@S,1,1,462.50,1100.0000,-412.5000,
08/03/2012 19:30:00,405.25000,14/03/2012 05:30:00,416.75000,@S,1,1,575.00,950.0000,-437.5000,
14/03/2012 22:30:00,427.25000,20/03/2012 10:45:00,414.50000,@S,1,1,-637.50,825.0000,-925.0000,
21/03/2012 21:30:00,426.00000,27/03/2012 09:45:00,451.00000,@S,1,1,1250.00,1437.5000,-1062.5000,
08/04/2012 19:30:00,508.25000,12/04/2012 05:30:00,491.50000,@S,1,1,-837.50,512.5000,-1350.0000,
12/04/2012 10:00:00,502.25000,18/04/2012 01:30:00,486.50000,@S,1,1,-787.50,587.5000,-1037.5000,
20/04/2012 12:30:00,499.50000,25/04/2012 04:30:00,547.50000,@S,1,1,2400.00,2287.5000,0.0000,
26/04/2012 19:30:00,553.25000,30/04/2012 10:00:00,553.25000,@S,1,1,0.00,1100.0000,-162.5000,
02/05/2012 10:45:00,578.50000,03/05/2012 02:00:00,548.50000,@S,1,1,-1500.00,175.0000,-1425.0000,
10/05/2012 02:00:00,512.50000,11/05/2012 12:45:00,482.50000,@S,1,1,-1500.00,787.5000,-1437.5000,
15/05/2012 02:45:00,472.50000,20/05/2012 20:45:00,485.75000,@S,1,1,662.50,2337.5000,-912.5000,
22/05/2012 12:30:00,452.50000,24/05/2012 08:00:00,452.50000,@S,-1,1,0.00,1600.0000,-237.5000,
24/05/2012 08:15:00,453.00000,30/05/2012 10:45:00,438.00000,@S,1,1,-750.00,925.0000,-962.5000,
30/05/2012 11:00:00,438.00000,01/06/2012 08:00:00,390.00000,@S,-1,1,2400.00,2400.0000,-562.5000,
01/06/2012 08:15:00,394.50000,01/06/2012 11:00:00,424.50000,@S,-1,1,-1500.00,12.5000,-1437.5000,
05/06/2012 10:45:00,426.75000,07/06/2012 06:30:00,474.75000,@S,1,1,2400.00,2400.0000,-475.0000,
11/06/2012 02:00:00,509.00000,13/06/2012 10:30:00,479.00000,@S,1,1,-1500.00,487.5000,-1287.5000,
15/06/2012 10:15:00,453.00000,19/06/2012 05:30:00,483.00000,@S,-1,1,-1500.00,637.5000,-1437.5000,
19/06/2012 05:45:00,482.00000,22/06/2012 08:15:00,518.75000,@S,1,1,1837.50,2200.0000,-87.5000,
27/06/2012 11:15:00,566.75000,28/06/2012 08:30:00,536.50000,@S,1,1,-1512.50,12.5000,-1512.5000,
29/06/2012 01:15:00,551.50000,03/07/2012 02:00:00,599.50000,@S,1,1,2400.00,2375.0000,-1062.5000,
03/07/2012 02:15:00,603.25000,05/07/2012 10:00:00,651.25000,@S,1,1,2400.00,2400.0000,-537.5000,
08/07/2012 19:30:00,677.75000,10/07/2012 12:45:00,677.75000,@S,1,1,0.00,1850.0000,-250.0000,
10/07/2012 21:30:00,697.25000,11/07/2012 12:15:00,667.25000,@S,1,1,-1500.00,850.0000,-1362.5000,
13/07/2012 04:30:00,678.00000,16/07/2012 19:15:00,734.25000,@S,1,1,2812.50,2812.5000,-300.0000,
18/07/2012 10:00:00,741.50000,19/07/2012 02:30:00,789.50000,@S,1,1,2400.00,2262.5000,-300.0000,
22/07/2012 19:15:00,829.75000,23/07/2012 04:45:00,799.75000,@S,1,1,-1500.00,150.0000,-775.0000,
27/07/2012 10:45:00,787.00000,31/07/2012 05:15:00,835.00000,@S,1,1,2400.00,2387.5000,-537.5000,
31/07/2012 05:30:00,834.75000,01/08/2012 05:00:00,804.75000,@S,1,1,-1500.00,300.0000,-1262.5000,
03/08/2012 09:30:00,810.75000,05/08/2012 19:15:00,772.50000,@S,1,1,-1912.50,262.5000,-1912.5000,
08/08/2012 20:00:00,757.75000,09/08/2012 12:30:00,805.75000,@S,1,1,2400.00,2400.0000,-187.5000,
09/08/2012 12:45:00,806.00000,12/08/2012 20:15:00,806.00000,@S,1,1,0.00,1975.0000,-375.0000,
15/08/2012 01:15:00,792.00000,20/08/2012 03:45:00,832.00000,@S,1,1,2000.00,2000.0000,-512.5000,
20/08/2012 04:00:00,833.25000,21/08/2012 04:00:00,881.25000,@S,1,1,2400.00,2375.0000,-162.5000,
22/08/2012 19:30:00,916.25000,23/08/2012 12:00:00,886.25000,@S,1,1,-1500.00,300.0000,-1437.5000,
26/08/2012 19:30:00,937.25000,27/08/2012 09:45:00,907.25000,@S,1,1,-1500.00,37.5000,-1187.5000,
29/08/2012 03:00:00,909.75000,03/09/2012 20:15:00,957.75000,@S,1,1,2400.00,2400.0000,-425.0000,
03/09/2012 20:30:00,962.25000,05/09/2012 09:45:00,932.25000,@S,1,1,-1500.00,212.5000,-1462.5000,
13/09/2012 20:30:00,933.25000,16/09/2012 22:30:00,903.25000,@S,1,1,-1500.00,500.0000,-1487.5000,
19/09/2012 03:15:00,849.50000,20/09/2012 11:30:00,819.50000,@S,1,1,-1500.00,600.0000,-1325.0000,
24/09/2012 20:45:00,796.50000,26/09/2012 06:15:00,766.50000,@S,1,1,-1500.00,325.0000,-1487.5000,
26/09/2012 06:30:00,767.75000,28/09/2012 11:00:00,767.75000,@S,-1,1,0.00,1637.5000,-262.5000,
28/09/2012 11:15:00,768.25000,30/09/2012 20:45:00,768.25000,@S,1,1,0.00,1150.0000,-25.0000,
01/10/2012 19:30:00,734.25000,03/10/2012 02:45:00,686.25000,@S,-1,1,2400.00,2312.5000,-225.0000,
04/10/2012 03:00:00,721.75000,07/10/2012 22:15:00,721.75000,@S,1,1,0.00,1262.5000,-150.0000,
07/10/2012 22:30:00,719.75000,09/10/2012 06:30:00,749.75000,@S,-1,1,-1500.00,237.5000,-1275.0000,
09/10/2012 06:45:00,748.25000,09/10/2012 19:30:00,718.25000,@S,1,1,-1500.00,162.5000,-1462.5000,
09/10/2012 19:45:00,717.50000,10/10/2012 21:45:00,717.50000,@S,-1,1,0.00,1100.0000,-500.0000,
12/10/2012 10:30:00,697.50000,17/10/2012 05:30:00,673.00000,@S,-1,1,1225.00,1712.5000,-425.0000,
17/10/2012 19:30:00,690.50000,22/10/2012 22:00:00,719.75000,@S,1,1,1462.50,2275.0000,-150.0000,
23/10/2012 19:30:00,730.25000,26/10/2012 10:15:00,730.25000,@S,1,1,0.00,1100.0000,-175.0000,
26/10/2012 10:30:00,730.25000,31/10/2012 05:30:00,722.25000,@S,-1,1,400.00,1450.0000,-425.0000,
31/10/2012 10:30:00,728.75000,04/11/2012 19:15:00,691.50000,@S,1,1,-1862.50,887.5000,-1862.5000,
04/11/2012 19:30:00,693.00000,07/11/2012 09:00:00,679.50000,@S,-1,1,675.00,737.5000,-312.5000,
15/11/2012 20:00:00,579.00000,20/11/2012 09:30:00,559.50000,@S,-1,1,975.00,1587.5000,-25.0000,
20/11/2012 09:45:00,559.25000,20/11/2012 12:15:00,589.25000,@S,-1,1,-1500.00,75.0000,-1487.5000,
30/11/2012 00:45:00,615.75000,04/12/2012 19:45:00,635.75000,@S,-1,1,-1000.00,587.5000,-1200.0000,
05/12/2012 05:30:00,642.50000,09/12/2012 20:00:00,642.50000,@S,1,1,0.00,1537.5000,-325.0000,
13/12/2012 08:00:00,656.00000,18/12/2012 04:45:00,656.00000,@S,1,1,0.00,1387.5000,-300.0000,
18/12/2012 05:00:00,649.25000,20/12/2012 02:15:00,601.25000,@S,-1,1,2400.00,2387.5000,-362.5000,
26/12/2012 19:15:00,595.50000,31/12/2012 08:45:00,584.00000,@S,-1,1,575.00,687.5000,-750.0000,
31/12/2012 09:00:00,584.25000,02/01/2013 09:45:00,614.25000,@S,-1,1,-1500.00,100.0000,-1337.5000,
02/01/2013 11:15:00,579.25000,07/01/2013 06:15:00,556.50000,@S,-1,1,1137.50,2112.5000,-125.0000,
10/01/2013 00:45:00,559.75000,11/01/2013 11:15:00,559.75000,@S,-1,1,0.00,1237.5000,-800.0000,
11/01/2013 11:30:00,535.50000,13/01/2013 19:15:00,568.50000,@S,-1,1,-1650.00,50.0000,-1650.0000,
22/01/2013 10:30:00,631.75000,24/01/2013 07:30:00,601.75000,@S,1,1,-1500.00,500.0000,-1425.0000,
28/01/2013 00:45:00,630.50000,31/01/2013 03:15:00,653.75000,@S,1,1,1162.50,1637.5000,-737.5000,
01/02/2013 09:00:00,664.00000,06/02/2013 11:30:00,666.50000,@S,1,1,125.00,750.0000,-600.0000,
08/02/2013 13:20:00,639.00000,13/02/2013 05:15:00,591.00000,@S,-1,1,2400.00,2337.5000,-175.0000,
19/02/2013 10:00:00,633.00000,21/02/2013 21:30:00,681.00000,@S,1,1,2400.00,2400.0000,-175.0000,
21/02/2013 21:45:00,684.25000,22/02/2013 13:15:00,654.25000,@S,1,1,-1500.00,662.5000,-1450.0000,
27/02/2013 09:00:00,642.50000,28/02/2013 19:15:00,642.50000,@S,1,1,0.00,1112.5000,-762.5000,
04/03/2013 13:20:00,658.25000,05/03/2013 19:15:00,658.25000,@S,1,1,0.00,1025.0000,-112.5000,
07/03/2013 19:30:00,673.75000,12/03/2013 22:00:00,659.75000,@S,1,1,-700.00,400.0000,-1325.0000,
13/03/2013 09:45:00,643.00000,18/03/2013 04:45:00,606.50000,@S,-1,1,1825.00,1862.5000,-437.5000,
18/03/2013 05:00:00,608.75000,21/03/2013,627.00000,@S,-1,1,-912.50,437.5000,-1062.5000,
21/03/2013 11:00:00,635.25000,26/03/2013 13:20:00,643.75000,@S,1,1,425.00,562.5000,-387.5000,
27/03/2013 19:15:00,650.75000,28/03/2013 11:15:00,620.75000,@S,1,1,-1500.00,300.0000,-325.0000,
28/03/2013 11:30:00,609.75000,03/04/2013 06:30:00,585.50000,@S,-1,1,1212.50,1537.5000,-50.0000,
07/04/2013 19:15:00,557.25000,09/04/2013 11:45:00,587.25000,@S,-1,1,-1500.00,200.0000,-1475.0000,
15/04/2013 19:15:00,591.50000,17/04/2013 12:15:00,621.50000,@S,-1,1,-1500.00,275.0000,-1250.0000,
18/04/2013 07:00:00,632.00000,23/04/2013 19:30:00,615.75000,@S,1,1,-812.50,325.0000,-1350.0000,
23/04/2013 19:45:00,614.50000,28/04/2013 19:15:00,628.25000,@S,-1,1,-687.50,775.0000,-962.5000,
28/04/2013 21:00:00,634.25000,01/05/2013 06:15:00,634.25000,@S,1,1,0.00,1887.5000,-300.0000,
03/05/2013 10:00:00,632.25000,08/05/2013 21:15:00,640.00000,@S,1,1,387.50,950.0000,-887.5000,
09/05/2013 19:30:00,658.50000,15/05/2013 01:00:00,663.25000,@S,1,1,237.50,787.5000,-1012.5000,
16/05/2013 10:15:00,671.25000,21/05/2013 09:45:00,719.25000,@S,1,1,2400.00,2400.0000,-37.5000,
21/05/2013 10:00:00,717.25000,23/05/2013 11:45:00,765.25000,@S,1,1,2400.00,2400.0000,-162.5000,
28/05/2013 09:45:00,754.75000,28/05/2013 10:15:00,754.75000,@S,1,1,0.00,1100.0000,-25.0000,
28/05/2013 10:30:00,755.25000,02/06/2013 21:30:00,766.00000,@S,1,1,537.50,800.0000,-1000.0000,
05/06/2013 09:00:00,781.50000,10/06/2013 09:45:00,751.50000,@S,1,1,-1500.00,787.5000,-1462.5000,
24/06/2013 13:15:00,754.50000,28/06/2013 00:15:00,769.25000,@S,1,1,737.50,1262.5000,-50.0000,
03/07/2013 02:30:00,747.75000,10/07/2013 04:30:00,773.75000,@S,1,1,1300.00,1712.5000,-1387.5000,
15/07/2013 19:30:00,769.00000,17/07/2013 19:15:00,769.00000,@S,1,1,0.00,1150.0000,-425.0000,
22/07/2013 06:15:00,773.75000,25/07/2013 05:15:00,743.75000,@S,1,1,-1500.00,862.5000,-1375.0000,
30/07/2013 11:45:00,702.25000,02/08/2013 09:45:00,701.25000,@S,-1,1,50.00,912.5000,-212.5000,
06/08/2013 11:00:00,663.50000,09/08/2013 09:00:00,684.25000,@S,-1,1,-1037.50,300.0000,-1300.0000,
12/08/2013 09:00:00,695.25000,14/08/2013 21:45:00,743.25000,@S,1,1,2400.00,2387.5000,-237.5000,
18/08/2013 19:30:00,773.50000,22/08/2013 01:00:00,792.50000,@S,1,1,950.00,2025.0000,-125.0000,
23/08/2013 09:00:00,813.75000,25/08/2013 20:15:00,861.75000,@S,1,1,2400.00,2250.0000,-250.0000,
05/09/2013 19:30:00,865.75000,09/09/2013 19:15:00,835.75000,@S,1,1,-1500.00,662.5000,-1375.0000,
11/09/2013 20:15:00,857.50000,15/09/2013 20:00:00,857.50000,@S,1,1,0.00,1875.0000,-1062.5000,
18/09/2013 19:30:00,848.75000,20/09/2013 04:45:00,818.75000,@S,1,1,-1500.00,375.0000,-1487.5000,
24/09/2013 02:30:00,814.25000,27/09/2013 08:45:00,816.50000,@S,1,1,112.50,437.5000,-637.5000,
27/09/2013 09:00:00,822.25000,30/09/2013 11:15:00,792.25000,@S,1,1,-1500.00,25.0000,-1262.5000,
30/09/2013 11:45:00,784.00000,03/10/2013 09:00:00,784.00000,@S,-1,1,0.00,1275.0000,-37.5000,
06/10/2013 19:45:00,795.00000,10/10/2013 01:30:00,790.75000,@S,1,1,-212.50,287.5000,-937.5000,
10/10/2013 01:45:00,790.50000,13/10/2013 19:15:00,758.75000,@S,1,1,-1587.50,325.0000,-1587.5000,
13/10/2013 19:30:00,758.75000,16/10/2013 12:00:00,772.50000,@S,-1,1,-687.50,50.0000,-812.5000,
16/10/2013 12:15:00,773.00000,22/10/2013,794.00000,@S,1,1,1050.00,1300.0000,-162.5000,
23/10/2013 05:15:00,804.25000,28/10/2013 09:45:00,774.25000,@S,1,1,-1500.00,475.0000,-1462.5000,
28/10/2013 10:00:00,773.25000,31/10/2013 07:15:00,782.00000,@S,-1,1,-437.50,525.0000,-550.0000,
01/11/2013 07:15:00,762.00000,06/11/2013 05:15:00,751.50000,@S,-1,1,525.00,837.5000,-162.5000,
07/11/2013 09:45:00,759.75000,12/11/2013 09:45:00,807.75000,@S,1,1,2400.00,2400.0000,-225.0000,
12/11/2013 10:00:00,811.50000,15/11/2013 12:45:00,781.50000,@S,1,1,-1500.00,412.5000,-1462.5000,
15/11/2013 13:00:00,782.50000,20/11/2013 11:00:00,770.75000,@S,-1,1,587.50,800.0000,-487.5000,
21/11/2013 08:45:00,782.75000,25/11/2013 13:15:00,830.75000,@S,1,1,2400.00,2375.0000,-362.5000,
26/11/2013 20:45:00,830.75000,03/12/2013 22:45:00,822.50000,@S,1,1,-412.50,675.0000,-1062.5000,
04/12/2013 09:30:00,830.00000,09/12/2013 21:15:00,839.75000,@S,1,1,487.50,750.0000,-787.5000,
16/12/2013 09:30:00,828.25000,18/12/2013 11:45:00,828.25000,@S,1,1,0.00,1050.0000,-75.0000,
20/12/2013 03:15:00,829.75000,27/12/2013 07:45:00,820.75000,@S,1,1,-450.00,775.0000,-737.5000,
31/12/2013 11:45:00,805.75000,07/01/2014 04:15:00,780.50000,@S,-1,1,1262.50,1575.0000,-237.5000,
07/01/2014 06:30:00,780.75000,10/01/2014 04:30:00,787.75000,@S,-1,1,-350.00,125.0000,-700.0000,
15/01/2014 10:15:00,829.50000,21/01/2014 09:30:00,799.50000,@S,1,1,-1500.00,637.5000,-1475.0000,
21/01/2014 09:45:00,799.75000,24/01/2014 07:00:00,778.75000,@S,-1,1,1050.00,1150.0000,-437.5000,
28/01/2014 09:00:00,790.75000,31/01/2014 06:30:00,787.75000,@S,-1,1,150.00,950.0000,-387.5000,
03/02/2014 09:00:00,803.50000,06/02/2014 20:15:00,836.00000,@S,1,1,1625.00,2137.5000,-37.5000,
10/02/2014 01:15:00,845.00000,13/02/2014 06:30:00,842.50000,@S,1,1,-125.00,337.5000,-1037.5000,
13/02/2014 10:30:00,853.00000,19/02/2014 21:30:00,868.25000,@S,1,1,762.50,1525.0000,-287.5000,
21/02/2014 10:30:00,874.25000,26/02/2014 21:45:00,920.50000,@S,1,1,2312.50,2350.0000,-125.0000,
27/02/2014 05:00:00,921.75000,27/02/2014 12:45:00,921.75000,@S,1,1,0.00,2362.5000,0.0000,
27/02/2014 13:00:00,926.50000,03/03/2014 12:45:00,926.50000,@S,1,1,0.00,1725.0000,-1287.5000,
05/03/2014 00:45:00,949.75000,10/03/2014 06:15:00,973.25000,@S,1,1,1175.00,1687.5000,-837.5000,
18/03/2014 04:00:00,920.50000,20/03/2014 07:45:00,968.50000,@S,1,1,2400.00,2375.0000,-25.0000,
20/03/2014 08:45:00,970.25000,21/03/2014 04:45:00,940.25000,@S,1,1,-1500.00,487.5000,-1412.5000,
26/03/2014 11:45:00,962.75000,31/03/2014 22:45:00,999.50000,@S,1,1,1837.50,2125.0000,-812.5000,
01/04/2014 20:45:00,1015.75000,02/04/2014 12:30:00,985.75000,@S,1,1,-1500.00,187.5000,-1400.0000,
04/04/2014 02:00:00,1007.00000,09/04/2014 07:30:00,1017.75000,@S,1,1,537.50,737.5000,-1200.0000,
14/04/2014 19:45:00,1002.75000,16/04/2014 21:00:00,1050.75000,@S,1,1,2400.00,2387.5000,-162.5000,
16/04/2014 21:15:00,1052.75000,21/04/2014 08:45:00,1022.75000,@S,1,1,-1500.00,125.0000,-1387.5000,
24/04/2014 20:15:00,998.50000,29/04/2014 12:15:00,1046.50000,@S,1,1,2400.00,2312.5000,-100.0000,
29/04/2014 12:30:00,1045.50000,01/05/2014 08:45:00,1015.50000,@S,1,1,-1500.00,112.5000,-1262.5000,
04/05/2014 19:30:00,1001.75000,06/05/2014 08:45:00,971.75000,@S,1,1,-1500.00,400.0000,-1425.0000,
08/05/2014 09:00:00,987.00000,13/05/2014 20:15:00,1012.75000,@S,1,1,1287.50,1812.5000,-337.5000,
13/05/2014 20:45:00,1013.75000,19/05/2014 02:15:00,995.75000,@S,1,1,-900.00,350.0000,-1275.0000,
19/05/2014 11:15:00,1007.00000,20/05/2014 12:15:00,1007.00000,@S,1,1,0.00,1062.5000,-12.5000,
21/05/2014 13:20:00,1034.00000,26/05/2014 19:15:00,1034.00000,@S,1,1,0.00,1500.0000,-187.5000,
28/05/2014 20:00:00,1030.00000,03/06/2014 01:45:00,1025.00000,@S,1,1,-250.00,450.0000,-1225.0000,
09/06/2014 01:00:00,995.50000,12/06/2014 06:45:00,978.25000,@S,1,1,-862.50,350.0000,-1312.5000,
12/06/2014 09:15:00,970.75000,17/06/2014 06:15:00,942.00000,@S,-1,1,1437.50,1675.0000,-137.5000,
17/06/2014 19:45:00,922.50000,20/06/2014 12:00:00,932.75000,@S,-1,1,-512.50,87.5000,-1387.5000,
26/06/2014 08:45:00,952.00000,30/06/2014 11:15:00,922.00000,@S,1,1,-1500.00,412.5000,-975.0000,
30/06/2014 11:30:00,895.00000,01/07/2014 08:45:00,847.00000,@S,-1,1,2400.00,2250.0000,-100.0000,
07/07/2014 09:00:00,835.75000,10/07/2014 06:15:00,827.75000,@S,-1,1,400.00,1087.5000,-387.5000,
10/07/2014 11:00:00,812.25000,15/07/2014 09:00:00,789.25000,@S,-1,1,1150.00,1662.5000,-37.5000,
31/07/2014 21:45:00,789.50000,04/08/2014 06:30:00,789.50000,@S,-1,1,0.00,1075.0000,-87.5000,
11/08/2014 21:30:00,784.75000,14/08/2014 19:30:00,766.00000,@S,-1,1,937.50,1600.0000,-25.0000,
17/08/2014 20:30:00,761.00000,20/08/2014 12:45:00,752.25000,@S,-1,1,437.50,525.0000,-650.0000,
20/08/2014 13:00:00,752.75000,25/08/2014 12:45:00,740.75000,@S,-1,1,600.00,612.5000,-450.0000,
25/08/2014 13:00:00,740.25000,28/08/2014 11:15:00,740.75000,@S,-1,1,-25.00,325.0000,-425.0000,
03/09/2014 04:00:00,734.25000,08/09/2014 02:00:00,741.25000,@S,-1,1,-350.00,950.0000,-412.5000,
18/09/2014 09:15:00,689.25000,23/09/2014 06:30:00,655.50000,@S,-1,1,1687.50,2212.5000,-37.5000,
25/09/2014 09:00:00,645.75000,30/09/2014 06:15:00,631.50000,@S,-1,1,712.50,1312.5000,-62.5000,
28/11/2014 11:30:00,725.75000,03/12/2014 10:15:00,697.25000,@S,-1,1,1425.00,1750.0000,-187.5000,
16/12/2014 11:30:00,731.75000,19/12/2014 09:15:00,735.00000,@S,-1,1,-162.50,487.5000,-762.5000,
24/12/2014 11:00:00,733.00000,28/12/2014 21:30:00,763.00000,@S,-1,1,-1500.00,25.0000,-1450.0000,
31/12/2014 09:00:00,734.25000,05/01/2015 11:15:00,734.25000,@S,-1,1,0.00,1375.0000,-162.5000,
12/01/2015 11:30:00,724.50000,15/01/2015 09:30:00,705.25000,@S,-1,1,962.50,1562.5000,-250.0000,
19/01/2015 20:00:00,682.75000,22/01/2015 12:00:00,678.25000,@S,-1,1,225.00,500.0000,-512.5000,
22/01/2015 12:30:00,677.75000,27/01/2015 10:30:00,676.75000,@S,-1,1,50.00,512.5000,-412.5000,
28/01/2015 04:45:00,672.25000,02/02/2015 03:00:00,659.00000,@S,-1,1,662.50,837.5000,-300.0000,
10/02/2015 09:30:00,672.00000,13/02/2015 06:45:00,688.00000,@S,-1,1,-800.00,275.0000,-1075.0000,
06/03/2015 00:30:00,682.50000,10/03/2015 22:45:00,691.75000,@S,-1,1,-462.50,400.0000,-712.5000,
13/03/2015 03:45:00,682.00000,18/03/2015 01:15:00,655.75000,@S,-1,1,1312.50,1537.5000,-237.5000,
25/03/2015 19:30:00,673.75000,30/03/2015 12:15:00,672.00000,@S,-1,1,87.50,550.0000,-275.0000,
31/03/2015 03:45:00,662.25000,06/04/2015 01:30:00,686.75000,@S,-1,1,-1225.00,662.5000,-1425.0000,
07/04/2015 03:30:00,674.25000,10/04/2015 01:30:00,651.25000,@S,-1,1,1150.00,1312.5000,-12.5000,
16/04/2015 10:15:00,654.75000,21/04/2015 07:45:00,672.00000,@S,-1,1,-862.50,75.0000,-1200.0000,
22/04/2015 09:30:00,665.75000,27/04/2015 09:30:00,674.25000,@S,-1,1,-425.00,150.0000,-750.0000,
08/05/2015 09:15:00,668.50000,13/05/2015 06:15:00,656.75000,@S,-1,1,587.50,787.5000,-562.5000,
14/05/2015 10:30:00,651.50000,19/05/2015 08:45:00,646.00000,@S,-1,1,275.00,275.0000,-537.5000,
19/05/2015 09:00:00,647.00000,22/05/2015 06:15:00,636.75000,@S,-1,1,512.50,737.5000,-25.0000,
25/06/2015 09:15:00,694.50000,30/06/2015 01:00:00,694.50000,@S,1,1,0.00,1387.5000,-62.5000,
30/06/2015 11:30:00,716.25000,07/07/2015 00:45:00,736.50000,@S,1,1,1012.50,2200.0000,-37.5000,
09/07/2015 01:00:00,723.00000,14/07/2015 05:45:00,756.75000,@S,1,1,1687.50,2112.5000,-225.0000,
14/07/2015 06:00:00,756.75000,15/07/2015 11:15:00,726.75000,@S,1,1,-1500.00,25.0000,-1437.5000,
16/07/2015 09:30:00,748.75000,19/07/2015 19:15:00,718.75000,@S,1,1,-1500.00,62.5000,-1450.0000,
24/07/2015 10:15:00,689.75000,29/07/2015 06:45:00,663.25000,@S,-1,1,1325.00,1887.5000,-300.0000,
31/07/2015 09:30:00,662.50000,05/08/2015 06:00:00,666.50000,@S,-1,1,-200.00,800.0000,-337.5000,
06/08/2015 23:00:00,662.25000,09/08/2015 20:15:00,692.25000,@S,-1,1,-1500.00,100.0000,-1462.5000,
23/08/2015 19:30:00,603.75000,24/08/2015 10:00:00,603.75000,@S,-1,1,0.00,1425.0000,-12.5000,
24/08/2015 10:15:00,599.25000,27/08/2015 06:45:00,597.00000,@S,-1,1,112.50,750.0000,-525.0000,
02/09/2015 10:15:00,588.25000,08/09/2015 07:00:00,594.00000,@S,-1,1,-287.50,150.0000,-725.0000,
10/09/2015 07:45:00,590.75000,15/09/2015 05:00:00,607.25000,@S,-1,1,-825.00,862.5000,-1075.0000,
17/09/2015 08:45:00,601.50000,22/09/2015 05:15:00,591.00000,@S,-1,1,525.00,812.5000,-362.5000,
22/09/2015 09:45:00,583.00000,25/09/2015 06:15:00,594.75000,@S,-1,1,-587.50,237.5000,-687.5000,
28/09/2015 20:45:00,595.75000,01/10/2015 12:30:00,603.00000,@S,-1,1,-362.50,100.0000,-1337.5000,
08/10/2015 19:15:00,600.75000,13/10/2015 11:15:00,623.00000,@S,-1,1,-1112.50,450.0000,-1275.0000,
15/10/2015 13:15:00,626.75000,20/10/2015 10:45:00,616.50000,@S,-1,1,512.50,850.0000,-200.0000,
22/10/2015 21:30:00,617.00000,27/10/2015 13:20:00,611.75000,@S,-1,1,262.50,737.5000,-187.5000,
29/10/2015 08:45:00,602.75000,03/11/2015 05:15:00,599.50000,@S,-1,1,162.50,325.0000,-450.0000,
03/11/2015 05:30:00,598.50000,06/11/2015 02:45:00,586.25000,@S,-1,1,612.50,725.0000,-462.5000,
10/11/2015 19:15:00,577.00000,13/11/2015 11:15:00,578.25000,@S,-1,1,-62.50,100.0000,-450.0000,
16/11/2015 01:00:00,574.25000,18/11/2015 22:15:00,574.75000,@S,-1,1,-25.00,112.5000,-700.0000,
22/11/2015 21:15:00,572.50000,25/11/2015 13:00:00,595.75000,@S,-1,1,-1162.50,375.0000,-1262.5000,
23/12/2015 07:45:00,605.50000,29/12/2015 10:00:00,588.00000,@S,-1,1,875.00,1037.5000,-37.5000,
31/12/2015 12:00:00,588.00000,06/01/2016 09:15:00,582.25000,@S,-1,1,287.50,550.0000,-175.0000,
06/01/2016 10:00:00,577.75000,11/01/2016 06:30:00,587.00000,@S,-1,1,-462.50,50.0000,-887.5000,
11/01/2016 19:15:00,585.75000,14/01/2016 11:15:00,604.25000,@S,-1,1,-925.00,200.0000,-1012.5000,
20/01/2016 07:45:00,601.00000,25/01/2016 05:00:00,599.75000,@S,-1,1,62.50,300.0000,-500.0000,
28/01/2016 10:00:00,597.75000,02/02/2016 06:30:00,605.25000,@S,-1,1,-375.00,312.5000,-587.5000,
03/02/2016 12:00:00,601.75000,08/02/2016 09:30:00,591.50000,@S,-1,1,512.50,737.5000,-350.0000,
08/02/2016 09:45:00,590.75000,11/02/2016 07:30:00,587.50000,@S,-1,1,162.50,337.5000,-50.0000,
23/02/2016 07:30:00,600.75000,26/02/2016 05:15:00,588.50000,@S,-1,1,612.50,800.0000,-50.0000,
01/03/2016 10:30:00,579.25000,04/03/2016 07:15:00,592.25000,@S,-1,1,-650.00,175.0000,-662.5000,
27/03/2016 19:30:00,632.00000,31/03/2016 00:15:00,627.25000,@S,1,1,-237.50,237.5000,-350.0000,
03/04/2016 19:15:00,638.25000,07/04/2016,628.25000,@S,1,1,-500.00,187.5000,-875.0000,
08/04/2016 09:30:00,630.50000,13/04/2016 19:45:00,676.25000,@S,1,1,2287.50,2350.0000,0.0000,
17/04/2016 20:45:00,678.75000,20/04/2016 13:00:00,726.75000,@S,1,1,2400.00,2325.0000,-325.0000,
21/04/2016 19:15:00,736.50000,22/04/2016 10:30:00,706.50000,@S,1,1,-1500.00,25.0000,-1325.0000,
28/04/2016 09:00:00,747.00000,03/05/2016 09:30:00,747.00000,@S,1,1,0.00,1012.5000,-925.0000,
08/05/2016 19:30:00,750.75000,10/05/2016 12:15:00,798.75000,@S,1,1,2400.00,2362.5000,-1075.0000,
10/05/2016 12:30:00,799.25000,13/05/2016 06:30:00,769.25000,@S,1,1,-1500.00,125.0000,-1450.0000,
17/05/2016 09:00:00,785.00000,22/05/2016 19:15:00,784.50000,@S,1,1,-25.00,662.5000,-1187.5000,
25/05/2016 09:00:00,783.75000,26/05/2016 09:45:00,783.75000,@S,1,1,0.00,1225.0000,-37.5000,
30/05/2016 20:15:00,802.00000,02/06/2016 12:30:00,850.00000,@S,1,1,2400.00,2400.0000,-1187.5000,
07/06/2016 21:15:00,859.25000,10/06/2016 11:15:00,907.25000,@S,1,1,2400.00,2275.0000,-150.0000,
14/06/2016 20:45:00,887.00000,15/06/2016 20:15:00,857.00000,@S,1,1,-1500.00,50.0000,-1437.5000,
30/06/2016 11:30:00,877.50000,01/07/2016 09:45:00,877.50000,@S,1,1,0.00,1087.5000,-87.5000,
06/07/2016 19:30:00,822.75000,07/07/2016 01:00:00,792.75000,@S,1,1,-1500.00,137.5000,-1287.5000,
10/07/2016 19:30:00,813.75000,14/07/2016 00:15:00,850.00000,@S,1,1,1812.50,2212.5000,-1225.0000,
19/07/2016 10:30:00,772.00000,22/07/2016 07:00:00,731.25000,@S,-1,1,2037.50,2075.0000,-250.0000,
22/07/2016 07:15:00,731.50000,27/07/2016 04:45:00,718.50000,@S,-1,1,650.00,1500.0000,0.0000,
27/07/2016 07:30:00,723.25000,01/08/2016 05:45:00,723.25000,@S,1,1,0.00,1062.5000,-800.0000,
01/08/2016 10:45:00,703.50000,03/08/2016 07:15:00,703.50000,@S,-1,1,0.00,1100.0000,-150.0000,
08/08/2016 19:15:00,721.50000,12/08/2016,726.25000,@S,1,1,237.50,812.5000,-512.5000,
12/08/2016 09:15:00,715.75000,15/08/2016 09:00:00,745.75000,@S,-1,1,-1500.00,737.5000,-1375.0000,
17/08/2016 12:00:00,754.50000,22/08/2016 22:30:00,750.25000,@S,1,1,-212.50,200.0000,-987.5000,
24/08/2016 02:30:00,743.50000,28/08/2016 23:45:00,708.50000,@S,-1,1,1750.00,2225.0000,-275.0000,
30/08/2016 09:15:00,696.25000,02/09/2016 05:45:00,688.00000,@S,-1,1,412.50,1037.5000,-25.0000,
11/09/2016 21:00:00,710.00000,14/09/2016 12:45:00,681.00000,@S,-1,1,1450.00,1550.0000,-925.0000,
19/09/2016 21:00:00,720.50000,23/09/2016 01:45:00,708.75000,@S,1,1,-587.50,600.0000,-662.5000,
26/09/2016 19:15:00,685.25000,29/09/2016 11:00:00,685.75000,@S,-1,1,-25.00,637.5000,-525.0000,
09/10/2016 20:30:00,689.50000,12/10/2016 12:30:00,692.25000,@S,-1,1,-137.50,50.0000,-1012.5000,
12/10/2016 12:45:00,689.50000,17/10/2016 10:00:00,709.50000,@S,-1,1,-1000.00,687.5000,-1387.5000,
17/10/2016 19:15:00,716.00000,21/10/2016,715.00000,@S,1,1,-50.00,612.5000,-325.0000,
23/10/2016 22:30:00,725.25000,27/10/2016 03:15:00,753.00000,@S,1,1,1387.50,1487.5000,-275.0000,
27/10/2016 19:15:00,751.50000,01/11/2016 11:45:00,721.50000,@S,1,1,-1500.00,200.0000,-1487.5000,
01/11/2016 12:00:00,720.50000,04/11/2016 09:15:00,714.00000,@S,-1,1,325.00,500.0000,-187.5000,
09/11/2016 11:45:00,719.00000,14/11/2016 09:00:00,708.75000,@S,-1,1,512.50,812.5000,-1375.0000,
15/11/2016 19:15:00,720.75000,21/11/2016,733.25000,@S,1,1,625.00,700.0000,-612.5000,
22/11/2016 19:15:00,757.75000,29/11/2016 20:15:00,777.25000,@S,1,1,975.00,1737.5000,-650.0000,
04/12/2016 23:45:00,765.50000,08/12/2016 04:30:00,770.75000,@S,1,1,262.50,1187.5000,-100.0000,
11/12/2016 19:30:00,769.75000,15/12/2016 00:15:00,752.50000,@S,1,1,-862.50,262.5000,-1187.5000,
15/12/2016 09:45:00,760.00000,20/12/2016 20:00:00,735.00000,@S,1,1,-1250.00,325.0000,-1425.0000,
22/12/2016,732.00000,27/12/2016 22:30:00,741.75000,@S,-1,1,-487.50,837.5000,-550.0000,
03/01/2017 19:15:00,713.00000,06/01/2017 11:00:00,715.25000,@S,-1,1,-112.50,112.5000,-1050.0000,
10/01/2017 09:15:00,726.25000,16/01/2017 19:15:00,774.25000,@S,1,1,2400.00,2287.5000,-362.5000,
16/01/2017 19:30:00,775.00000,20/01/2017 00:15:00,782.25000,@S,1,1,362.50,1150.0000,-50.0000,
30/01/2017 09:30:00,745.50000,02/02/2017 06:00:00,752.50000,@S,-1,1,-350.00,525.0000,-550.0000,
02/02/2017 19:30:00,760.75000,08/02/2017 00:15:00,765.00000,@S,1,1,212.50,225.0000,-825.0000,
08/02/2017 00:30:00,765.00000,13/02/2017 05:00:00,770.50000,@S,1,1,275.00,825.0000,-100.0000,
22/02/2017 19:15:00,741.00000,27/02/2017 11:00:00,726.25000,@S,-1,1,737.50,775.0000,-200.0000,
27/02/2017 11:15:00,726.00000,28/02/2017 09:15:00,756.00000,@S,-1,1,-1500.00,100.0000,-1437.5000,
05/03/2017 20:00:00,748.50000,09/03/2017 00:45:00,726.50000,@S,1,1,-1100.00,350.0000,-1237.5000,
09/03/2017 03:00:00,725.25000,14/03/2017 00:15:00,710.50000,@S,-1,1,737.50,762.5000,-75.0000,
14/03/2017 01:00:00,708.75000,16/03/2017 22:15:00,705.75000,@S,-1,1,150.00,487.5000,-300.0000,
17/03/2017 09:00:00,702.50000,22/03/2017 05:30:00,707.00000,@S,-1,1,-225.00,50.0000,-662.5000,
23/03/2017 11:45:00,699.75000,28/03/2017 09:00:00,681.25000,@S,-1,1,925.00,1225.0000,-100.0000,
29/03/2017 19:15:00,676.50000,03/04/2017 11:00:00,650.25000,@S,-1,1,1312.50,1337.5000,-25.0000,
07/04/2017 02:00:00,645.25000,11/04/2017 23:15:00,653.50000,@S,-1,1,-412.50,425.0000,-562.5000,
17/04/2017 22:15:00,658.00000,20/04/2017 19:45:00,654.75000,@S,-1,1,162.50,562.5000,-237.5000,
25/04/2017 22:00:00,661.00000,30/04/2017 19:15:00,656.25000,@S,-1,1,237.50,600.0000,-187.5000,
17/05/2017 19:30:00,664.25000,22/05/2017 11:15:00,655.25000,@S,-1,1,450.00,1250.0000,-12.5000,
23/05/2017 19:15:00,645.00000,26/05/2017 11:00:00,630.50000,@S,-1,1,725.00,750.0000,-187.5000,
26/05/2017 11:15:00,628.75000,01/06/2017 08:00:00,617.25000,@S,-1,1,575.00,1137.5000,-37.5000,
01/06/2017 20:30:00,607.75000,06/06/2017 12:30:00,623.00000,@S,-1,1,-762.50,0.0000,-1150.0000,
12/06/2017 12:00:00,627.50000,15/06/2017 09:15:00,625.50000,@S,-1,1,100.00,275.0000,-525.0000,
15/06/2017 09:30:00,626.75000,20/06/2017 06:00:00,634.25000,@S,-1,1,-375.00,0.0000,-862.5000,
05/07/2017 19:15:00,686.25000,10/07/2017 19:15:00,734.25000,@S,1,1,2400.00,2387.5000,-550.0000,
17/07/2017 06:45:00,695.50000,20/07/2017 12:15:00,717.50000,@S,1,1,1100.00,1300.0000,-550.0000,
26/07/2017 19:30:00,693.50000,01/08/2017 00:15:00,689.00000,@S,1,1,-225.00,825.0000,-587.5000,
01/08/2017 09:15:00,669.75000,04/08/2017 05:45:00,650.50000,@S,-1,1,962.50,1200.0000,-75.0000,
09/08/2017 10:00:00,659.25000,14/08/2017 06:30:00,627.00000,@S,-1,1,1612.50,1725.0000,-975.0000,
15/08/2017 19:15:00,613.75000,18/08/2017 11:00:00,624.25000,@S,-1,1,-525.00,125.0000,-675.0000,
28/08/2017 09:45:00,629.75000,31/08/2017 06:15:00,623.75000,@S,-1,1,300.00,400.0000,-375.0000,
19/09/2017 09:00:00,654.00000,22/09/2017 05:30:00,669.50000,@S,-1,1,-775.00,262.5000,-787.5000,
26/09/2017 09:00:00,653.75000,29/09/2017 05:30:00,646.25000,@S,-1,1,375.00,400.0000,-250.0000,
29/09/2017 05:45:00,646.50000,04/10/2017 03:00:00,645.75000,@S,-1,1,37.50,187.5000,-987.5000,
10/10/2017 12:45:00,655.00000,12/10/2017 11:30:00,685.00000,@S,-1,1,-1500.00,287.5000,-1200.0000,
12/10/2017 11:45:00,681.00000,17/10/2017 22:00:00,673.75000,@S,1,1,-362.50,625.0000,-412.5000,
20/10/2017 05:30:00,680.25000,25/10/2017 11:00:00,668.00000,@S,1,1,-612.50,212.5000,-862.5000,
29/10/2017 21:30:00,670.75000,02/11/2017 02:15:00,676.00000,@S,1,1,262.50,312.5000,-487.5000,
02/11/2017 19:15:00,678.00000,08/11/2017 00:15:00,675.00000,@S,1,1,-150.00,0.0000,-700.0000,
08/11/2017 09:00:00,678.25000,13/11/2017 19:15:00,653.75000,@S,1,1,-1225.00,450.0000,-1275.0000,
17/11/2017 13:00:00,670.00000,26/11/2017 19:30:00,674.75000,@S,1,1,237.50,437.5000,-400.0000,
27/11/2017 10:00:00,679.75000,30/11/2017 20:15:00,665.25000,@S,1,1,-725.00,37.5000,-787.5000,
18/12/2017 09:30:00,642.75000,21/12/2017 06:30:00,631.25000,@S,-1,1,575.00,587.5000,-75.0000,
21/12/2017 06:45:00,631.00000,28/12/2017 00:30:00,633.75000,@S,-1,1,-137.50,275.0000,-637.5000,
04/01/2018 09:00:00,629.00000,09/01/2018 05:30:00,631.00000,@S,-1,1,-100.00,100.0000,-787.5000,
11/01/2018 19:15:00,616.00000,17/01/2018 11:00:00,632.75000,@S,-1,1,-837.50,187.5000,-1087.5000,
24/01/2018 11:30:00,661.25000,29/01/2018 21:45:00,657.50000,@S,1,1,-187.50,425.0000,-487.5000,
11/02/2018 19:30:00,666.25000,15/02/2018 00:15:00,687.75000,@S,1,1,1075.00,1100.0000,-475.0000,
15/02/2018 00:30:00,687.75000,21/02/2018 05:30:00,693.50000,@S,1,1,287.50,950.0000,-400.0000,
23/02/2018 07:30:00,705.75000,28/02/2018 13:00:00,712.00000,@S,1,1,312.50,512.5000,-500.0000,
28/02/2018 13:15:00,713.00000,05/03/2018 23:30:00,730.00000,@S,1,1,850.00,1300.0000,-287.5000,
12/03/2018 21:00:00,701.75000,16/03/2018 01:45:00,705.00000,@S,1,1,162.50,437.5000,-912.5000,
16/03/2018 02:00:00,704.75000,21/03/2018 06:45:00,690.75000,@S,1,1,-700.00,87.5000,-1325.0000,
21/03/2018 07:00:00,689.50000,26/03/2018 12:45:00,683.75000,@S,1,1,-287.50,362.5000,-1187.5000,
29/03/2018 06:15:00,671.00000,29/03/2018 11:15:00,701.00000,@S,-1,1,-1500.00,100.0000,-112.5000,
29/03/2018 11:30:00,700.25000,04/04/2018 03:00:00,670.25000,@S,1,1,-1500.00,837.5000,-725.0000,
06/04/2018 13:00:00,692.00000,11/04/2018 23:15:00,706.75000,@S,1,1,737.50,1425.0000,-225.0000,
12/04/2018 10:45:00,715.75000,17/04/2018 21:15:00,701.75000,@S,1,1,-700.00,400.0000,-962.5000,
18/04/2018 07:30:00,706.00000,23/04/2018 11:00:00,676.00000,@S,1,1,-1500.00,150.0000,-1475.0000,
23/04/2018 11:15:00,675.75000,26/04/2018 10:30:00,686.25000,@S,-1,1,-525.00,150.0000,-762.5000,
27/04/2018 04:45:00,678.75000,29/04/2018 19:30:00,708.75000,@S,-1,1,-1500.00,175.0000,-1487.5000,
11/05/2018 07:30:00,657.00000,16/05/2018 04:45:00,658.25000,@S,-1,1,-62.50,525.0000,-687.5000,
22/05/2018 19:15:00,675.25000,28/05/2018 23:45:00,693.25000,@S,1,1,900.00,1012.5000,-137.5000,
29/05/2018,693.25000,30/05/2018 08:45:00,663.25000,@S,1,1,-1500.00,50.0000,-1450.0000,
30/05/2018 09:00:00,663.00000,04/06/2018 05:30:00,655.75000,@S,-1,1,362.50,400.0000,-625.0000,
04/06/2018 05:45:00,655.25000,07/06/2018 03:00:00,639.75000,@S,-1,1,775.00,912.5000,-112.5000,
07/06/2018 09:00:00,635.75000,12/06/2018 05:30:00,606.25000,@S,-1,1,1475.00,1887.5000,0.0000,
12/06/2018 20:15:00,596.50000,15/06/2018 07:45:00,548.50000,@S,-1,1,2400.00,2225.0000,0.0000,
25/06/2018 09:15:00,520.50000,28/06/2018 05:45:00,510.50000,@S,-1,1,500.00,675.0000,-262.5000,
28/06/2018 19:15:00,508.25000,03/07/2018 11:00:00,490.75000,@S,-1,1,875.00,937.5000,-762.5000,
03/07/2018 12:15:00,489.00000,06/07/2018 13:15:00,519.00000,@S,-1,1,-1500.00,562.5000,-1387.5000,
23/07/2018 19:30:00,484.25000,25/07/2018 20:45:00,514.25000,@S,-1,1,-1500.00,137.5000,-1487.5000,
09/08/2018 19:30:00,526.25000,12/08/2018 19:15:00,478.25000,@S,-1,1,2400.00,2312.5000,-12.5000,
21/08/2018 19:15:00,509.50000,24/08/2018 11:00:00,482.50000,@S,-1,1,1350.00,1575.0000,-12.5000,
26/08/2018 19:30:00,473.00000,29/08/2018 11:00:00,465.00000,@S,-1,1,400.00,825.0000,-250.0000,
30/08/2018 09:00:00,455.00000,05/09/2018 05:30:00,468.25000,@S,-1,1,-662.50,87.5000,-1050.0000,
11/09/2018 09:00:00,461.25000,14/09/2018 05:30:00,460.50000,@S,-1,1,37.50,775.0000,-475.0000,
17/09/2018 19:15:00,445.50000,20/09/2018 11:00:00,458.00000,@S,-1,1,-625.00,437.5000,-662.5000,
28/09/2018 12:15:00,469.75000,03/10/2018 09:30:00,487.75000,@S,-1,1,-900.00,162.5000,-1250.0000,
04/10/2018 01:30:00,484.75000,08/10/2018 22:30:00,496.25000,@S,-1,1,-575.00,437.5000,-725.0000,
21/10/2018 19:15:00,480.25000,24/10/2018 11:00:00,476.75000,@S,-1,1,175.00,262.5000,-362.5000,
24/10/2018 13:00:00,474.75000,29/10/2018 10:15:00,465.25000,@S,-1,1,475.00,562.5000,-125.0000,
29/10/2018 10:30:00,464.00000,01/11/2018 06:45:00,460.50000,@S,-1,1,175.00,387.5000,-137.5000,
16/11/2018 10:30:00,494.00000,21/11/2018 07:15:00,490.75000,@S,-1,1,162.50,587.5000,-625.0000,
25/11/2018 21:15:00,490.75000,27/11/2018 12:30:00,490.75000,@S,-1,1,0.00,1100.0000,0.0000,
21/12/2018 09:00:00,502.25000,28/12/2018 02:00:00,484.25000,@S,-1,1,900.00,1150.0000,-37.5000,
14/01/2019 04:15:00,502.50000,17/01/2019 01:30:00,494.25000,@S,-1,1,412.50,625.0000,-212.5000,
11/02/2019 10:00:00,505.75000,14/02/2019 06:30:00,514.75000,@S,-1,1,-450.00,175.0000,-650.0000,
19/02/2019 11:15:00,497.50000,22/02/2019 07:45:00,512.50000,@S,-1,1,-750.00,275.0000,-900.0000,
25/02/2019 19:30:00,507.00000,28/02/2019 19:30:00,497.00000,@S,-1,1,500.00,600.0000,-100.0000,
01/03/2019 09:45:00,494.75000,06/03/2019 06:15:00,498.50000,@S,-1,1,-187.50,437.5000,-775.0000,
06/03/2019 19:15:00,488.25000,11/03/2019 10:45:00,477.00000,@S,-1,1,562.50,662.5000,-237.5000,
19/03/2019 12:15:00,487.00000,22/03/2019 09:30:00,491.75000,@S,-1,1,-237.50,112.5000,-525.0000,
22/03/2019 11:15:00,488.75000,27/03/2019 08:45:00,481.50000,@S,-1,1,362.50,362.5000,-250.0000,
27/03/2019 09:00:00,476.00000,01/04/2019 05:30:00,475.00000,@S,-1,1,50.00,375.0000,-112.5000,
11/04/2019 09:45:00,482.50000,16/04/2019 06:15:00,482.50000,@S,-1,1,0.00,175.0000,-250.0000,
16/04/2019 09:15:00,480.00000,22/04/2019 06:30:00,464.00000,@S,-1,1,800.00,900.0000,0.0000,
23/04/2019 02:15:00,460.50000,26/04/2019 00:15:00,440.50000,@S,-1,1,1000.00,1075.0000,-125.0000,
04/06/2019 21:15:00,447.25000,07/06/2019 12:45:00,429.50000,@S,-1,1,887.50,1000.0000,-362.5000,
07/06/2019 13:20:00,427.25000,12/06/2019 10:30:00,450.50000,@S,-1,1,-1162.50,350.0000,-1200.0000,
20/06/2019 09:45:00,486.25000,25/06/2019 19:45:00,473.50000,@S,1,1,-637.50,175.0000,-787.5000,
07/07/2019 23:30:00,449.00000,10/07/2019 20:45:00,461.25000,@S,-1,1,-612.50,487.5000,-725.0000,
12/07/2019 12:30:00,478.50000,17/07/2019 13:00:00,448.50000,@S,1,1,-1500.00,350.0000,-1400.0000,
17/07/2019 13:15:00,449.50000,22/07/2019 11:15:00,457.75000,@S,-1,1,-412.50,375.0000,-1175.0000,
25/07/2019 11:45:00,450.00000,30/07/2019 08:45:00,448.25000,@S,-1,1,87.50,150.0000,-400.0000,
30/07/2019 09:00:00,440.50000,02/08/2019 05:15:00,420.50000,@S,-1,1,1000.00,1575.0000,-425.0000,
04/08/2019 23:15:00,411.50000,07/08/2019 20:30:00,414.50000,@S,-1,1,-150.00,400.0000,-525.0000,
15/08/2019 10:15:00,424.50000,20/08/2019 06:45:00,422.50000,@S,-1,1,100.00,550.0000,-262.5000,
23/08/2019 07:30:00,413.25000,28/08/2019 04:45:00,409.00000,@S,-1,1,212.50,462.5000,-312.5000,
28/08/2019 09:00:00,404.25000,03/09/2019 05:30:00,415.75000,@S,-1,1,-575.00,137.5000,-1125.0000,
03/09/2019 06:30:00,415.00000,06/09/2019 03:45:00,413.75000,@S,-1,1,62.50,387.5000,-675.0000,
20/09/2019 12:15:00,433.00000,25/09/2019 09:30:00,437.25000,@S,-1,1,-212.50,162.5000,-762.5000,
26/09/2019 20:30:00,435.50000,01/10/2019 11:00:00,465.50000,@S,-1,1,-1500.00,250.0000,-1462.5000,
01/10/2019 19:15:00,466.25000,07/10/2019 00:15:00,466.25000,@S,1,1,0.00,200.0000,-462.5000,
08/10/2019 10:15:00,470.00000,13/10/2019 20:30:00,490.50000,@S,1,1,1025.00,1225.0000,-137.5000,
14/10/2019 19:15:00,487.75000,18/10/2019,485.25000,@S,1,1,-125.00,275.0000,-575.0000,
20/10/2019 21:30:00,487.75000,24/10/2019 02:15:00,485.25000,@S,1,1,-125.00,325.0000,-550.0000,
03/11/2019 19:15:00,469.75000,07/11/2019,462.00000,@S,1,1,-387.50,337.5000,-425.0000,
07/11/2019 12:00:00,471.00000,12/11/2019 22:30:00,452.50000,@S,1,1,-925.00,100.0000,-1087.5000,
18/11/2019 09:00:00,449.00000,21/11/2019 05:30:00,437.75000,@S,-1,1,562.50,575.0000,-112.5000,
21/11/2019 19:15:00,434.75000,26/11/2019 11:00:00,418.25000,@S,-1,1,825.00,887.5000,-150.0000,
26/11/2019 11:15:00,418.75000,03/12/2019 04:00:00,408.75000,@S,-1,1,500.00,850.0000,-150.0000,
11/12/2019 09:00:00,428.75000,16/12/2019 05:30:00,450.25000,@S,-1,1,-1075.00,312.5000,-1137.5000,
16/12/2019 19:15:00,455.50000,20/12/2019 00:15:00,459.25000,@S,1,1,187.50,487.5000,-50.0000,
23/12/2019 05:15:00,465.00000,30/12/2019 06:30:00,474.00000,@S,1,1,450.00,550.0000,-87.5000,
02/01/2020 08:45:00,481.50000,07/01/2020 13:20:00,469.75000,@S,1,1,-587.50,250.0000,-925.0000,
12/01/2020 19:30:00,474.00000,16/01/2020 00:15:00,451.50000,@S,1,1,-1125.00,0.0000,-1162.5000,
16/01/2020 19:15:00,450.00000,22/01/2020 11:00:00,443.25000,@S,-1,1,337.50,500.0000,-450.0000,
22/01/2020 11:45:00,440.50000,27/01/2020 09:00:00,414.75000,@S,-1,1,1287.50,1337.5000,-12.5000,
27/01/2020 09:15:00,417.00000,30/01/2020 05:45:00,415.00000,@S,-1,1,100.00,150.0000,-575.0000,
30/01/2020 06:00:00,414.75000,04/02/2020 03:15:00,410.25000,@S,-1,1,225.00,1025.0000,-25.0000,
06/02/2020 10:15:00,403.25000,11/02/2020 06:45:00,409.50000,@S,-1,1,-312.50,75.0000,-600.0000,
19/02/2020 06:45:00,414.00000,24/02/2020 04:00:00,406.50000,@S,-1,1,375.00,375.0000,-675.0000,
05/03/2020 19:15:00,415.00000,10/03/2020 11:00:00,395.75000,@S,-1,1,962.50,1587.5000,-50.0000,
12/03/2020 19:15:00,374.00000,17/03/2020 11:00:00,343.75000,@S,-1,1,1512.50,1837.5000,-712.5000,
26/03/2020 19:15:00,395.25000,31/03/2020 11:00:00,400.25000,@S,-1,1,-250.00,187.5000,-675.0000,
31/03/2020 21:30:00,391.25000,03/04/2020 13:15:00,368.50000,@S,-1,1,1137.50,1225.0000,-200.0000,
03/04/2020 13:20:00,370.50000,08/04/2020 10:45:00,370.75000,@S,-1,1,-12.50,287.5000,-400.0000,
08/04/2020 11:15:00,369.75000,14/04/2020 07:30:00,368.75000,@S,-1,1,50.00,150.0000,-825.0000,
14/04/2020 09:45:00,365.75000,17/04/2020 06:15:00,355.75000,@S,-1,1,500.00,712.5000,-150.0000,
17/04/2020 11:00:00,351.00000,22/04/2020 02:30:00,351.00000,@S,-1,1,0.00,1325.0000,-50.0000,
28/04/2020 02:15:00,343.50000,30/04/2020 23:30:00,359.50000,@S,-1,1,-800.00,262.5000,-1062.5000,
04/05/2020 19:15:00,346.25000,07/05/2020 11:00:00,357.00000,@S,-1,1,-537.50,300.0000,-550.0000,
12/05/2020 19:30:00,357.50000,15/05/2020 11:15:00,346.75000,@S,-1,1,537.50,687.5000,-262.5000,
21/05/2020 09:45:00,350.00000,27/05/2020 06:15:00,358.50000,@S,-1,1,-425.00,637.5000,-475.0000,
28/05/2020 09:00:00,349.50000,02/06/2020 05:30:00,352.75000,@S,-1,1,-162.50,337.5000,-412.5000,
09/06/2020 03:45:00,370.00000,12/06/2020 01:00:00,374.25000,@S,-1,1,-212.50,237.5000,-412.5000,
01/07/2020 19:15:00,408.00000,08/07/2020 01:15:00,406.25000,@S,1,1,-87.50,712.5000,-137.5000,
09/07/2020 03:00:00,412.50000,13/07/2020 11:45:00,382.50000,@S,1,1,-1500.00,337.5000,-1462.5000,
16/07/2020 09:30:00,401.00000,21/07/2020 19:45:00,403.00000,@S,1,1,100.00,537.5000,-75.0000,
23/07/2020 19:15:00,409.75000,29/07/2020,397.50000,@S,1,1,-612.50,187.5000,-850.0000,
02/08/2020 19:15:00,402.25000,06/08/2020,387.50000,@S,1,1,-737.50,362.5000,-812.5000,
16/08/2020 19:30:00,414.75000,20/08/2020 00:15:00,423.75000,@S,1,1,450.00,725.0000,-50.0000,
24/08/2020 07:45:00,421.00000,27/08/2020 13:15:00,453.50000,@S,1,1,1625.00,1875.0000,-350.0000,
27/08/2020 13:20:00,451.25000,01/09/2020 23:45:00,461.00000,@S,1,1,487.50,1262.5000,-62.5000,
03/09/2020 19:15:00,474.75000,10/09/2020,486.75000,@S,1,1,600.00,837.5000,-225.0000,
11/09/2020 01:00:00,493.25000,16/09/2020 05:45:00,505.00000,@S,1,1,587.50,1262.5000,-100.0000,
17/09/2020 19:15:00,537.75000,23/09/2020,527.25000,@S,1,1,-525.00,937.5000,-737.5000,
30/09/2020 09:30:00,510.00000,05/10/2020 19:45:00,533.25000,@S,1,1,1162.50,1737.5000,-62.5000,
05/10/2020 20:15:00,536.50000,09/10/2020 01:00:00,567.75000,@S,1,1,1562.50,2112.5000,-50.0000,
09/10/2020 11:30:00,581.50000,12/10/2020 09:45:00,551.50000,@S,1,1,-1500.00,137.5000,-1462.5000,
13/10/2020 19:30:00,556.75000,19/10/2020 00:15:00,558.50000,@S,1,1,87.50,1187.5000,-487.5000,
20/10/2020 01:00:00,569.50000,23/10/2020 05:45:00,584.00000,@S,1,1,725.00,1275.0000,-225.0000,
27/10/2020 09:00:00,602.25000,28/10/2020 07:30:00,572.25000,@S,1,1,-1500.00,75.0000,-1437.5000,
29/10/2020 22:15:00,574.75000,04/11/2020 03:00:00,576.25000,@S,1,1,75.00,575.0000,-712.5000,
05/11/2020 19:15:00,618.00000,10/11/2020 12:30:00,666.00000,@S,1,1,2400.00,2350.0000,-212.5000,
13/11/2020 09:00:00,671.25000,18/11/2020 19:15:00,689.50000,@S,1,1,912.50,1700.0000,-587.5000,
19/11/2020 19:30:00,699.25000,25/11/2020 00:15:00,707.75000,@S,1,1,425.00,812.5000,-487.5000,
29/11/2020 19:30:00,713.50000,30/11/2020 13:15:00,683.50000,@S,1,1,-1500.00,37.5000,-1450.0000,
03/12/2020 19:15:00,683.50000,09/12/2020,664.75000,@S,1,1,-937.50,225.0000,-1262.5000,
09/12/2020 19:30:00,680.75000,15/12/2020 00:15:00,680.25000,@S,1,1,-25.00,637.5000,-750.0000,
17/12/2020 12:00:00,716.50000,21/12/2020 20:45:00,764.50000,@S,1,1,2400.00,2375.0000,-250.0000,
22/12/2020 19:15:00,763.75000,28/12/2020 08:45:00,763.75000,@S,1,1,0.00,1562.5000,-387.5000,
30/12/2020 19:45:00,822.00000,04/01/2021 12:00:00,822.00000,@S,1,1,0.00,2050.0000,-100.0000,
08/01/2021 06:00:00,884.00000,12/01/2021 11:00:00,884.00000,@S,1,1,0.00,1200.0000,-825.0000,
12/01/2021 11:30:00,930.75000,18/01/2021 20:00:00,900.75000,@S,1,1,-1500.00,962.5000,-825.0000,
21/01/2021 07:00:00,899.25000,21/01/2021 19:15:00,869.25000,@S,1,1,-1500.00,62.5000,-1462.5000,
26/01/2021 06:15:00,867.25000,28/01/2021 10:00:00,867.25000,@S,1,1,0.00,2050.0000,-100.0000,
31/01/2021 19:45:00,890.75000,02/02/2021 07:15:00,860.75000,@S,1,1,-1500.00,287.5000,-1487.5000,
03/02/2021 20:45:00,886.50000,09/02/2021 01:30:00,916.25000,@S,1,1,1487.50,1600.0000,-425.0000,
15/02/2021 19:30:00,904.75000,19/02/2021 00:15:00,887.25000,@S,1,1,-875.00,87.5000,-1237.5000,
22/02/2021 21:00:00,903.25000,25/02/2021 03:15:00,951.25000,@S,1,1,2400.00,2375.0000,-25.0000,
25/02/2021 03:30:00,952.75000,25/02/2021 08:45:00,922.75000,@S,1,1,-1500.00,200.0000,-1487.5000,
28/02/2021 19:30:00,928.50000,01/03/2021 19:15:00,898.50000,@S,1,1,-1500.00,225.0000,-1400.0000,
04/03/2021 09:00:00,935.00000,09/03/2021 11:15:00,935.00000,@S,1,1,0.00,1800.0000,-1037.5000,
15/03/2021 19:15:00,931.00000,18/03/2021 19:15:00,901.00000,@S,1,1,-1500.00,262.5000,-1475.0000,
22/03/2021 13:00:00,931.25000,25/03/2021 23:15:00,923.00000,@S,1,1,-412.50,737.5000,-487.5000,
06/04/2021 06:45:00,934.75000,09/04/2021 12:15:00,918.75000,@S,1,1,-800.00,362.5000,-1150.0000,
14/04/2021 06:00:00,910.25000,19/04/2021 04:00:00,958.25000,@S,1,1,2400.00,2350.0000,-100.0000,
21/04/2021 19:15:00,1009.75000,23/04/2021 11:00:00,1057.75000,@S,1,1,2400.00,2212.5000,-25.0000,
25/04/2021 19:30:00,1066.50000,27/04/2021 05:45:00,1114.50000,@S,1,1,2400.00,2350.0000,-750.0000,
30/04/2021 12:45:00,1069.25000,03/05/2021 10:15:00,1069.25000,@S,1,1,0.00,1775.0000,-262.5000,
05/05/2021 22:15:00,1096.50000,11/05/2021 03:00:00,1126.00000,@S,1,1,1475.00,2212.5000,-212.5000,
11/05/2021 06:00:00,1135.50000,12/05/2021 00:15:00,1183.50000,@S,1,1,2400.00,2375.0000,-100.0000,
18/05/2021 02:45:00,1144.75000,18/05/2021 11:15:00,1114.75000,@S,1,1,-1500.00,37.5000,-1362.5000,
24/05/2021 19:30:00,1067.75000,26/05/2021 08:45:00,1037.75000,@S,1,1,-1500.00,587.5000,-1375.0000,
27/05/2021 10:30:00,1067.50000,28/05/2021 07:15:00,1067.50000,@S,1,1,0.00,1475.0000,-125.0000,
01/06/2021 07:45:00,1097.25000,01/06/2021 10:00:00,1097.25000,@S,1,1,0.00,1125.0000,-100.0000,
02/06/2021 19:30:00,1113.75000,06/06/2021 19:15:00,1161.75000,@S,1,1,2400.00,2350.0000,-1450.0000,
06/06/2021 19:30:00,1153.75000,07/06/2021 11:00:00,1123.75000,@S,1,1,-1500.00,125.0000,-1487.5000,
16/06/2021 19:15:00,984.25000,17/06/2021 11:00:00,936.25000,@S,-1,1,2400.00,2100.0000,-350.0000,
17/06/2021 11:15:00,928.00000,17/06/2021 13:00:00,880.00000,@S,-1,1,2400.00,2075.0000,-350.0000,
17/06/2021 13:15:00,876.00000,17/06/2021 20:45:00,906.00000,@S,-1,1,-1500.00,562.5000,-1475.0000,
21/06/2021 10:15:00,950.50000,23/06/2021 19:15:00,920.50000,@S,1,1,-1500.00,900.0000,-1437.5000,
24/06/2021 19:15:00,910.75000,28/06/2021 10:45:00,910.75000,@S,-1,1,0.00,2187.5000,-762.5000,
30/06/2021 11:30:00,997.00000,01/07/2021 12:15:00,997.00000,@S,1,1,0.00,1362.5000,-987.5000,
06/07/2021 09:00:00,944.25000,07/07/2021 05:00:00,944.25000,@S,-1,1,0.00,2125.0000,-25.0000,
11/07/2021 19:45:00,935.25000,14/07/2021 09:00:00,983.25000,@S,1,1,2400.00,2350.0000,-350.0000,
14/07/2021 09:15:00,974.75000,19/07/2021 09:15:00,974.75000,@S,1,1,0.00,2225.0000,-387.5000,
19/07/2021 09:30:00,976.00000,20/07/2021 09:00:00,1006.00000,@S,-1,1,-1500.00,175.0000,-1462.5000,
21/07/2021 23:00:00,976.00000,26/07/2021 20:15:00,969.75000,@S,-1,1,312.50,2137.5000,-150.0000,
28/07/2021 03:00:00,955.25000,02/08/2021 00:15:00,948.50000,@S,-1,1,337.50,550.0000,-1337.5000,
02/08/2021 03:15:00,941.75000,05/08/2021 00:30:00,926.00000,@S,-1,1,787.50,1587.5000,-925.0000,
05/08/2021 09:00:00,934.00000,10/08/2021 19:15:00,937.75000,@S,1,1,187.50,725.0000,-475.0000,
11/08/2021,946.25000,12/08/2021 12:15:00,946.25000,@S,1,1,0.00,1225.0000,-1100.0000,
15/08/2021 20:15:00,968.25000,19/08/2021 01:00:00,947.25000,@S,1,1,-1050.00,637.5000,-1187.5000,
19/08/2021 01:15:00,947.75000,20/08/2021 12:00:00,899.75000,@S,-1,1,2400.00,2225.0000,-87.5000,
24/08/2021 03:15:00,911.00000,27/08/2021 08:45:00,918.00000,@S,1,1,350.00,1487.5000,-350.0000,
27/08/2021 09:00:00,912.50000,01/09/2021 05:30:00,885.75000,@S,-1,1,1337.50,1412.5000,-1250.0000,
08/09/2021 09:00:00,876.00000,13/09/2021 05:30:00,885.00000,@S,-1,1,-450.00,600.0000,-1262.5000,
16/09/2021 21:45:00,891.50000,21/09/2021 13:20:00,875.25000,@S,-1,1,812.50,1637.5000,-125.0000,
27/09/2021 20:45:00,882.50000,30/09/2021 12:30:00,852.25000,@S,-1,1,1512.50,1612.5000,-687.5000,
30/09/2021 12:45:00,852.50000,05/10/2021 10:00:00,847.25000,@S,-1,1,262.50,1012.5000,-550.0000,
27/10/2021 03:30:00,830.50000,01/11/2021 00:45:00,836.00000,@S,-1,1,-275.00,137.5000,-1375.0000,
03/11/2021 10:30:00,834.25000,08/11/2021 07:00:00,794.00000,@S,-1,1,2012.50,2025.0000,-250.0000,
26/11/2021 09:00:00,836.50000,01/12/2021 06:45:00,819.00000,@S,-1,1,875.00,1525.0000,-1187.5000,
13/12/2021 06:00:00,850.50000,14/12/2021 10:30:00,850.50000,@S,-1,1,0.00,1062.5000,-200.0000,
21/12/2021 09:15:00,894.50000,27/12/2021 09:00:00,942.50000,@S,1,1,2400.00,2387.5000,-37.5000,
27/12/2021 09:15:00,942.75000,29/12/2021 06:15:00,942.75000,@S,1,1,0.00,1237.5000,-125.0000,
02/01/2022 19:30:00,933.75000,05/01/2022 10:00:00,981.75000,@S,1,1,2400.00,2387.5000,-437.5000,
05/01/2022 19:15:00,973.50000,10/01/2022 09:30:00,973.50000,@S,1,1,0.00,1225.0000,-1025.0000,
12/01/2022 12:15:00,979.50000,13/01/2022 19:30:00,949.50000,@S,1,1,-1500.00,225.0000,-1475.0000,
26/01/2022 09:00:00,1002.25000,28/01/2022 08:45:00,1050.25000,@S,1,1,2400.00,2337.5000,-425.0000,
28/01/2022 09:00:00,1056.25000,01/02/2022 09:30:00,1104.25000,@S,1,1,2400.00,2287.5000,-412.5000,
01/02/2022 09:45:00,1105.00000,06/02/2022 19:15:00,1154.00000,@S,1,1,2450.00,2450.0000,-12.5000,
06/02/2022 19:30:00,1155.50000,10/02/2022 00:15:00,1187.50000,@S,1,1,1600.00,1825.0000,-675.0000,
16/02/2022 10:00:00,1160.75000,21/02/2022 21:00:00,1208.75000,@S,1,1,2400.00,2400.0000,-125.0000,
21/02/2022 21:15:00,1208.25000,23/02/2022 12:45:00,1256.25000,@S,1,1,2400.00,2387.5000,-1150.0000,
28/02/2022 19:45:00,1247.25000,01/03/2022 22:30:00,1247.25000,@S,1,1,0.00,1862.5000,-162.5000,
03/03/2022 02:15:00,1284.50000,03/03/2022 06:15:00,1254.50000,@S,1,1,-1500.00,0.0000,-1475.0000,
08/03/2022 13:00:00,1285.50000,09/03/2022 07:15:00,1285.50000,@S,1,1,0.00,1775.0000,-612.5000,
17/03/2022 21:00:00,1270.25000,18/03/2022 09:45:00,1240.25000,@S,1,1,-1500.00,287.5000,-1400.0000,
23/03/2022 09:00:00,1313.25000,24/03/2022 22:30:00,1283.25000,@S,1,1,-1500.00,512.5000,-1475.0000,
04/04/2022 19:30:00,1193.00000,08/04/2022 00:15:00,1237.25000,@S,1,1,2212.50,2375.0000,-50.0000,
17/04/2022 19:30:00,1282.25000,20/04/2022 11:45:00,1330.25000,@S,1,1,2400.00,2012.5000,-337.5000,
20/04/2022 12:00:00,1331.50000,22/04/2022 12:45:00,1301.50000,@S,1,1,-1500.00,650.0000,-1312.5000,
27/04/2022 11:30:00,1313.75000,02/05/2022 08:45:00,1283.75000,@S,1,1,-1500.00,575.0000,-1450.0000,
04/05/2022 19:30:00,1272.25000,06/05/2022 09:00:00,1242.25000,@S,1,1,-1500.00,762.5000,-1387.5000,
09/05/2022 10:45:00,1200.75000,11/05/2022 08:45:00,1230.75000,@S,-1,1,-1500.00,112.5000,-1300.0000,
11/05/2022 09:00:00,1233.00000,15/05/2022 19:15:00,1281.00000,@S,1,1,2400.00,2250.0000,-1112.5000,
16/05/2022 19:15:00,1275.50000,20/05/2022,1313.00000,@S,1,1,1875.00,2100.0000,-487.5000,
22/05/2022 19:15:00,1326.50000,23/05/2022 20:15:00,1296.50000,@S,1,1,-1500.00,700.0000,-1375.0000,
31/05/2022 01:30:00,1365.50000,31/05/2022 10:00:00,1335.50000,@S,1,1,-1500.00,212.5000,-1275.0000,
02/06/2022 09:00:00,1336.75000,03/06/2022 07:45:00,1336.75000,@S,1,1,0.00,1225.0000,-75.0000,
07/06/2022 10:15:00,1346.00000,09/06/2022 09:45:00,1394.00000,@S,1,1,2400.00,2300.0000,-387.5000,
09/06/2022 10:00:00,1392.50000,12/06/2022 19:15:00,1362.50000,@S,1,1,-1500.00,600.0000,-1462.5000,
15/06/2022 20:00:00,1326.50000,21/06/2022 07:00:00,1296.50000,@S,1,1,-1500.00,925.0000,-1450.0000,
22/06/2022 12:30:00,1269.75000,23/06/2022 09:15:00,1221.75000,@S,-1,1,2400.00,2150.0000,-312.5000,
23/06/2022 09:30:00,1226.50000,24/06/2022 08:45:00,1226.50000,@S,-1,1,0.00,1150.0000,-62.5000,
27/06/2022 04:45:00,1241.75000,29/06/2022 04:45:00,1289.75000,@S,1,1,2400.00,2400.0000,-1062.5000,
29/06/2022 05:00:00,1289.25000,30/06/2022 11:15:00,1289.25000,@S,1,1,0.00,1837.5000,-975.0000,
30/06/2022 12:00:00,1306.00000,30/06/2022 13:15:00,1276.00000,@S,1,1,-1500.00,200.0000,-1137.5000,
06/07/2022 20:00:00,1160.25000,08/07/2022 10:30:00,1208.25000,@S,1,1,2400.00,2387.5000,-837.5000,
10/07/2022 19:15:00,1239.00000,12/07/2022 03:15:00,1209.00000,@S,1,1,-1500.00,887.5000,-1425.0000,
12/07/2022 03:30:00,1206.00000,12/07/2022 12:00:00,1158.00000,@S,-1,1,2400.00,2362.5000,-112.5000,
12/07/2022 12:15:00,1158.75000,13/07/2022 08:45:00,1158.75000,@S,-1,1,0.00,1237.5000,-475.0000,
13/07/2022 22:00:00,1181.50000,14/07/2022 06:00:00,1151.50000,@S,1,1,-1500.00,112.5000,-1362.5000,
17/07/2022 22:45:00,1177.00000,19/07/2022 05:45:00,1177.00000,@S,1,1,0.00,1712.5000,-37.5000,
19/07/2022 21:00:00,1156.75000,21/07/2022 20:30:00,1108.75000,@S,-1,1,2400.00,2400.0000,-712.5000,
21/07/2022 20:45:00,1110.00000,22/07/2022 09:15:00,1140.00000,@S,-1,1,-1500.00,87.5000,-1325.0000,
25/07/2022 11:00:00,1161.25000,27/07/2022 04:00:00,1209.25000,@S,1,1,2400.00,2325.0000,-200.0000,
28/07/2022 19:15:00,1258.75000,29/07/2022 10:00:00,1306.75000,@S,1,1,2400.00,2325.0000,-250.0000,
29/07/2022 10:15:00,1297.25000,31/07/2022 22:30:00,1267.25000,@S,1,1,-1500.00,112.5000,-1400.0000,
09/08/2022 05:00:00,1239.25000,10/08/2022 19:45:00,1239.25000,@S,1,1,0.00,1687.5000,0.0000,
15/08/2022 05:15:00,1231.50000,15/08/2022 11:15:00,1231.50000,@S,-1,1,0.00,1362.5000,-175.0000,
15/08/2022 11:45:00,1233.25000,18/08/2022 09:00:00,1198.25000,@S,-1,1,1750.00,1950.0000,-237.5000,
18/08/2022 10:15:00,1218.75000,22/08/2022 20:45:00,1266.75000,@S,1,1,2400.00,2412.5000,-712.5000,
23/08/2022 19:15:00,1279.75000,24/08/2022 09:45:00,1279.75000,@S,1,1,0.00,1150.0000,-162.5000,
29/08/2022 22:00:00,1236.25000,01/09/2022 19:15:00,1213.25000,@S,-1,1,1150.00,1400.0000,-1225.0000,
06/09/2022 19:30:00,1210.25000,07/09/2022 09:30:00,1240.25000,@S,-1,1,-1500.00,400.0000,-1400.0000,
07/09/2022 11:45:00,1209.25000,12/09/2022 08:45:00,1239.25000,@S,-1,1,-1500.00,900.0000,-1437.5000,
18/09/2022 20:45:00,1274.75000,21/09/2022 19:15:00,1274.75000,@S,1,1,0.00,1612.5000,-912.5000,
23/09/2022 09:00:00,1242.00000,28/09/2022 05:30:00,1216.00000,@S,-1,1,1300.00,1575.0000,-675.0000,
28/09/2022 05:45:00,1216.50000,03/10/2022 03:00:00,1187.75000,@S,-1,1,1437.50,1800.0000,-1375.0000,
04/10/2022 03:15:00,1196.50000,07/10/2022 08:45:00,1172.50000,@S,1,1,-1200.00,837.5000,-1412.5000,
09/10/2022 20:15:00,1198.00000,13/10/2022 01:00:00,1211.25000,@S,1,1,662.50,1712.5000,-725.0000,
13/10/2022 21:30:00,1225.50000,16/10/2022 22:30:00,1195.50000,@S,1,1,-1500.00,137.5000,-1362.5000,
18/10/2022 09:45:00,1188.50000,21/10/2022 06:15:00,1201.00000,@S,-1,1,-625.00,662.5000,-1312.5000,
24/10/2022 09:00:00,1189.50000,27/10/2022 06:00:00,1205.25000,@S,-1,1,-787.50,262.5000,-1325.0000,
27/10/2022 22:15:00,1195.00000,30/10/2022 19:15:00,1225.00000,@S,-1,1,-1500.00,375.0000,-1350.0000,
02/11/2022 19:15:00,1260.00000,08/11/2022,1254.00000,@S,1,1,-300.00,800.0000,-1250.0000,
09/11/2022 12:00:00,1262.00000,10/11/2022 11:45:00,1232.00000,@S,1,1,-1500.00,212.5000,-1475.0000,
15/11/2022 13:00:00,1262.75000,16/11/2022 12:15:00,1232.75000,@S,1,1,-1500.00,212.5000,-1462.5000,
17/11/2022 03:15:00,1225.75000,22/11/2022 00:30:00,1240.75000,@S,-1,1,-750.00,600.0000,-1000.0000,
23/11/2022 10:15:00,1230.75000,28/11/2022 11:15:00,1260.75000,@S,-1,1,-1500.00,62.5000,-1487.5000,
28/11/2022 11:30:00,1262.00000,01/12/2022 05:00:00,1262.00000,@S,1,1,0.00,1175.0000,-300.0000,
01/12/2022 11:15:00,1235.25000,06/12/2022 07:45:00,1261.00000,@S,-1,1,-1287.50,150.0000,-1425.0000,
06/12/2022 09:00:00,1275.75000,11/12/2022 19:15:00,1290.50000,@S,1,1,737.50,1200.0000,-937.5000,
20/12/2022 09:00:00,1286.50000,27/12/2022 08:45:00,1297.00000,@S,1,1,525.00,525.0000,-800.0000,
27/12/2022 09:00:00,1319.75000,27/12/2022 11:00:00,1289.75000,@S,1,1,-1500.00,200.0000,-1412.5000,
27/12/2022 11:45:00,1292.25000,03/01/2023 11:30:00,1294.25000,@S,1,1,100.00,2275.0000,-350.0000,
06/01/2023 11:00:00,1293.00000,11/01/2023 21:15:00,1305.25000,@S,1,1,612.50,725.0000,-937.5000,
11/01/2023 21:30:00,1304.25000,18/01/2023 02:15:00,1346.75000,@S,1,1,2125.00,2225.0000,-400.0000,
26/01/2023 19:15:00,1322.00000,01/02/2023,1338.00000,@S,1,1,800.00,1100.0000,-762.5000,
03/02/2023 05:15:00,1338.00000,08/02/2023 10:45:00,1321.50000,@S,1,1,-825.00,100.0000,-1337.5000,
10/02/2023 10:00:00,1337.25000,15/02/2023 20:15:00,1328.00000,@S,1,1,-462.50,925.0000,-1025.0000,
16/02/2023 21:15:00,1333.50000,23/02/2023 02:00:00,1340.00000,@S,1,1,325.00,1037.5000,-450.0000,
28/02/2023 09:00:00,1296.00000,03/03/2023 05:30:00,1320.00000,@S,-1,1,-1200.00,550.0000,-1300.0000,
05/03/2023 19:15:00,1327.25000,09/03/2023,1327.50000,@S,1,1,12.50,925.0000,-462.5000,
13/03/2023 19:15:00,1297.25000,16/03/2023 11:00:00,1292.75000,@S,-1,1,225.00,600.0000,-500.0000,
17/03/2023 10:15:00,1283.00000,22/03/2023 06:45:00,1266.75000,@S,-1,1,812.50,887.5000,-1062.5000,
28/03/2023 10:00:00,1267.00000,31/03/2023 11:15:00,1315.00000,@S,1,1,2400.00,1850.0000,-250.0000,
31/03/2023 11:30:00,1311.25000,05/04/2023 21:45:00,1317.00000,@S,1,1,287.50,1187.5000,-275.0000,
06/04/2023 09:00:00,1292.75000,12/04/2023 05:30:00,1303.50000,@S,-1,1,-537.50,150.0000,-1100.0000,
12/04/2023 20:45:00,1318.00000,18/04/2023 01:30:00,1334.00000,@S,1,1,800.00,812.5000,-1037.5000,
20/04/2023 09:45:00,1296.25000,25/04/2023 06:30:00,1272.75000,@S,-1,1,1175.00,1362.5000,-550.0000,
01/05/2023 23:15:00,1272.25000,02/05/2023 19:15:00,1242.25000,@S,1,1,-1500.00,137.5000,-1475.0000,
05/05/2023 09:30:00,1270.75000,10/05/2023 05:00:00,1240.75000,@S,1,1,-1500.00,550.0000,-1487.5000,
10/05/2023 05:15:00,1241.00000,11/05/2023 09:45:00,1241.00000,@S,-1,1,0.00,1037.5000,-612.5000,
30/05/2023,1156.75000,31/05/2023 07:15:00,1108.75000,@S,-1,1,2400.00,2400.0000,-237.5000,
31/05/2023 07:30:00,1107.75000,31/05/2023 13:15:00,1137.75000,@S,-1,1,-1500.00,100.0000,-1337.5000,
15/06/2023 09:45:00,1251.50000,16/06/2023 09:45:00,1299.50000,@S,1,1,2400.00,2287.5000,-225.0000,
19/06/2023 19:15:00,1307.75000,21/06/2023 09:30:00,1355.75000,@S,1,1,2400.00,2312.5000,-650.0000,
21/06/2023 09:45:00,1353.75000,22/06/2023 07:30:00,1323.75000,@S,1,1,-1500.00,50.0000,-1450.0000,
26/06/2023 04:00:00,1335.50000,27/06/2023 04:15:00,1335.50000,@S,1,1,0.00,1225.0000,-200.0000,
29/06/2023 20:30:00,1312.75000,30/06/2023 11:15:00,1360.75000,@S,1,1,2400.00,1000.0000,-12.5000,
30/06/2023 11:30:00,1368.75000,03/07/2023 01:15:00,1416.75000,@S,1,1,2400.00,2400.0000,-62.5000,
05/07/2023 08:45:00,1399.75000,06/07/2023 11:00:00,1369.75000,@S,1,1,-1500.00,737.5000,-1437.5000,
10/07/2023 09:45:00,1382.50000,12/07/2023 11:15:00,1382.50000,@S,1,1,0.00,1562.5000,-212.5000,
13/07/2023 22:15:00,1407.75000,19/07/2023 03:00:00,1444.75000,@S,1,1,1850.00,1850.0000,-850.0000,
27/07/2023,1465.00000,27/07/2023 11:15:00,1435.00000,@S,1,1,-1500.00,137.5000,-1412.5000,
01/08/2023 19:30:00,1381.00000,02/08/2023 08:45:00,1351.00000,@S,1,1,-1500.00,437.5000,-1462.5000,
04/08/2023 01:30:00,1374.50000,06/08/2023 23:45:00,1344.50000,@S,1,1,-1500.00,350.0000,-1487.5000,
08/08/2023 03:00:00,1325.50000,09/08/2023 01:15:00,1355.50000,@S,-1,1,-1500.00,375.0000,-1487.5000,
09/08/2023 01:30:00,1357.50000,14/08/2023 06:15:00,1355.00000,@S,1,1,-125.00,812.5000,-1212.5000,
15/08/2023 01:30:00,1366.00000,18/08/2023 06:15:00,1378.50000,@S,1,1,625.00,975.0000,-1362.5000,
18/08/2023 06:30:00,1379.75000,22/08/2023 10:15:00,1379.75000,@S,1,1,0.00,1850.0000,-50.0000,
23/08/2023 19:30:00,1404.50000,29/08/2023,1435.50000,@S,1,1,1550.00,2037.5000,-612.5000,
06/09/2023 05:30:00,1413.50000,11/09/2023 11:00:00,1404.75000,@S,1,1,-437.50,350.0000,-1262.5000,
11/09/2023 11:15:00,1405.00000,13/09/2023 08:45:00,1375.00000,@S,1,1,-1500.00,200.0000,-1425.0000,
13/09/2023 19:30:00,1388.75000,18/09/2023 09:15:00,1358.75000,@S,1,1,-1500.00,737.5000,-1475.0000,
20/09/2023 11:30:00,1357.75000,24/09/2023 20:15:00,1327.75000,@S,1,1,-1500.00,37.5000,-1475.0000,
28/09/2023 04:30:00,1332.75000,03/10/2023 01:45:00,1305.00000,@S,-1,1,1387.50,1562.5000,-425.0000,
03/10/2023 06:45:00,1299.75000,06/10/2023 04:00:00,1320.25000,@S,-1,1,-1025.00,362.5000,-1125.0000,
16/10/2023 20:00:00,1325.00000,20/10/2023 00:45:00,1349.75000,@S,1,1,1237.50,1462.5000,-150.0000,
22/10/2023 19:30:00,1334.75000,25/10/2023 11:15:00,1324.75000,@S,-1,1,500.00,1050.0000,-175.0000,
26/10/2023 10:45:00,1313.25000,29/10/2023 21:45:00,1343.25000,@S,-1,1,-1500.00,0.0000,-1487.5000,
01/11/2023 19:45:00,1334.50000,06/11/2023 02:45:00,1382.50000,@S,1,1,2400.00,2387.5000,-125.0000,
06/11/2023 19:15:00,1377.25000,09/11/2023 07:30:00,1377.25000,@S,1,1,0.00,1112.5000,-275.0000,
12/11/2023 19:30:00,1370.25000,16/11/2023 00:15:00,1398.50000,@S,1,1,1412.50,2162.5000,-250.0000,
20/11/2023 12:45:00,1379.00000,22/11/2023 02:30:00,1379.00000,@S,1,1,0.00,1262.5000,-50.0000,
28/11/2023 06:30:00,1354.50000,01/12/2023 12:00:00,1350.25000,@S,1,1,-212.50,625.0000,-675.0000,
01/12/2023 12:15:00,1350.50000,06/12/2023 09:30:00,1313.75000,@S,-1,1,1837.50,2075.0000,-25.0000,
15/12/2023 03:15:00,1335.25000,20/12/2023 07:45:00,1328.25000,@S,1,1,-350.00,425.0000,-812.5000,
20/12/2023 12:00:00,1322.75000,27/12/2023 03:45:00,1326.00000,@S,-1,1,-162.50,687.5000,-337.5000,
28/12/2023 08:45:00,1332.50000,02/01/2024 08:45:00,1299.75000,@S,1,1,-1637.50,212.5000,-1637.5000,
02/01/2024 09:00:00,1286.25000,05/01/2024 05:30:00,1274.25000,@S,-1,1,600.00,662.5000,-187.5000,
07/01/2024 19:15:00,1267.25000,10/01/2024 11:00:00,1254.75000,@S,-1,1,625.00,1200.0000,-150.0000,
12/01/2024 11:30:00,1218.50000,18/01/2024 08:45:00,1214.75000,@S,-1,1,187.50,312.5000,-1425.0000,
25/01/2024 09:00:00,1238.25000,30/01/2024 05:30:00,1202.00000,@S,-1,1,1812.50,2062.5000,-212.5000,
07/02/2024 19:15:00,1196.25000,12/02/2024 11:00:00,1205.25000,@S,-1,1,-450.00,325.0000,-887.5000,
13/02/2024 19:30:00,1190.50000,16/02/2024 11:15:00,1179.75000,@S,-1,1,537.50,1050.0000,-437.5000,
21/02/2024 02:45:00,1182.75000,26/02/2024 00:15:00,1144.25000,@S,-1,1,1925.00,2162.5000,-37.5000,
